[INFO] Scanning for projects...
[WARNING] 
[WARNING] Some problems were encountered while building the effective model for com.douyouqu.boot:dyq-dependencies:pom:2.4.1-jdk17-SNAPSHOT
[WARNING] 'dependencyManagement.dependencies.dependency.(groupId:artifactId:type:classifier)' must be unique: com.aliyun:aliyun-java-sdk-core:jar -> version 4.6.3 vs 3.7.1 @ com.douyouqu.boot:dyq-dependencies:${revision}, /mnt/e/code/dyq/dyq-dependencies/pom.xml, line 194, column 25
[WARNING] 'dependencyManagement.dependencies.dependency.(groupId:artifactId:type:classifier)' must be unique: com.alibaba:fastjson:jar -> version 1.2.83 vs ${fastjson.version} @ com.douyouqu.boot:dyq-dependencies:${revision}, /mnt/e/code/dyq/dyq-dependencies/pom.xml, line 995, column 25
[WARNING] 'dependencyManagement.dependencies.dependency.(groupId:artifactId:type:classifier)' must be unique: commons-fileupload:commons-fileupload:jar -> version (?) vs ${commons-fileupload.version} @ com.douyouqu.boot:dyq-dependencies:${revision}, /mnt/e/code/dyq/dyq-dependencies/pom.xml, line 1239, column 25
[WARNING] 'dependencyManagement.dependencies.dependency.(groupId:artifactId:type:classifier)' must be unique: dom4j:dom4j:jar -> duplicate declaration of version ${dom4j.version} @ com.douyouqu.boot:dyq-dependencies:${revision}, /mnt/e/code/dyq/dyq-dependencies/pom.xml, line 1248, column 25
[WARNING] 
[WARNING] Some problems were encountered while building the effective model for com.douyouqu.boot:dyq-spring-boot-starter-pixverse:jar:2.4.1-jdk17-SNAPSHOT
[WARNING] 'dependencies.dependency.(groupId:artifactId:type:classifier)' must be unique: org.springframework.boot:spring-boot-autoconfigure:jar -> duplicate declaration of version (?) @ com.douyouqu.boot:dyq-spring-boot-starter-pixverse:${revision}, /mnt/e/code/dyq/dyq-framework/dyq-spring-boot-starter-pixverse/pom.xml, line 34, column 21
[WARNING] 'dependencies.dependency.(groupId:artifactId:type:classifier)' must be unique: org.springframework.boot:spring-boot-starter-webflux:jar -> duplicate declaration of version (?) @ com.douyouqu.boot:dyq-spring-boot-starter-pixverse:${revision}, /mnt/e/code/dyq/dyq-framework/dyq-spring-boot-starter-pixverse/pom.xml, line 38, column 21
[WARNING] 
[WARNING] Some problems were encountered while building the effective model for com.douyouqu.boot:dyq-module-aigc-biz:jar:2.4.1-jdk17-SNAPSHOT
[WARNING] 'dependencies.dependency.version' for org.testng:testng:jar is either LATEST or RELEASE (both of them are being deprecated) @ com.douyouqu.boot:dyq-module-aigc-biz:${revision}, /mnt/e/code/dyq/dyq-module-aigc/dyq-module-aigc-biz/pom.xml, line 168, column 22
[WARNING] 
[WARNING] Some problems were encountered while building the effective model for com.douyouqu.boot:dyq-module-cloudphone-biz:jar:2.4.1-jdk17-SNAPSHOT
[WARNING] 'dependencies.dependency.(groupId:artifactId:type:classifier)' must be unique: com.douyouqu.boot:dyq-spring-boot-starter-brightdata:jar -> duplicate declaration of version (?) @ com.douyouqu.boot:dyq-module-cloudphone-biz:${revision}, /mnt/e/code/dyq/dyq-module-cloudphone/dyq-module-cloudphone-biz/pom.xml, line 193, column 21
[WARNING] 
[WARNING] Some problems were encountered while building the effective model for com.douyouqu.boot:dyq-module-proxy-biz:jar:2.4.1-jdk17-SNAPSHOT
[WARNING] 'dependencies.dependency.(groupId:artifactId:type:classifier)' must be unique: com.douyouqu.boot:dyq-module-credential-api:jar -> version ${revision} vs (?) @ com.douyouqu.boot:dyq-module-proxy-biz:${revision}, /mnt/e/code/dyq/dyq-module-proxy/dyq-module-proxy-biz/pom.xml, line 109, column 21
[WARNING] 
[WARNING] It is highly recommended to fix these problems because they threaten the stability of your build.
[WARNING] 
[WARNING] For this reason, future Maven versions might no longer support building such malformed projects.
[WARNING] 
[INFO] 
[INFO] Using the MultiThreadedBuilder implementation with a thread count of 24
[INFO] 
[INFO] --------------------< com.douyouqu.boot:dyq-server >--------------------
[INFO] Building dyq-server 2.4.1-jdk17-SNAPSHOT
[INFO]   from pom.xml
[INFO] --------------------------------[ jar ]---------------------------------
[INFO] 
[INFO] >>> spring-boot:3.4.1:run (default-cli) > test-compile @ dyq-server >>>
[INFO] 
[INFO] --- resources:3.3.1:resources (default-resources) @ dyq-server ---
[INFO] Copying 20 resources from src/main/resources to target/classes
[INFO] 
[INFO] --- flatten:1.6.0:flatten (flatten) @ dyq-server ---
[INFO] Generating flattened POM of project com.douyouqu.boot:dyq-server:jar:2.4.1-jdk17-SNAPSHOT...
[INFO] 
[INFO] --- compiler:3.11.0:compile (default-compile) @ dyq-server ---
[INFO] Nothing to compile - all classes are up to date
[INFO] 
[INFO] --- resources:3.3.1:testResources (default-testResources) @ dyq-server ---
[INFO] Not copying test resources
[INFO] 
[INFO] --- compiler:3.11.0:testCompile (default-testCompile) @ dyq-server ---
[INFO] Not compiling test sources
[INFO] 
[INFO] <<< spring-boot:3.4.1:run (default-cli) < test-compile @ dyq-server <<<
[INFO] 
[INFO] 
[INFO] --- spring-boot:3.4.1:run (default-cli) @ dyq-server ---
[INFO] Attaching agents: []
SLF4J(W): Class path contains multiple SLF4J providers.
SLF4J(W): Found provider [ch.qos.logback.classic.spi.LogbackServiceProvider@481a996b]
SLF4J(W): Found provider [org.slf4j.simple.SimpleServiceProvider@3d51f06e]
SLF4J(W): Found provider [org.slf4j.reload4j.Reload4jServiceProvider@7ed7259e]
SLF4J(W): Found provider [org.apache.logging.slf4j.SLF4JServiceProvider@28eaa59a]
SLF4J(W): See https://www.slf4j.org/codes.html#multiple_bindings for an explanation.
SLF4J(I): Actual provider is of type [ch.qos.logback.classic.spi.LogbackServiceProvider@481a996b]
2026-06-07 15:19:20.566 | [34m INFO 1721739[0;39m | [1;33mmain [TID: N/A][0;39m [1;36m[][0;39m [1;32mc.a.nacos.client.logging.NacosLogging   [0;39m [1;35m(NacosLogging.java:52)[0;39m 
 Nacos Logging Adapter Builder: com.alibaba.nacos.logger.adapter.logback12.LogbackNacosLoggingAdapterBuilder
2026-06-07 15:19:20.582 | [34m INFO 1721739[0;39m | [1;33mmain [TID: N/A][0;39m [1;36m[][0;39m [1;32mc.a.nacos.client.logging.NacosLogging   [0;39m [1;35m(NacosLogging.java:52)[0;39m 
 Nacos Logging Adapter Builder: com.alibaba.nacos.logger.adapter.logback14.LogbackNacosLoggingAdapterBuilder
2026-06-07 15:19:20.584 | [34m INFO 1721739[0;39m | [1;33mmain [TID: N/A][0;39m [1;36m[][0;39m [1;32mc.a.nacos.client.logging.NacosLogging   [0;39m [1;35m(NacosLogging.java:55)[0;39m 
 Nacos Logging Adapter: com.alibaba.nacos.logger.adapter.logback14.LogbackNacosLoggingAdapter match ch.qos.logback.classic.Logger success.
2026-06-07 15:19:20.612 | [34m INFO 1721739[0;39m | [1;33mmain [TID: N/A][0;39m [1;36m[][0;39m [1;32mc.a.nacos.client.logging.NacosLogging   [0;39m [1;35m(NacosLogging.java:52)[0;39m 
 Nacos Logging Adapter Builder: com.alibaba.nacos.logger.adapter.log4j2.Log4j2NacosLoggingAdapterBuilder
豆有趣源码
Application Version: 1.0.0
Spring Boot Version: 3.4.1

.__   __.   ______      .______    __    __    _______
|  \ |  |  /  __  \     |   _  \  |  |  |  |  /  _____|
|   \|  | |  |  |  |    |  |_)  | |  |  |  | |  |  __
|  . `  | |  |  |  |    |   _  <  |  |  |  | |  | |_ |
|  |\   | |  `--'  |    |  |_)  | |  `--'  | |  |__| |
|__| \__|  \______/     |______/   \______/   \______|

███╗   ██╗ ██████╗     ██████╗ ██╗   ██╗ ██████╗
████╗  ██║██╔═══██╗    ██╔══██╗██║   ██║██╔════╝
██╔██╗ ██║██║   ██║    ██████╔╝██║   ██║██║  ███╗
██║╚██╗██║██║   ██║    ██╔══██╗██║   ██║██║   ██║
██║ ╚████║╚██████╔╝    ██████╔╝╚██████╔╝╚██████╔╝
╚═╝  ╚═══╝ ╚═════╝     ╚═════╝  ╚═════╝  ╚═════╝

2026-06-07 15:19:20.995 | [34m INFO 1721739[0;39m | [1;33mmain [TID: N/A][0;39m [1;36m[][0;39m [1;32mc.d.dyq.server.DyqServerApplication     [0;39m [1;35m(StartupInfoLogger.java:53)[0;39m 
 Starting DyqServerApplication using Java 17.0.19 with PID 1721739 (/mnt/e/code/dyq/dyq-server/target/classes started by root in /mnt/e/code/dyq/dyq-server)
2026-06-07 15:19:20.996 | [34m INFO 1721739[0;39m | [1;33mmain [TID: N/A][0;39m [1;36m[][0;39m [1;32mc.d.dyq.server.DyqServerApplication     [0;39m [1;35m(SpringApplication.java:658)[0;39m 
 The following 1 profile is active: "dev"
2026-06-07 15:19:57.913 | [34m INFO 1721739[0;39m | [1;33mmain [TID: N/A][0;39m [1;36m[][0;39m [1;32mo.d.d.s.a.DtpBeanDefinitionRegistrar    [0;39m [1;35m(DtpBeanDefinitionRegistrar.java:87)[0;39m 
 DynamicTp registrar, no executors are configured.
2026-06-07 15:20:00.712 | [31m WARN 1721739[0;39m | [1;33mmain [TID: N/A][0;39m [1;36m[][0;39m [1;32mo.s.boot.actuate.endpoint.EndpointId    [0;39m [1;35m(EndpointId.java:155)[0;39m 
 Endpoint ID 'dynamic-tp' contains invalid characters, please migrate to a valid format.
2026-06-07 15:20:03.006 | [34m INFO 1721739[0;39m | [1;33mmain [TID: N/A][0;39m [1;36m[][0;39m [1;32mo.j.m.auto.MinidaoAutoConfiguration     [0;39m [1;35m(MinidaoAutoConfiguration.java:23)[0;39m 
  ******************* init miniDao config [ begin ] *********************** 
2026-06-07 15:20:03.006 | [34m INFO 1721739[0;39m | [1;33mmain [TID: N/A][0;39m [1;36m[][0;39m [1;32mo.j.m.auto.MinidaoAutoConfiguration     [0;39m [1;35m(MinidaoAutoConfiguration.java:25)[0;39m 
  ------ minidao.base-package ------- org.jeecg.modules.jmreport.*,org.jeecg.modules.drag.*
2026-06-07 15:20:03.009 | [34m INFO 1721739[0;39m | [1;33mmain [TID: N/A][0;39m [1;36m[][0;39m [1;32mo.j.m.auto.MinidaoAutoConfiguration     [0;39m [1;35m(MinidaoAutoConfiguration.java:42)[0;39m 
  *******************  init miniDao config  [ end ] *********************** 
2026-06-07 15:20:08.263 | [34m INFO 1721739[0;39m | [1;33mmain [TID: N/A][0;39m [1;36m[][0;39m [1;32mo.j.m.f.MiniDaoClassPathMapperScanner   [0;39m [1;35m(MiniDaoClassPathMapperScanner.java:55)[0;39m 
 register minidao name is { org.jeecg.modules.jmreport.desreport.dao.JimuReportCategoryDao }
2026-06-07 15:20:08.265 | [34m INFO 1721739[0;39m | [1;33mmain [TID: N/A][0;39m [1;36m[][0;39m [1;32mo.j.m.f.MiniDaoClassPathMapperScanner   [0;39m [1;35m(MiniDaoClassPathMapperScanner.java:55)[0;39m 
 register minidao name is { org.jeecg.modules.jmreport.desreport.dao.JimuReportDao }
2026-06-07 15:20:08.266 | [34m INFO 1721739[0;39m | [1;33mmain [TID: N/A][0;39m [1;36m[][0;39m [1;32mo.j.m.f.MiniDaoClassPathMapperScanner   [0;39m [1;35m(MiniDaoClassPathMapperScanner.java:55)[0;39m 
 register minidao name is { org.jeecg.modules.jmreport.desreport.dao.JimuReportDataSourceDao }
2026-06-07 15:20:08.266 | [34m INFO 1721739[0;39m | [1;33mmain [TID: N/A][0;39m [1;36m[][0;39m [1;32mo.j.m.f.MiniDaoClassPathMapperScanner   [0;39m [1;35m(MiniDaoClassPathMapperScanner.java:55)[0;39m 
 register minidao name is { org.jeecg.modules.jmreport.desreport.dao.JimuReportDbDao }
2026-06-07 15:20:08.266 | [34m INFO 1721739[0;39m | [1;33mmain [TID: N/A][0;39m [1;36m[][0;39m [1;32mo.j.m.f.MiniDaoClassPathMapperScanner   [0;39m [1;35m(MiniDaoClassPathMapperScanner.java:55)[0;39m 
 register minidao name is { org.jeecg.modules.jmreport.desreport.dao.JimuReportDbFieldDao }
2026-06-07 15:20:08.266 | [34m INFO 1721739[0;39m | [1;33mmain [TID: N/A][0;39m [1;36m[][0;39m [1;32mo.j.m.f.MiniDaoClassPathMapperScanner   [0;39m [1;35m(MiniDaoClassPathMapperScanner.java:55)[0;39m 
 register minidao name is { org.jeecg.modules.jmreport.desreport.dao.JimuReportDbParamDao }
2026-06-07 15:20:08.266 | [34m INFO 1721739[0;39m | [1;33mmain [TID: N/A][0;39m [1;36m[][0;39m [1;32mo.j.m.f.MiniDaoClassPathMapperScanner   [0;39m [1;35m(MiniDaoClassPathMapperScanner.java:55)[0;39m 
 register minidao name is { org.jeecg.modules.jmreport.desreport.dao.JimuReportDictDao }
2026-06-07 15:20:08.266 | [34m INFO 1721739[0;39m | [1;33mmain [TID: N/A][0;39m [1;36m[][0;39m [1;32mo.j.m.f.MiniDaoClassPathMapperScanner   [0;39m [1;35m(MiniDaoClassPathMapperScanner.java:55)[0;39m 
 register minidao name is { org.jeecg.modules.jmreport.desreport.dao.JimuReportDictItemDao }
2026-06-07 15:20:08.266 | [34m INFO 1721739[0;39m | [1;33mmain [TID: N/A][0;39m [1;36m[][0;39m [1;32mo.j.m.f.MiniDaoClassPathMapperScanner   [0;39m [1;35m(MiniDaoClassPathMapperScanner.java:55)[0;39m 
 register minidao name is { org.jeecg.modules.jmreport.desreport.dao.JimuReportExportJobDao }
2026-06-07 15:20:08.266 | [34m INFO 1721739[0;39m | [1;33mmain [TID: N/A][0;39m [1;36m[][0;39m [1;32mo.j.m.f.MiniDaoClassPathMapperScanner   [0;39m [1;35m(MiniDaoClassPathMapperScanner.java:55)[0;39m 
 register minidao name is { org.jeecg.modules.jmreport.desreport.dao.JimuReportExportLogDao }
2026-06-07 15:20:08.266 | [34m INFO 1721739[0;39m | [1;33mmain [TID: N/A][0;39m [1;36m[][0;39m [1;32mo.j.m.f.MiniDaoClassPathMapperScanner   [0;39m [1;35m(MiniDaoClassPathMapperScanner.java:55)[0;39m 
 register minidao name is { org.jeecg.modules.jmreport.desreport.dao.JimuReportLinkDao }
2026-06-07 15:20:08.266 | [34m INFO 1721739[0;39m | [1;33mmain [TID: N/A][0;39m [1;36m[][0;39m [1;32mo.j.m.f.MiniDaoClassPathMapperScanner   [0;39m [1;35m(MiniDaoClassPathMapperScanner.java:55)[0;39m 
 register minidao name is { org.jeecg.modules.jmreport.desreport.dao.JimuReportMapDao }
2026-06-07 15:20:08.267 | [34m INFO 1721739[0;39m | [1;33mmain [TID: N/A][0;39m [1;36m[][0;39m [1;32mo.j.m.f.MiniDaoClassPathMapperScanner   [0;39m [1;35m(MiniDaoClassPathMapperScanner.java:55)[0;39m 
 register minidao name is { org.jeecg.modules.jmreport.desreport.dao.JimuReportShareDao }
2026-06-07 15:20:08.267 | [34m INFO 1721739[0;39m | [1;33mmain [TID: N/A][0;39m [1;36m[][0;39m [1;32mo.j.m.f.MiniDaoClassPathMapperScanner   [0;39m [1;35m(MiniDaoClassPathMapperScanner.java:55)[0;39m 
 register minidao name is { org.jeecg.modules.drag.dao.JimuDragCategoryDao }
2026-06-07 15:20:08.267 | [34m INFO 1721739[0;39m | [1;33mmain [TID: N/A][0;39m [1;36m[][0;39m [1;32mo.j.m.f.MiniDaoClassPathMapperScanner   [0;39m [1;35m(MiniDaoClassPathMapperScanner.java:55)[0;39m 
 register minidao name is { org.jeecg.modules.drag.dao.JimuDragMapDao }
2026-06-07 15:20:08.267 | [34m INFO 1721739[0;39m | [1;33mmain [TID: N/A][0;39m [1;36m[][0;39m [1;32mo.j.m.f.MiniDaoClassPathMapperScanner   [0;39m [1;35m(MiniDaoClassPathMapperScanner.java:55)[0;39m 
 register minidao name is { org.jeecg.modules.drag.dao.JimuReportIconLibDao }
2026-06-07 15:20:08.267 | [34m INFO 1721739[0;39m | [1;33mmain [TID: N/A][0;39m [1;36m[][0;39m [1;32mo.j.m.f.MiniDaoClassPathMapperScanner   [0;39m [1;35m(MiniDaoClassPathMapperScanner.java:55)[0;39m 
 register minidao name is { org.jeecg.modules.drag.dao.OnlDragCompDao }
2026-06-07 15:20:08.267 | [34m INFO 1721739[0;39m | [1;33mmain [TID: N/A][0;39m [1;36m[][0;39m [1;32mo.j.m.f.MiniDaoClassPathMapperScanner   [0;39m [1;35m(MiniDaoClassPathMapperScanner.java:55)[0;39m 
 register minidao name is { org.jeecg.modules.drag.dao.OnlDragDataSourceDao }
2026-06-07 15:20:08.267 | [34m INFO 1721739[0;39m | [1;33mmain [TID: N/A][0;39m [1;36m[][0;39m [1;32mo.j.m.f.MiniDaoClassPathMapperScanner   [0;39m [1;35m(MiniDaoClassPathMapperScanner.java:55)[0;39m 
 register minidao name is { org.jeecg.modules.drag.dao.OnlDragDatasetHeadDao }
2026-06-07 15:20:08.267 | [34m INFO 1721739[0;39m | [1;33mmain [TID: N/A][0;39m [1;36m[][0;39m [1;32mo.j.m.f.MiniDaoClassPathMapperScanner   [0;39m [1;35m(MiniDaoClassPathMapperScanner.java:55)[0;39m 
 register minidao name is { org.jeecg.modules.drag.dao.OnlDragDatasetItemDao }
2026-06-07 15:20:08.267 | [34m INFO 1721739[0;39m | [1;33mmain [TID: N/A][0;39m [1;36m[][0;39m [1;32mo.j.m.f.MiniDaoClassPathMapperScanner   [0;39m [1;35m(MiniDaoClassPathMapperScanner.java:55)[0;39m 
 register minidao name is { org.jeecg.modules.drag.dao.OnlDragDatasetParamDao }
2026-06-07 15:20:08.267 | [34m INFO 1721739[0;39m | [1;33mmain [TID: N/A][0;39m [1;36m[][0;39m [1;32mo.j.m.f.MiniDaoClassPathMapperScanner   [0;39m [1;35m(MiniDaoClassPathMapperScanner.java:55)[0;39m 
 register minidao name is { org.jeecg.modules.drag.dao.OnlDragPageCompDao }
2026-06-07 15:20:08.268 | [34m INFO 1721739[0;39m | [1;33mmain [TID: N/A][0;39m [1;36m[][0;39m [1;32mo.j.m.f.MiniDaoClassPathMapperScanner   [0;39m [1;35m(MiniDaoClassPathMapperScanner.java:55)[0;39m 
 register minidao name is { org.jeecg.modules.drag.dao.OnlDragPageDao }
2026-06-07 15:20:08.268 | [34m INFO 1721739[0;39m | [1;33mmain [TID: N/A][0;39m [1;36m[][0;39m [1;32mo.j.m.f.MiniDaoClassPathMapperScanner   [0;39m [1;35m(MiniDaoClassPathMapperScanner.java:55)[0;39m 
 register minidao name is { org.jeecg.modules.drag.dao.OnlDragShareDao }
2026-06-07 15:20:10.814 | [34m INFO 1721739[0;39m | [1;33mmain [TID: N/A][0;39m [1;36m[][0;39m [1;32mc.a.n.p.a.s.c.ClientAuthPluginManager   [0;39m [1;35m(ClientAuthPluginManager.java:56)[0;39m 
 [ClientAuthPluginManager] Load ClientAuthService com.alibaba.nacos.client.auth.impl.NacosClientAuthServiceImpl success.
2026-06-07 15:20:10.814 | [34m INFO 1721739[0;39m | [1;33mmain [TID: N/A][0;39m [1;36m[][0;39m [1;32mc.a.n.p.a.s.c.ClientAuthPluginManager   [0;39m [1;35m(ClientAuthPluginManager.java:56)[0;39m 
 [ClientAuthPluginManager] Load ClientAuthService com.alibaba.nacos.client.auth.ram.RamClientAuthServiceImpl success.
2026-06-07 15:20:15.257 | [34m INFO 1721739[0;39m | [1;33mmain [TID: N/A][0;39m [1;36m[][0;39m [1;32mo.s.b.w.embedded.tomcat.TomcatWebServer [0;39m [1;35m(TomcatWebServer.java:111)[0;39m 
 Tomcat initialized with port 48080 (http)
2026-06-07 15:20:15.319 | [34m INFO 1721739[0;39m | [1;33mmain [TID: N/A][0;39m [1;36m[][0;39m [1;32mo.apache.catalina.core.StandardService  [0;39m [1;35m(DirectJDKLog.java:173)[0;39m 
 Starting service [Tomcat]
2026-06-07 15:20:15.319 | [34m INFO 1721739[0;39m | [1;33mmain [TID: N/A][0;39m [1;36m[][0;39m [1;32mo.apache.catalina.core.StandardEngine   [0;39m [1;35m(DirectJDKLog.java:173)[0;39m 
 Starting Servlet engine: [Apache Tomcat/10.1.34]
2026-06-07 15:20:16.314 | [34m INFO 1721739[0;39m | [1;33mmain [TID: N/A][0;39m [1;36m[][0;39m [1;32mo.a.c.c.C.[Tomcat].[localhost].[/]      [0;39m [1;35m(DirectJDKLog.java:173)[0;39m 
 Initializing Spring embedded WebApplicationContext
2026-06-07 15:20:16.315 | [34m INFO 1721739[0;39m | [1;33mmain [TID: N/A][0;39m [1;36m[][0;39m [1;32mw.s.c.ServletWebServerApplicationContext[0;39m [1;35m(ServletWebServerApplicationContext.java:296)[0;39m 
 Root WebApplicationContext: initialization completed in 54676 ms
2026-06-07 15:20:16.434 | [34m INFO 1721739[0;39m | [1;33mmain [TID: N/A][0;39m [1;36m[][0;39m [1;32mo.j.m.j.c.init.JimuReportConfiguration  [0;39m [1;35m(JimuReportConfiguration.java:124)[0;39m 
  Init JimuReport Config [ Token Interceptor & Resource Locations ] 
2026-06-07 15:20:17.294 | [34m INFO 1721739[0;39m | [1;33mmain [TID: N/A][0;39m [1;36m[][0;39m [1;32morg.redisson.Version                    [0;39m [1;35m(Version.java:43)[0;39m 
 Redisson 3.41.0
2026-06-07 15:20:18.485 | [34m INFO 1721739[0;39m | [1;33mredisson-netty-1-6 [TID: N/A][0;39m [1;36m[][0;39m [1;32mo.redisson.connection.ConnectionsHolder [0;39m [1;35m(ConnectionsHolder.java:132)[0;39m 
 1 connections initialized for 192.168.250.3/192.168.250.3:6379
2026-06-07 15:20:19.045 | [34m INFO 1721739[0;39m | [1;33mredisson-netty-1-19 [TID: N/A][0;39m [1;36m[][0;39m [1;32mo.redisson.connection.ConnectionsHolder [0;39m [1;35m(ConnectionsHolder.java:132)[0;39m 
 24 connections initialized for 192.168.250.3/192.168.250.3:6379
2026-06-07 15:20:20.291 | [34m INFO 1721739[0;39m | [1;33mmain [TID: N/A][0;39m [1;36m[][0;39m [1;32mc.d.d.f.w.c.DyqWebAutoConfiguration     [0;39m [1;35m(DyqWebAutoConfiguration.java:148)[0;39m 
 
[httpHeaderParameterFilter] 注册 HttpHeaderParameterFilter, 过滤参数: [priority], 顺序: -2147483646
2026-06-07 15:20:20.291 | [34m INFO 1721739[0;39m | [1;33mmain [TID: N/A][0;39m [1;36m[][0;39m [1;32mc.d.d.f.w.c.f.HttpHeaderParameterFilter [0;39m [1;35m(HttpHeaderParameterFilter.java:34)[0;39m 
 
[HttpHeaderParameterFilter] 初始化完成，过滤参数列表: [priority]
2026-06-07 15:20:23.058 | [34m INFO 1721739[0;39m | [1;33mmain [TID: N/A][0;39m [1;36m[][0;39m [1;32mcom.alibaba.druid.pool.DruidDataSource  [0;39m [1;35m(DruidDataSource.java:673)[0;39m 
 {dataSource-1} inited
设置数据源失败,数据源名称：SLAVE
设置数据源失败,数据源名称：PGSQL
 _ _   |_  _ _|_. ___ _ |    _ 
| | |\/|_)(_| | |_\  |_)||_|_\ 
     /               |         
                        3.5.9 
2026-06-07 15:20:41.107 | [34m INFO 1721739[0;39m | [1;33mmain [TID: N/A][0;39m [1;36m[][0;39m [1;32morg.quartz.impl.StdSchedulerFactory     [0;39m [1;35m(StdSchedulerFactory.java:1220)[0;39m 
 Using default implementation for ThreadExecutor
2026-06-07 15:20:41.155 | [34m INFO 1721739[0;39m | [1;33mmain [TID: N/A][0;39m [1;36m[][0;39m [1;32morg.quartz.core.SchedulerSignalerImpl   [0;39m [1;35m(SchedulerSignalerImpl.java:61)[0;39m 
 Initialized Scheduler Signaller of type: class org.quartz.core.SchedulerSignalerImpl
2026-06-07 15:20:41.155 | [34m INFO 1721739[0;39m | [1;33mmain [TID: N/A][0;39m [1;36m[][0;39m [1;32morg.quartz.core.QuartzScheduler         [0;39m [1;35m(QuartzScheduler.java:229)[0;39m 
 Quartz Scheduler v.2.3.2 created.
2026-06-07 15:20:41.200 | [34m INFO 1721739[0;39m | [1;33mmain [TID: N/A][0;39m [1;36m[][0;39m [1;32mo.s.s.quartz.LocalDataSourceJobStore    [0;39m [1;35m(JobStoreSupport.java:672)[0;39m 
 Using db table-based data access locking (synchronization).
2026-06-07 15:20:41.207 | [34m INFO 1721739[0;39m | [1;33mmain [TID: N/A][0;39m [1;36m[][0;39m [1;32mo.s.s.quartz.LocalDataSourceJobStore    [0;39m [1;35m(JobStoreCMT.java:145)[0;39m 
 JobStoreCMT initialized.
2026-06-07 15:20:41.210 | [34m INFO 1721739[0;39m | [1;33mmain [TID: N/A][0;39m [1;36m[][0;39m [1;32morg.quartz.core.QuartzScheduler         [0;39m [1;35m(QuartzScheduler.java:294)[0;39m 
 Scheduler meta-data: Quartz Scheduler (v2.3.2) 'schedulerName' with instanceId 'ZLG021780816841114'
  Scheduler class: 'org.quartz.core.QuartzScheduler' - running locally.
  NOT STARTED.
  Currently in standby mode.
  Number of jobs executed: 0
  Using thread pool 'org.quartz.simpl.SimpleThreadPool' - with 25 threads.
  Using job-store 'org.springframework.scheduling.quartz.LocalDataSourceJobStore' - which supports persistence. and is clustered.

2026-06-07 15:20:41.210 | [34m INFO 1721739[0;39m | [1;33mmain [TID: N/A][0;39m [1;36m[][0;39m [1;32morg.quartz.impl.StdSchedulerFactory     [0;39m [1;35m(StdSchedulerFactory.java:1374)[0;39m 
 Quartz scheduler 'schedulerName' initialized from an externally provided properties instance.
2026-06-07 15:20:41.210 | [34m INFO 1721739[0;39m | [1;33mmain [TID: N/A][0;39m [1;36m[][0;39m [1;32morg.quartz.impl.StdSchedulerFactory     [0;39m [1;35m(StdSchedulerFactory.java:1378)[0;39m 
 Quartz scheduler version: 2.3.2
2026-06-07 15:20:41.211 | [34m INFO 1721739[0;39m | [1;33mmain [TID: N/A][0;39m [1;36m[][0;39m [1;32morg.quartz.core.QuartzScheduler         [0;39m [1;35m(QuartzScheduler.java:2293)[0;39m 
 JobFactory set to: org.springframework.scheduling.quartz.SpringBeanJobFactory@5809a329
2026-06-07 15:20:41.503 | [39mDEBUG 1721739[0;39m | [1;33mmain [TID: N/A][0;39m [1;36m[][0;39m [1;32mc.d.d.m.i.d.m.job.JobMapper.selectList  [0;39m [1;35m(BaseJdbcLogger.java:135)[0;39m 
 ==>  Preparing: SELECT id,name,status,handler_name,handler_param,cron_expression,retry_count,retry_interval,monitor_timeout,create_time,update_time,creator,create_name,updater,update_name,deleted,sort,remark FROM infra_job WHERE deleted=0
2026-06-07 15:20:42.214 | [39mDEBUG 1721739[0;39m | [1;33mmain [TID: N/A][0;39m [1;36m[][0;39m [1;32mc.d.d.m.i.d.m.job.JobMapper.selectList  [0;39m [1;35m(BaseJdbcLogger.java:135)[0;39m 
 ==> Parameters: 
2026-06-07 15:20:42.314 | [39mDEBUG 1721739[0;39m | [1;33mmain [TID: N/A][0;39m [1;36m[][0;39m [1;32mc.d.d.m.i.d.m.job.JobMapper.selectList  [0;39m [1;35m(BaseJdbcLogger.java:135)[0;39m 
 <==      Total: 139
2026-06-07 15:20:42.734 | [1;31mERROR 1721739[0;39m | [1;33mmain [TID: N/A][0;39m [1;36m[][0;39m [1;32mc.alibaba.druid.filter.stat.StatFilter  [0;39m [1;35m(StatFilter.java:518)[0;39m 
 slow sql 295 millis. DELETE FROM QRTZ_CRON_TRIGGERS WHERE SCHED_NAME = 'schedulerName' AND TRIGGER_NAME = ? AND TRIGGER_GROUP = ? ["payNotifyJob","DEFAULT"]
2026-06-07 15:20:43.025 | [1;31mERROR 1721739[0;39m | [1;33mmain [TID: N/A][0;39m [1;36m[][0;39m [1;32mc.alibaba.druid.filter.stat.StatFilter  [0;39m [1;35m(StatFilter.java:518)[0;39m 
 slow sql 289 millis. DELETE FROM QRTZ_TRIGGERS WHERE SCHED_NAME = 'schedulerName' AND TRIGGER_NAME = ? AND TRIGGER_GROUP = ? ["payNotifyJob","DEFAULT"]
2026-06-07 15:20:43.335 | [1;31mERROR 1721739[0;39m | [1;33mmain [TID: N/A][0;39m [1;36m[][0;39m [1;32mc.alibaba.druid.filter.stat.StatFilter  [0;39m [1;35m(StatFilter.java:518)[0;39m 
 slow sql 295 millis. DELETE FROM QRTZ_JOB_DETAILS WHERE SCHED_NAME = 'schedulerName' AND JOB_NAME = ? AND JOB_GROUP = ? ["payNotifyJob","DEFAULT"]
2026-06-07 15:20:43.905 | [1;31mERROR 1721739[0;39m | [1;33mmain [TID: N/A][0;39m [1;36m[][0;39m [1;32mc.alibaba.druid.filter.stat.StatFilter  [0;39m [1;35m(StatFilter.java:518)[0;39m 
 slow sql 212 millis. INSERT INTO QRTZ_JOB_DETAILS (SCHED_NAME, JOB_NAME, JOB_GROUP, DESCRIPTION, JOB_CLASS_NAME, IS_DURABLE, IS_NONCONCURRENT, IS_UPDATE_DATA, REQUESTS_RECOVERY, JOB_DATA)  VALUES('schedulerName', ?, ?, ?, ?, ?, ?, ?, ?, ?) ["payNotifyJob","DEFAULT",null,"com.douyouqu.dyq.framework.quartz.core.handler.JobHandlerInvoker",false,true,true,false,"<[B>"]
2026-06-07 15:20:44.240 | [1;31mERROR 1721739[0;39m | [1;33mmain [TID: N/A][0;39m [1;36m[][0;39m [1;32mc.alibaba.druid.filter.stat.StatFilter  [0;39m [1;35m(StatFilter.java:518)[0;39m 
 slow sql 272 millis. INSERT INTO QRTZ_TRIGGERS (SCHED_NAME, TRIGGER_NAME, TRIGGER_GROUP, JOB_NAME, JOB_GROUP, DESCRIPTION, NEXT_FIRE_TIME, PREV_FIRE_TIME, TRIGGER_STATE, TRIGGER_TYPE, START_TIME, END_TIME, CALENDAR_NAME, MISFIRE_INSTR, JOB_DATA, PRIORITY)  VALUES('schedulerName', ?, ?, ?, ?, ?, ?, ?, ?, ?, ?, ?, ?, ?, ?, ?) ["payNotifyJob","DEFAULT","payNotifyJob","DEFAULT",null,1780816843000,-1,"WAITING","CRON",1780816843000,0,null,0,"<[B>",5]
2026-06-07 15:20:44.467 | [1;31mERROR 1721739[0;39m | [1;33mmain [TID: N/A][0;39m [1;36m[][0;39m [1;32mc.alibaba.druid.filter.stat.StatFilter  [0;39m [1;35m(StatFilter.java:518)[0;39m 
 slow sql 225 millis. INSERT INTO QRTZ_CRON_TRIGGERS (SCHED_NAME, TRIGGER_NAME, TRIGGER_GROUP, CRON_EXPRESSION, TIME_ZONE_ID)  VALUES('schedulerName', ?, ?, ?, ?) ["payNotifyJob","DEFAULT","* * * * * ?","Asia/Shanghai"]
2026-06-07 15:20:44.863 | [1;31mERROR 1721739[0;39m | [1;33mmain [TID: N/A][0;39m [1;36m[][0;39m [1;32mc.alibaba.druid.filter.stat.StatFilter  [0;39m [1;35m(StatFilter.java:518)[0;39m 
 slow sql 246 millis. UPDATE QRTZ_TRIGGERS SET TRIGGER_STATE = ? WHERE SCHED_NAME = 'schedulerName' AND TRIGGER_NAME = ? AND TRIGGER_GROUP = ? ["PAUSED","payNotifyJob","DEFAULT"]
2026-06-07 15:20:44.864 | [34m INFO 1721739[0;39m | [1;33mmain [TID: N/A][0;39m [1;36m[][0;39m [1;32mc.d.d.m.i.service.job.JobServiceImpl    [0;39m [1;35m(JobServiceImpl.java:185)[0;39m 
 
[syncJob][id(5) handlerName(payNotifyJob) 同步完成]
2026-06-07 15:20:45.100 | [1;31mERROR 1721739[0;39m | [1;33mmain [TID: N/A][0;39m [1;36m[][0;39m [1;32mc.alibaba.druid.filter.stat.StatFilter  [0;39m [1;35m(StatFilter.java:518)[0;39m 
 slow sql 171 millis. DELETE FROM QRTZ_CRON_TRIGGERS WHERE SCHED_NAME = 'schedulerName' AND TRIGGER_NAME = ? AND TRIGGER_GROUP = ? ["payOrderSyncJob","DEFAULT"]
2026-06-07 15:20:45.301 | [1;31mERROR 1721739[0;39m | [1;33mmain [TID: N/A][0;39m [1;36m[][0;39m [1;32mc.alibaba.druid.filter.stat.StatFilter  [0;39m [1;35m(StatFilter.java:518)[0;39m 
 slow sql 199 millis. DELETE FROM QRTZ_TRIGGERS WHERE SCHED_NAME = 'schedulerName' AND TRIGGER_NAME = ? AND TRIGGER_GROUP = ? ["payOrderSyncJob","DEFAULT"]
2026-06-07 15:20:45.476 | [1;31mERROR 1721739[0;39m | [1;33mmain [TID: N/A][0;39m [1;36m[][0;39m [1;32mc.alibaba.druid.filter.stat.StatFilter  [0;39m [1;35m(StatFilter.java:518)[0;39m 
 slow sql 161 millis. DELETE FROM QRTZ_JOB_DETAILS WHERE SCHED_NAME = 'schedulerName' AND JOB_NAME = ? AND JOB_GROUP = ? ["payOrderSyncJob","DEFAULT"]
2026-06-07 15:20:45.701 | [1;31mERROR 1721739[0;39m | [1;33mmain [TID: N/A][0;39m [1;36m[][0;39m [1;32mc.alibaba.druid.filter.stat.StatFilter  [0;39m [1;35m(StatFilter.java:518)[0;39m 
 slow sql 140 millis. INSERT INTO QRTZ_JOB_DETAILS (SCHED_NAME, JOB_NAME, JOB_GROUP, DESCRIPTION, JOB_CLASS_NAME, IS_DURABLE, IS_NONCONCURRENT, IS_UPDATE_DATA, REQUESTS_RECOVERY, JOB_DATA)  VALUES('schedulerName', ?, ?, ?, ?, ?, ?, ?, ?, ?) ["payOrderSyncJob","DEFAULT",null,"com.douyouqu.dyq.framework.quartz.core.handler.JobHandlerInvoker",false,true,true,false,"<[B>"]
2026-06-07 15:20:46.059 | [1;31mERROR 1721739[0;39m | [1;33mmain [TID: N/A][0;39m [1;36m[][0;39m [1;32mc.alibaba.druid.filter.stat.StatFilter  [0;39m [1;35m(StatFilter.java:518)[0;39m 
 slow sql 308 millis. INSERT INTO QRTZ_TRIGGERS (SCHED_NAME, TRIGGER_NAME, TRIGGER_GROUP, JOB_NAME, JOB_GROUP, DESCRIPTION, NEXT_FIRE_TIME, PREV_FIRE_TIME, TRIGGER_STATE, TRIGGER_TYPE, START_TIME, END_TIME, CALENDAR_NAME, MISFIRE_INSTR, JOB_DATA, PRIORITY)  VALUES('schedulerName', ?, ?, ?, ?, ?, ?, ?, ?, ?, ?, ?, ?, ?, ?, ?) ["payOrderSyncJob","DEFAULT","payOrderSyncJob","DEFAULT",null,1780816860000,-1,"WAITING","CRON",1780816845000,0,null,0,"<[B>",5]
2026-06-07 15:20:46.302 | [1;31mERROR 1721739[0;39m | [1;33mmain [TID: N/A][0;39m [1;36m[][0;39m [1;32mc.alibaba.druid.filter.stat.StatFilter  [0;39m [1;35m(StatFilter.java:518)[0;39m 
 slow sql 241 millis. INSERT INTO QRTZ_CRON_TRIGGERS (SCHED_NAME, TRIGGER_NAME, TRIGGER_GROUP, CRON_EXPRESSION, TIME_ZONE_ID)  VALUES('schedulerName', ?, ?, ?, ?) ["payOrderSyncJob","DEFAULT","0 0/1 * * * ?","Asia/Shanghai"]
2026-06-07 15:20:46.742 | [1;31mERROR 1721739[0;39m | [1;33mmain [TID: N/A][0;39m [1;36m[][0;39m [1;32mc.alibaba.druid.filter.stat.StatFilter  [0;39m [1;35m(StatFilter.java:518)[0;39m 
 slow sql 381 millis. UPDATE QRTZ_TRIGGERS SET TRIGGER_STATE = ? WHERE SCHED_NAME = 'schedulerName' AND TRIGGER_NAME = ? AND TRIGGER_GROUP = ? ["PAUSED","payOrderSyncJob","DEFAULT"]
2026-06-07 15:20:46.743 | [34m INFO 1721739[0;39m | [1;33mmain [TID: N/A][0;39m [1;36m[][0;39m [1;32mc.d.d.m.i.service.job.JobServiceImpl    [0;39m [1;35m(JobServiceImpl.java:185)[0;39m 
 
[syncJob][id(17) handlerName(payOrderSyncJob) 同步完成]
2026-06-07 15:20:47.009 | [1;31mERROR 1721739[0;39m | [1;33mmain [TID: N/A][0;39m [1;36m[][0;39m [1;32mc.alibaba.druid.filter.stat.StatFilter  [0;39m [1;35m(StatFilter.java:518)[0;39m 
 slow sql 208 millis. DELETE FROM QRTZ_CRON_TRIGGERS WHERE SCHED_NAME = 'schedulerName' AND TRIGGER_NAME = ? AND TRIGGER_GROUP = ? ["payOrderExpireJob","DEFAULT"]
2026-06-07 15:20:47.202 | [1;31mERROR 1721739[0;39m | [1;33mmain [TID: N/A][0;39m [1;36m[][0;39m [1;32mc.alibaba.druid.filter.stat.StatFilter  [0;39m [1;35m(StatFilter.java:518)[0;39m 
 slow sql 191 millis. DELETE FROM QRTZ_TRIGGERS WHERE SCHED_NAME = 'schedulerName' AND TRIGGER_NAME = ? AND TRIGGER_GROUP = ? ["payOrderExpireJob","DEFAULT"]
2026-06-07 15:20:47.435 | [1;31mERROR 1721739[0;39m | [1;33mmain [TID: N/A][0;39m [1;36m[][0;39m [1;32mc.alibaba.druid.filter.stat.StatFilter  [0;39m [1;35m(StatFilter.java:518)[0;39m 
 slow sql 220 millis. DELETE FROM QRTZ_JOB_DETAILS WHERE SCHED_NAME = 'schedulerName' AND JOB_NAME = ? AND JOB_GROUP = ? ["payOrderExpireJob","DEFAULT"]
2026-06-07 15:20:47.808 | [1;31mERROR 1721739[0;39m | [1;33mmain [TID: N/A][0;39m [1;36m[][0;39m [1;32mc.alibaba.druid.filter.stat.StatFilter  [0;39m [1;35m(StatFilter.java:518)[0;39m 
 slow sql 303 millis. INSERT INTO QRTZ_JOB_DETAILS (SCHED_NAME, JOB_NAME, JOB_GROUP, DESCRIPTION, JOB_CLASS_NAME, IS_DURABLE, IS_NONCONCURRENT, IS_UPDATE_DATA, REQUESTS_RECOVERY, JOB_DATA)  VALUES('schedulerName', ?, ?, ?, ?, ?, ?, ?, ?, ?) ["payOrderExpireJob","DEFAULT",null,"com.douyouqu.dyq.framework.quartz.core.handler.JobHandlerInvoker",false,true,true,false,"<[B>"]
2026-06-07 15:20:48.092 | [1;31mERROR 1721739[0;39m | [1;33mmain [TID: N/A][0;39m [1;36m[][0;39m [1;32mc.alibaba.druid.filter.stat.StatFilter  [0;39m [1;35m(StatFilter.java:518)[0;39m 
 slow sql 237 millis. INSERT INTO QRTZ_TRIGGERS (SCHED_NAME, TRIGGER_NAME, TRIGGER_GROUP, JOB_NAME, JOB_GROUP, DESCRIPTION, NEXT_FIRE_TIME, PREV_FIRE_TIME, TRIGGER_STATE, TRIGGER_TYPE, START_TIME, END_TIME, CALENDAR_NAME, MISFIRE_INSTR, JOB_DATA, PRIORITY)  VALUES('schedulerName', ?, ?, ?, ?, ?, ?, ?, ?, ?, ?, ?, ?, ?, ?, ?) ["payOrderExpireJob","DEFAULT","payOrderExpireJob","DEFAULT",null,1780816860000,-1,"WAITING","CRON",1780816847000,0,null,0,"<[B>",5]
2026-06-07 15:20:48.292 | [1;31mERROR 1721739[0;39m | [1;33mmain [TID: N/A][0;39m [1;36m[][0;39m [1;32mc.alibaba.druid.filter.stat.StatFilter  [0;39m [1;35m(StatFilter.java:518)[0;39m 
 slow sql 198 millis. INSERT INTO QRTZ_CRON_TRIGGERS (SCHED_NAME, TRIGGER_NAME, TRIGGER_GROUP, CRON_EXPRESSION, TIME_ZONE_ID)  VALUES('schedulerName', ?, ?, ?, ?) ["payOrderExpireJob","DEFAULT","0 0/1 * * * ?","Asia/Shanghai"]
2026-06-07 15:20:48.575 | [1;31mERROR 1721739[0;39m | [1;33mmain [TID: N/A][0;39m [1;36m[][0;39m [1;32mc.alibaba.druid.filter.stat.StatFilter  [0;39m [1;35m(StatFilter.java:518)[0;39m 
 slow sql 224 millis. UPDATE QRTZ_TRIGGERS SET TRIGGER_STATE = ? WHERE SCHED_NAME = 'schedulerName' AND TRIGGER_NAME = ? AND TRIGGER_GROUP = ? ["PAUSED","payOrderExpireJob","DEFAULT"]
2026-06-07 15:20:48.576 | [34m INFO 1721739[0;39m | [1;33mmain [TID: N/A][0;39m [1;36m[][0;39m [1;32mc.d.d.m.i.service.job.JobServiceImpl    [0;39m [1;35m(JobServiceImpl.java:185)[0;39m 
 
[syncJob][id(18) handlerName(payOrderExpireJob) 同步完成]
2026-06-07 15:20:48.879 | [1;31mERROR 1721739[0;39m | [1;33mmain [TID: N/A][0;39m [1;36m[][0;39m [1;32mc.alibaba.druid.filter.stat.StatFilter  [0;39m [1;35m(StatFilter.java:518)[0;39m 
 slow sql 246 millis. DELETE FROM QRTZ_CRON_TRIGGERS WHERE SCHED_NAME = 'schedulerName' AND TRIGGER_NAME = ? AND TRIGGER_GROUP = ? ["payRefundSyncJob","DEFAULT"]
2026-06-07 15:20:49.171 | [1;31mERROR 1721739[0;39m | [1;33mmain [TID: N/A][0;39m [1;36m[][0;39m [1;32mc.alibaba.druid.filter.stat.StatFilter  [0;39m [1;35m(StatFilter.java:518)[0;39m 
 slow sql 290 millis. DELETE FROM QRTZ_TRIGGERS WHERE SCHED_NAME = 'schedulerName' AND TRIGGER_NAME = ? AND TRIGGER_GROUP = ? ["payRefundSyncJob","DEFAULT"]
2026-06-07 15:20:49.470 | [1;31mERROR 1721739[0;39m | [1;33mmain [TID: N/A][0;39m [1;36m[][0;39m [1;32mc.alibaba.druid.filter.stat.StatFilter  [0;39m [1;35m(StatFilter.java:518)[0;39m 
 slow sql 287 millis. DELETE FROM QRTZ_JOB_DETAILS WHERE SCHED_NAME = 'schedulerName' AND JOB_NAME = ? AND JOB_GROUP = ? ["payRefundSyncJob","DEFAULT"]
2026-06-07 15:20:49.821 | [1;31mERROR 1721739[0;39m | [1;33mmain [TID: N/A][0;39m [1;36m[][0;39m [1;32mc.alibaba.druid.filter.stat.StatFilter  [0;39m [1;35m(StatFilter.java:518)[0;39m 
 slow sql 281 millis. INSERT INTO QRTZ_JOB_DETAILS (SCHED_NAME, JOB_NAME, JOB_GROUP, DESCRIPTION, JOB_CLASS_NAME, IS_DURABLE, IS_NONCONCURRENT, IS_UPDATE_DATA, REQUESTS_RECOVERY, JOB_DATA)  VALUES('schedulerName', ?, ?, ?, ?, ?, ?, ?, ?, ?) ["payRefundSyncJob","DEFAULT",null,"com.douyouqu.dyq.framework.quartz.core.handler.JobHandlerInvoker",false,true,true,false,"<[B>"]
2026-06-07 15:20:50.046 | [1;31mERROR 1721739[0;39m | [1;33mmain [TID: N/A][0;39m [1;36m[][0;39m [1;32mc.alibaba.druid.filter.stat.StatFilter  [0;39m [1;35m(StatFilter.java:518)[0;39m 
 slow sql 178 millis. INSERT INTO QRTZ_TRIGGERS (SCHED_NAME, TRIGGER_NAME, TRIGGER_GROUP, JOB_NAME, JOB_GROUP, DESCRIPTION, NEXT_FIRE_TIME, PREV_FIRE_TIME, TRIGGER_STATE, TRIGGER_TYPE, START_TIME, END_TIME, CALENDAR_NAME, MISFIRE_INSTR, JOB_DATA, PRIORITY)  VALUES('schedulerName', ?, ?, ?, ?, ?, ?, ?, ?, ?, ?, ?, ?, ?, ?, ?) ["payRefundSyncJob","DEFAULT","payRefundSyncJob","DEFAULT",null,1780816860000,-1,"WAITING","CRON",1780816849000,0,null,0,"<[B>",5]
2026-06-07 15:20:50.354 | [1;31mERROR 1721739[0;39m | [1;33mmain [TID: N/A][0;39m [1;36m[][0;39m [1;32mc.alibaba.druid.filter.stat.StatFilter  [0;39m [1;35m(StatFilter.java:518)[0;39m 
 slow sql 307 millis. INSERT INTO QRTZ_CRON_TRIGGERS (SCHED_NAME, TRIGGER_NAME, TRIGGER_GROUP, CRON_EXPRESSION, TIME_ZONE_ID)  VALUES('schedulerName', ?, ?, ?, ?) ["payRefundSyncJob","DEFAULT","0 0/1 * * * ?","Asia/Shanghai"]
2026-06-07 15:20:50.579 | [1;31mERROR 1721739[0;39m | [1;33mmain [TID: N/A][0;39m [1;36m[][0;39m [1;32mc.alibaba.druid.filter.stat.StatFilter  [0;39m [1;35m(StatFilter.java:518)[0;39m 
 slow sql 167 millis. UPDATE QRTZ_TRIGGERS SET TRIGGER_STATE = ? WHERE SCHED_NAME = 'schedulerName' AND TRIGGER_NAME = ? AND TRIGGER_GROUP = ? ["PAUSED","payRefundSyncJob","DEFAULT"]
2026-06-07 15:20:50.580 | [34m INFO 1721739[0;39m | [1;33mmain [TID: N/A][0;39m [1;36m[][0;39m [1;32mc.d.d.m.i.service.job.JobServiceImpl    [0;39m [1;35m(JobServiceImpl.java:185)[0;39m 
 
[syncJob][id(19) handlerName(payRefundSyncJob) 同步完成]
2026-06-07 15:20:50.834 | [1;31mERROR 1721739[0;39m | [1;33mmain [TID: N/A][0;39m [1;36m[][0;39m [1;32mc.alibaba.druid.filter.stat.StatFilter  [0;39m [1;35m(StatFilter.java:518)[0;39m 
 slow sql 196 millis. DELETE FROM QRTZ_CRON_TRIGGERS WHERE SCHED_NAME = 'schedulerName' AND TRIGGER_NAME = ? AND TRIGGER_GROUP = ? ["tradeOrderAutoCancelJob","DEFAULT"]
2026-06-07 15:20:51.101 | [1;31mERROR 1721739[0;39m | [1;33mmain [TID: N/A][0;39m [1;36m[][0;39m [1;32mc.alibaba.druid.filter.stat.StatFilter  [0;39m [1;35m(StatFilter.java:518)[0;39m 
 slow sql 266 millis. DELETE FROM QRTZ_TRIGGERS WHERE SCHED_NAME = 'schedulerName' AND TRIGGER_NAME = ? AND TRIGGER_GROUP = ? ["tradeOrderAutoCancelJob","DEFAULT"]
2026-06-07 15:20:51.316 | [1;31mERROR 1721739[0;39m | [1;33mmain [TID: N/A][0;39m [1;36m[][0;39m [1;32mc.alibaba.druid.filter.stat.StatFilter  [0;39m [1;35m(StatFilter.java:518)[0;39m 
 slow sql 202 millis. DELETE FROM QRTZ_JOB_DETAILS WHERE SCHED_NAME = 'schedulerName' AND JOB_NAME = ? AND JOB_GROUP = ? ["tradeOrderAutoCancelJob","DEFAULT"]
2026-06-07 15:20:51.609 | [1;31mERROR 1721739[0;39m | [1;33mmain [TID: N/A][0;39m [1;36m[][0;39m [1;32mc.alibaba.druid.filter.stat.StatFilter  [0;39m [1;35m(StatFilter.java:518)[0;39m 
 slow sql 219 millis. INSERT INTO QRTZ_JOB_DETAILS (SCHED_NAME, JOB_NAME, JOB_GROUP, DESCRIPTION, JOB_CLASS_NAME, IS_DURABLE, IS_NONCONCURRENT, IS_UPDATE_DATA, REQUESTS_RECOVERY, JOB_DATA)  VALUES('schedulerName', ?, ?, ?, ?, ?, ?, ?, ?, ?) ["tradeOrderAutoCancelJob","DEFAULT",null,"com.douyouqu.dyq.framework.quartz.core.handler.JobHandlerInvoker",false,true,true,false,"<[B>"]
2026-06-07 15:20:51.812 | [1;31mERROR 1721739[0;39m | [1;33mmain [TID: N/A][0;39m [1;36m[][0;39m [1;32mc.alibaba.druid.filter.stat.StatFilter  [0;39m [1;35m(StatFilter.java:518)[0;39m 
 slow sql 157 millis. INSERT INTO QRTZ_TRIGGERS (SCHED_NAME, TRIGGER_NAME, TRIGGER_GROUP, JOB_NAME, JOB_GROUP, DESCRIPTION, NEXT_FIRE_TIME, PREV_FIRE_TIME, TRIGGER_STATE, TRIGGER_TYPE, START_TIME, END_TIME, CALENDAR_NAME, MISFIRE_INSTR, JOB_DATA, PRIORITY)  VALUES('schedulerName', ?, ?, ?, ?, ?, ?, ?, ?, ?, ?, ?, ?, ?, ?, ?) ["tradeOrderAutoCancelJob","DEFAULT","tradeOrderAutoCancelJob","DEFAULT",null,1780816860000,-1,"WAITING","CRON",1780816851000,0,null,0,"<[B>",5]
2026-06-07 15:20:52.038 | [1;31mERROR 1721739[0;39m | [1;33mmain [TID: N/A][0;39m [1;36m[][0;39m [1;32mc.alibaba.druid.filter.stat.StatFilter  [0;39m [1;35m(StatFilter.java:518)[0;39m 
 slow sql 224 millis. INSERT INTO QRTZ_CRON_TRIGGERS (SCHED_NAME, TRIGGER_NAME, TRIGGER_GROUP, CRON_EXPRESSION, TIME_ZONE_ID)  VALUES('schedulerName', ?, ?, ?, ?) ["tradeOrderAutoCancelJob","DEFAULT","0 * * * * ?","Asia/Shanghai"]
2026-06-07 15:20:52.292 | [1;31mERROR 1721739[0;39m | [1;33mmain [TID: N/A][0;39m [1;36m[][0;39m [1;32mc.alibaba.druid.filter.stat.StatFilter  [0;39m [1;35m(StatFilter.java:518)[0;39m 
 slow sql 194 millis. UPDATE QRTZ_TRIGGERS SET TRIGGER_STATE = ? WHERE SCHED_NAME = 'schedulerName' AND TRIGGER_NAME = ? AND TRIGGER_GROUP = ? ["PAUSED","tradeOrderAutoCancelJob","DEFAULT"]
2026-06-07 15:20:52.293 | [34m INFO 1721739[0;39m | [1;33mmain [TID: N/A][0;39m [1;36m[][0;39m [1;32mc.d.d.m.i.service.job.JobServiceImpl    [0;39m [1;35m(JobServiceImpl.java:185)[0;39m 
 
[syncJob][id(21) handlerName(tradeOrderAutoCancelJob) 同步完成]
2026-06-07 15:20:52.617 | [1;31mERROR 1721739[0;39m | [1;33mmain [TID: N/A][0;39m [1;36m[][0;39m [1;32mc.alibaba.druid.filter.stat.StatFilter  [0;39m [1;35m(StatFilter.java:518)[0;39m 
 slow sql 268 millis. DELETE FROM QRTZ_CRON_TRIGGERS WHERE SCHED_NAME = 'schedulerName' AND TRIGGER_NAME = ? AND TRIGGER_GROUP = ? ["tradeOrderAutoReceiveJob","DEFAULT"]
2026-06-07 15:20:52.833 | [1;31mERROR 1721739[0;39m | [1;33mmain [TID: N/A][0;39m [1;36m[][0;39m [1;32mc.alibaba.druid.filter.stat.StatFilter  [0;39m [1;35m(StatFilter.java:518)[0;39m 
 slow sql 214 millis. DELETE FROM QRTZ_TRIGGERS WHERE SCHED_NAME = 'schedulerName' AND TRIGGER_NAME = ? AND TRIGGER_GROUP = ? ["tradeOrderAutoReceiveJob","DEFAULT"]
2026-06-07 15:20:53.133 | [1;31mERROR 1721739[0;39m | [1;33mmain [TID: N/A][0;39m [1;36m[][0;39m [1;32mc.alibaba.druid.filter.stat.StatFilter  [0;39m [1;35m(StatFilter.java:518)[0;39m 
 slow sql 287 millis. DELETE FROM QRTZ_JOB_DETAILS WHERE SCHED_NAME = 'schedulerName' AND JOB_NAME = ? AND JOB_GROUP = ? ["tradeOrderAutoReceiveJob","DEFAULT"]
2026-06-07 15:20:53.442 | [1;31mERROR 1721739[0;39m | [1;33mmain [TID: N/A][0;39m [1;36m[][0;39m [1;32mc.alibaba.druid.filter.stat.StatFilter  [0;39m [1;35m(StatFilter.java:518)[0;39m 
 slow sql 242 millis. INSERT INTO QRTZ_JOB_DETAILS (SCHED_NAME, JOB_NAME, JOB_GROUP, DESCRIPTION, JOB_CLASS_NAME, IS_DURABLE, IS_NONCONCURRENT, IS_UPDATE_DATA, REQUESTS_RECOVERY, JOB_DATA)  VALUES('schedulerName', ?, ?, ?, ?, ?, ?, ?, ?, ?) ["tradeOrderAutoReceiveJob","DEFAULT",null,"com.douyouqu.dyq.framework.quartz.core.handler.JobHandlerInvoker",false,true,true,false,"<[B>"]
2026-06-07 15:20:53.708 | [1;31mERROR 1721739[0;39m | [1;33mmain [TID: N/A][0;39m [1;36m[][0;39m [1;32mc.alibaba.druid.filter.stat.StatFilter  [0;39m [1;35m(StatFilter.java:518)[0;39m 
 slow sql 220 millis. INSERT INTO QRTZ_TRIGGERS (SCHED_NAME, TRIGGER_NAME, TRIGGER_GROUP, JOB_NAME, JOB_GROUP, DESCRIPTION, NEXT_FIRE_TIME, PREV_FIRE_TIME, TRIGGER_STATE, TRIGGER_TYPE, START_TIME, END_TIME, CALENDAR_NAME, MISFIRE_INSTR, JOB_DATA, PRIORITY)  VALUES('schedulerName', ?, ?, ?, ?, ?, ?, ?, ?, ?, ?, ?, ?, ?, ?, ?) ["tradeOrderAutoReceiveJob","DEFAULT","tradeOrderAutoReceiveJob","DEFAULT",null,1780816860000,-1,"WAITING","CRON",1780816853000,0,null,0,"<[B>",5]
2026-06-07 15:20:54.116 | [1;31mERROR 1721739[0;39m | [1;33mmain [TID: N/A][0;39m [1;36m[][0;39m [1;32mc.alibaba.druid.filter.stat.StatFilter  [0;39m [1;35m(StatFilter.java:518)[0;39m 
 slow sql 407 millis. INSERT INTO QRTZ_CRON_TRIGGERS (SCHED_NAME, TRIGGER_NAME, TRIGGER_GROUP, CRON_EXPRESSION, TIME_ZONE_ID)  VALUES('schedulerName', ?, ?, ?, ?) ["tradeOrderAutoReceiveJob","DEFAULT","0 * * * * ?","Asia/Shanghai"]
2026-06-07 15:20:54.446 | [1;31mERROR 1721739[0;39m | [1;33mmain [TID: N/A][0;39m [1;36m[][0;39m [1;32mc.alibaba.druid.filter.stat.StatFilter  [0;39m [1;35m(StatFilter.java:518)[0;39m 
 slow sql 273 millis. UPDATE QRTZ_TRIGGERS SET TRIGGER_STATE = ? WHERE SCHED_NAME = 'schedulerName' AND TRIGGER_NAME = ? AND TRIGGER_GROUP = ? ["PAUSED","tradeOrderAutoReceiveJob","DEFAULT"]
2026-06-07 15:20:54.447 | [34m INFO 1721739[0;39m | [1;33mmain [TID: N/A][0;39m [1;36m[][0;39m [1;32mc.d.d.m.i.service.job.JobServiceImpl    [0;39m [1;35m(JobServiceImpl.java:185)[0;39m 
 
[syncJob][id(22) handlerName(tradeOrderAutoReceiveJob) 同步完成]
2026-06-07 15:20:54.885 | [1;31mERROR 1721739[0;39m | [1;33mmain [TID: N/A][0;39m [1;36m[][0;39m [1;32mc.alibaba.druid.filter.stat.StatFilter  [0;39m [1;35m(StatFilter.java:518)[0;39m 
 slow sql 380 millis. DELETE FROM QRTZ_CRON_TRIGGERS WHERE SCHED_NAME = 'schedulerName' AND TRIGGER_NAME = ? AND TRIGGER_GROUP = ? ["tradeOrderAutoCommentJob","DEFAULT"]
2026-06-07 15:20:55.216 | [1;31mERROR 1721739[0;39m | [1;33mmain [TID: N/A][0;39m [1;36m[][0;39m [1;32mc.alibaba.druid.filter.stat.StatFilter  [0;39m [1;35m(StatFilter.java:518)[0;39m 
 slow sql 330 millis. DELETE FROM QRTZ_TRIGGERS WHERE SCHED_NAME = 'schedulerName' AND TRIGGER_NAME = ? AND TRIGGER_GROUP = ? ["tradeOrderAutoCommentJob","DEFAULT"]
2026-06-07 15:20:55.531 | [1;31mERROR 1721739[0;39m | [1;33mmain [TID: N/A][0;39m [1;36m[][0;39m [1;32mc.alibaba.druid.filter.stat.StatFilter  [0;39m [1;35m(StatFilter.java:518)[0;39m 
 slow sql 302 millis. DELETE FROM QRTZ_JOB_DETAILS WHERE SCHED_NAME = 'schedulerName' AND JOB_NAME = ? AND JOB_GROUP = ? ["tradeOrderAutoCommentJob","DEFAULT"]
2026-06-07 15:20:55.835 | [1;31mERROR 1721739[0;39m | [1;33mmain [TID: N/A][0;39m [1;36m[][0;39m [1;32mc.alibaba.druid.filter.stat.StatFilter  [0;39m [1;35m(StatFilter.java:518)[0;39m 
 slow sql 237 millis. INSERT INTO QRTZ_JOB_DETAILS (SCHED_NAME, JOB_NAME, JOB_GROUP, DESCRIPTION, JOB_CLASS_NAME, IS_DURABLE, IS_NONCONCURRENT, IS_UPDATE_DATA, REQUESTS_RECOVERY, JOB_DATA)  VALUES('schedulerName', ?, ?, ?, ?, ?, ?, ?, ?, ?) ["tradeOrderAutoCommentJob","DEFAULT",null,"com.douyouqu.dyq.framework.quartz.core.handler.JobHandlerInvoker",false,true,true,false,"<[B>"]
2026-06-07 15:20:56.117 | [1;31mERROR 1721739[0;39m | [1;33mmain [TID: N/A][0;39m [1;36m[][0;39m [1;32mc.alibaba.druid.filter.stat.StatFilter  [0;39m [1;35m(StatFilter.java:518)[0;39m 
 slow sql 238 millis. INSERT INTO QRTZ_TRIGGERS (SCHED_NAME, TRIGGER_NAME, TRIGGER_GROUP, JOB_NAME, JOB_GROUP, DESCRIPTION, NEXT_FIRE_TIME, PREV_FIRE_TIME, TRIGGER_STATE, TRIGGER_TYPE, START_TIME, END_TIME, CALENDAR_NAME, MISFIRE_INSTR, JOB_DATA, PRIORITY)  VALUES('schedulerName', ?, ?, ?, ?, ?, ?, ?, ?, ?, ?, ?, ?, ?, ?, ?) ["tradeOrderAutoCommentJob","DEFAULT","tradeOrderAutoCommentJob","DEFAULT",null,1780816860000,-1,"WAITING","CRON",1780816855000,0,null,0,"<[B>",5]
2026-06-07 15:20:56.432 | [1;31mERROR 1721739[0;39m | [1;33mmain [TID: N/A][0;39m [1;36m[][0;39m [1;32mc.alibaba.druid.filter.stat.StatFilter  [0;39m [1;35m(StatFilter.java:518)[0;39m 
 slow sql 314 millis. INSERT INTO QRTZ_CRON_TRIGGERS (SCHED_NAME, TRIGGER_NAME, TRIGGER_GROUP, CRON_EXPRESSION, TIME_ZONE_ID)  VALUES('schedulerName', ?, ?, ?, ?) ["tradeOrderAutoCommentJob","DEFAULT","0 * * * * ?","Asia/Shanghai"]
2026-06-07 15:20:56.855 | [1;31mERROR 1721739[0;39m | [1;33mmain [TID: N/A][0;39m [1;36m[][0;39m [1;32mc.alibaba.druid.filter.stat.StatFilter  [0;39m [1;35m(StatFilter.java:518)[0;39m 
 slow sql 365 millis. UPDATE QRTZ_TRIGGERS SET TRIGGER_STATE = ? WHERE SCHED_NAME = 'schedulerName' AND TRIGGER_NAME = ? AND TRIGGER_GROUP = ? ["PAUSED","tradeOrderAutoCommentJob","DEFAULT"]
2026-06-07 15:20:56.856 | [34m INFO 1721739[0;39m | [1;33mmain [TID: N/A][0;39m [1;36m[][0;39m [1;32mc.d.d.m.i.service.job.JobServiceImpl    [0;39m [1;35m(JobServiceImpl.java:185)[0;39m 
 
[syncJob][id(23) handlerName(tradeOrderAutoCommentJob) 同步完成]
2026-06-07 15:20:57.093 | [1;31mERROR 1721739[0;39m | [1;33mmain [TID: N/A][0;39m [1;36m[][0;39m [1;32mc.alibaba.druid.filter.stat.StatFilter  [0;39m [1;35m(StatFilter.java:518)[0;39m 
 slow sql 182 millis. DELETE FROM QRTZ_CRON_TRIGGERS WHERE SCHED_NAME = 'schedulerName' AND TRIGGER_NAME = ? AND TRIGGER_GROUP = ? ["brokerageRecordUnfreezeJob","DEFAULT"]
2026-06-07 15:20:57.277 | [1;31mERROR 1721739[0;39m | [1;33mmain [TID: N/A][0;39m [1;36m[][0;39m [1;32mc.alibaba.druid.filter.stat.StatFilter  [0;39m [1;35m(StatFilter.java:518)[0;39m 
 slow sql 182 millis. DELETE FROM QRTZ_TRIGGERS WHERE SCHED_NAME = 'schedulerName' AND TRIGGER_NAME = ? AND TRIGGER_GROUP = ? ["brokerageRecordUnfreezeJob","DEFAULT"]
2026-06-07 15:20:57.509 | [1;31mERROR 1721739[0;39m | [1;33mmain [TID: N/A][0;39m [1;36m[][0;39m [1;32mc.alibaba.druid.filter.stat.StatFilter  [0;39m [1;35m(StatFilter.java:518)[0;39m 
 slow sql 220 millis. DELETE FROM QRTZ_JOB_DETAILS WHERE SCHED_NAME = 'schedulerName' AND JOB_NAME = ? AND JOB_GROUP = ? ["brokerageRecordUnfreezeJob","DEFAULT"]
2026-06-07 15:20:57.793 | [1;31mERROR 1721739[0;39m | [1;33mmain [TID: N/A][0;39m [1;36m[][0;39m [1;32mc.alibaba.druid.filter.stat.StatFilter  [0;39m [1;35m(StatFilter.java:518)[0;39m 
 slow sql 216 millis. INSERT INTO QRTZ_JOB_DETAILS (SCHED_NAME, JOB_NAME, JOB_GROUP, DESCRIPTION, JOB_CLASS_NAME, IS_DURABLE, IS_NONCONCURRENT, IS_UPDATE_DATA, REQUESTS_RECOVERY, JOB_DATA)  VALUES('schedulerName', ?, ?, ?, ?, ?, ?, ?, ?, ?) ["brokerageRecordUnfreezeJob","DEFAULT",null,"com.douyouqu.dyq.framework.quartz.core.handler.JobHandlerInvoker",false,true,true,false,"<[B>"]
2026-06-07 15:20:58.107 | [1;31mERROR 1721739[0;39m | [1;33mmain [TID: N/A][0;39m [1;36m[][0;39m [1;32mc.alibaba.druid.filter.stat.StatFilter  [0;39m [1;35m(StatFilter.java:518)[0;39m 
 slow sql 270 millis. INSERT INTO QRTZ_TRIGGERS (SCHED_NAME, TRIGGER_NAME, TRIGGER_GROUP, JOB_NAME, JOB_GROUP, DESCRIPTION, NEXT_FIRE_TIME, PREV_FIRE_TIME, TRIGGER_STATE, TRIGGER_TYPE, START_TIME, END_TIME, CALENDAR_NAME, MISFIRE_INSTR, JOB_DATA, PRIORITY)  VALUES('schedulerName', ?, ?, ?, ?, ?, ?, ?, ?, ?, ?, ?, ?, ?, ?, ?) ["brokerageRecordUnfreezeJob","DEFAULT","brokerageRecordUnfreezeJob","DEFAULT",null,1780816860000,-1,"WAITING","CRON",1780816857000,0,null,0,"<[B>",5]
2026-06-07 15:20:58.374 | [1;31mERROR 1721739[0;39m | [1;33mmain [TID: N/A][0;39m [1;36m[][0;39m [1;32mc.alibaba.druid.filter.stat.StatFilter  [0;39m [1;35m(StatFilter.java:518)[0;39m 
 slow sql 265 millis. INSERT INTO QRTZ_CRON_TRIGGERS (SCHED_NAME, TRIGGER_NAME, TRIGGER_GROUP, CRON_EXPRESSION, TIME_ZONE_ID)  VALUES('schedulerName', ?, ?, ?, ?) ["brokerageRecordUnfreezeJob","DEFAULT","0 * * * * ?","Asia/Shanghai"]
2026-06-07 15:20:58.698 | [1;31mERROR 1721739[0;39m | [1;33mmain [TID: N/A][0;39m [1;36m[][0;39m [1;32mc.alibaba.druid.filter.stat.StatFilter  [0;39m [1;35m(StatFilter.java:518)[0;39m 
 slow sql 266 millis. UPDATE QRTZ_TRIGGERS SET TRIGGER_STATE = ? WHERE SCHED_NAME = 'schedulerName' AND TRIGGER_NAME = ? AND TRIGGER_GROUP = ? ["PAUSED","brokerageRecordUnfreezeJob","DEFAULT"]
2026-06-07 15:20:58.699 | [34m INFO 1721739[0;39m | [1;33mmain [TID: N/A][0;39m [1;36m[][0;39m [1;32mc.d.d.m.i.service.job.JobServiceImpl    [0;39m [1;35m(JobServiceImpl.java:185)[0;39m 
 
[syncJob][id(24) handlerName(brokerageRecordUnfreezeJob) 同步完成]
2026-06-07 15:20:58.991 | [1;31mERROR 1721739[0;39m | [1;33mmain [TID: N/A][0;39m [1;36m[][0;39m [1;32mc.alibaba.druid.filter.stat.StatFilter  [0;39m [1;35m(StatFilter.java:518)[0;39m 
 slow sql 269 millis. UPDATE QRTZ_TRIGGERS SET TRIGGER_STATE = ? WHERE SCHED_NAME = 'schedulerName' AND TRIGGER_NAME = ? AND TRIGGER_GROUP = ? ["PAUSED","accessLogCleanJob","DEFAULT"]
2026-06-07 15:20:59.285 | [1;31mERROR 1721739[0;39m | [1;33mmain [TID: N/A][0;39m [1;36m[][0;39m [1;32mc.alibaba.druid.filter.stat.StatFilter  [0;39m [1;35m(StatFilter.java:518)[0;39m 
 slow sql 258 millis. DELETE FROM QRTZ_CRON_TRIGGERS WHERE SCHED_NAME = 'schedulerName' AND TRIGGER_NAME = ? AND TRIGGER_GROUP = ? ["accessLogCleanJob","DEFAULT"]
2026-06-07 15:20:59.592 | [1;31mERROR 1721739[0;39m | [1;33mmain [TID: N/A][0;39m [1;36m[][0;39m [1;32mc.alibaba.druid.filter.stat.StatFilter  [0;39m [1;35m(StatFilter.java:518)[0;39m 
 slow sql 306 millis. DELETE FROM QRTZ_TRIGGERS WHERE SCHED_NAME = 'schedulerName' AND TRIGGER_NAME = ? AND TRIGGER_GROUP = ? ["accessLogCleanJob","DEFAULT"]
2026-06-07 15:20:59.815 | [1;31mERROR 1721739[0;39m | [1;33mmain [TID: N/A][0;39m [1;36m[][0;39m [1;32mc.alibaba.druid.filter.stat.StatFilter  [0;39m [1;35m(StatFilter.java:518)[0;39m 
 slow sql 210 millis. DELETE FROM QRTZ_JOB_DETAILS WHERE SCHED_NAME = 'schedulerName' AND JOB_NAME = ? AND JOB_GROUP = ? ["accessLogCleanJob","DEFAULT"]
2026-06-07 15:21:00.165 | [1;31mERROR 1721739[0;39m | [1;33mmain [TID: N/A][0;39m [1;36m[][0;39m [1;32mc.alibaba.druid.filter.stat.StatFilter  [0;39m [1;35m(StatFilter.java:518)[0;39m 
 slow sql 282 millis. INSERT INTO QRTZ_JOB_DETAILS (SCHED_NAME, JOB_NAME, JOB_GROUP, DESCRIPTION, JOB_CLASS_NAME, IS_DURABLE, IS_NONCONCURRENT, IS_UPDATE_DATA, REQUESTS_RECOVERY, JOB_DATA)  VALUES('schedulerName', ?, ?, ?, ?, ?, ?, ?, ?, ?) ["accessLogCleanJob","DEFAULT",null,"com.douyouqu.dyq.framework.quartz.core.handler.JobHandlerInvoker",false,true,true,false,"<[B>"]
2026-06-07 15:21:00.499 | [1;31mERROR 1721739[0;39m | [1;33mmain [TID: N/A][0;39m [1;36m[][0;39m [1;32mc.alibaba.druid.filter.stat.StatFilter  [0;39m [1;35m(StatFilter.java:518)[0;39m 
 slow sql 287 millis. INSERT INTO QRTZ_TRIGGERS (SCHED_NAME, TRIGGER_NAME, TRIGGER_GROUP, JOB_NAME, JOB_GROUP, DESCRIPTION, NEXT_FIRE_TIME, PREV_FIRE_TIME, TRIGGER_STATE, TRIGGER_TYPE, START_TIME, END_TIME, CALENDAR_NAME, MISFIRE_INSTR, JOB_DATA, PRIORITY)  VALUES('schedulerName', ?, ?, ?, ?, ?, ?, ?, ?, ?, ?, ?, ?, ?, ?, ?) ["accessLogCleanJob","DEFAULT","accessLogCleanJob","DEFAULT",null,1780848000000,-1,"WAITING","CRON",1780816859000,0,null,0,"<[B>",5]
2026-06-07 15:21:00.757 | [1;31mERROR 1721739[0;39m | [1;33mmain [TID: N/A][0;39m [1;36m[][0;39m [1;32mc.alibaba.druid.filter.stat.StatFilter  [0;39m [1;35m(StatFilter.java:518)[0;39m 
 slow sql 257 millis. INSERT INTO QRTZ_CRON_TRIGGERS (SCHED_NAME, TRIGGER_NAME, TRIGGER_GROUP, CRON_EXPRESSION, TIME_ZONE_ID)  VALUES('schedulerName', ?, ?, ?, ?) ["accessLogCleanJob","DEFAULT","0 0 0 * * ?","Asia/Shanghai"]
2026-06-07 15:21:01.069 | [1;31mERROR 1721739[0;39m | [1;33mmain [TID: N/A][0;39m [1;36m[][0;39m [1;32mc.alibaba.druid.filter.stat.StatFilter  [0;39m [1;35m(StatFilter.java:518)[0;39m 
 slow sql 253 millis. UPDATE QRTZ_TRIGGERS SET TRIGGER_STATE = ? WHERE SCHED_NAME = 'schedulerName' AND TRIGGER_NAME = ? AND TRIGGER_GROUP = ? ["PAUSED","accessLogCleanJob","DEFAULT"]
2026-06-07 15:21:01.069 | [34m INFO 1721739[0;39m | [1;33mmain [TID: N/A][0;39m [1;36m[][0;39m [1;32mc.d.d.m.i.service.job.JobServiceImpl    [0;39m [1;35m(JobServiceImpl.java:185)[0;39m 
 
[syncJob][id(25) handlerName(accessLogCleanJob) 同步完成]
2026-06-07 15:21:01.360 | [1;31mERROR 1721739[0;39m | [1;33mmain [TID: N/A][0;39m [1;36m[][0;39m [1;32mc.alibaba.druid.filter.stat.StatFilter  [0;39m [1;35m(StatFilter.java:518)[0;39m 
 slow sql 267 millis. UPDATE QRTZ_TRIGGERS SET TRIGGER_STATE = ? WHERE SCHED_NAME = 'schedulerName' AND TRIGGER_NAME = ? AND TRIGGER_GROUP = ? ["PAUSED","errorLogCleanJob","DEFAULT"]
2026-06-07 15:21:01.619 | [1;31mERROR 1721739[0;39m | [1;33mmain [TID: N/A][0;39m [1;36m[][0;39m [1;32mc.alibaba.druid.filter.stat.StatFilter  [0;39m [1;35m(StatFilter.java:518)[0;39m 
 slow sql 224 millis. DELETE FROM QRTZ_CRON_TRIGGERS WHERE SCHED_NAME = 'schedulerName' AND TRIGGER_NAME = ? AND TRIGGER_GROUP = ? ["errorLogCleanJob","DEFAULT"]
2026-06-07 15:21:01.852 | [1;31mERROR 1721739[0;39m | [1;33mmain [TID: N/A][0;39m [1;36m[][0;39m [1;32mc.alibaba.druid.filter.stat.StatFilter  [0;39m [1;35m(StatFilter.java:518)[0;39m 
 slow sql 232 millis. DELETE FROM QRTZ_TRIGGERS WHERE SCHED_NAME = 'schedulerName' AND TRIGGER_NAME = ? AND TRIGGER_GROUP = ? ["errorLogCleanJob","DEFAULT"]
2026-06-07 15:21:02.140 | [1;31mERROR 1721739[0;39m | [1;33mmain [TID: N/A][0;39m [1;36m[][0;39m [1;32mc.alibaba.druid.filter.stat.StatFilter  [0;39m [1;35m(StatFilter.java:518)[0;39m 
 slow sql 276 millis. DELETE FROM QRTZ_JOB_DETAILS WHERE SCHED_NAME = 'schedulerName' AND JOB_NAME = ? AND JOB_GROUP = ? ["errorLogCleanJob","DEFAULT"]
2026-06-07 15:21:02.390 | [1;31mERROR 1721739[0;39m | [1;33mmain [TID: N/A][0;39m [1;36m[][0;39m [1;32mc.alibaba.druid.filter.stat.StatFilter  [0;39m [1;35m(StatFilter.java:518)[0;39m 
 slow sql 184 millis. INSERT INTO QRTZ_JOB_DETAILS (SCHED_NAME, JOB_NAME, JOB_GROUP, DESCRIPTION, JOB_CLASS_NAME, IS_DURABLE, IS_NONCONCURRENT, IS_UPDATE_DATA, REQUESTS_RECOVERY, JOB_DATA)  VALUES('schedulerName', ?, ?, ?, ?, ?, ?, ?, ?, ?) ["errorLogCleanJob","DEFAULT",null,"com.douyouqu.dyq.framework.quartz.core.handler.JobHandlerInvoker",false,true,true,false,"<[B>"]
2026-06-07 15:21:02.815 | [1;31mERROR 1721739[0;39m | [1;33mmain [TID: N/A][0;39m [1;36m[][0;39m [1;32mc.alibaba.druid.filter.stat.StatFilter  [0;39m [1;35m(StatFilter.java:518)[0;39m 
 slow sql 381 millis. INSERT INTO QRTZ_TRIGGERS (SCHED_NAME, TRIGGER_NAME, TRIGGER_GROUP, JOB_NAME, JOB_GROUP, DESCRIPTION, NEXT_FIRE_TIME, PREV_FIRE_TIME, TRIGGER_STATE, TRIGGER_TYPE, START_TIME, END_TIME, CALENDAR_NAME, MISFIRE_INSTR, JOB_DATA, PRIORITY)  VALUES('schedulerName', ?, ?, ?, ?, ?, ?, ?, ?, ?, ?, ?, ?, ?, ?, ?) ["errorLogCleanJob","DEFAULT","errorLogCleanJob","DEFAULT",null,1780848000000,-1,"WAITING","CRON",1780816862000,0,null,0,"<[B>",5]
2026-06-07 15:21:03.056 | [1;31mERROR 1721739[0;39m | [1;33mmain [TID: N/A][0;39m [1;36m[][0;39m [1;32mc.alibaba.druid.filter.stat.StatFilter  [0;39m [1;35m(StatFilter.java:518)[0;39m 
 slow sql 240 millis. INSERT INTO QRTZ_CRON_TRIGGERS (SCHED_NAME, TRIGGER_NAME, TRIGGER_GROUP, CRON_EXPRESSION, TIME_ZONE_ID)  VALUES('schedulerName', ?, ?, ?, ?) ["errorLogCleanJob","DEFAULT","0 0 0 * * ?","Asia/Shanghai"]
2026-06-07 15:21:03.340 | [1;31mERROR 1721739[0;39m | [1;33mmain [TID: N/A][0;39m [1;36m[][0;39m [1;32mc.alibaba.druid.filter.stat.StatFilter  [0;39m [1;35m(StatFilter.java:518)[0;39m 
 slow sql 227 millis. UPDATE QRTZ_TRIGGERS SET TRIGGER_STATE = ? WHERE SCHED_NAME = 'schedulerName' AND TRIGGER_NAME = ? AND TRIGGER_GROUP = ? ["PAUSED","errorLogCleanJob","DEFAULT"]
2026-06-07 15:21:03.340 | [34m INFO 1721739[0;39m | [1;33mmain [TID: N/A][0;39m [1;36m[][0;39m [1;32mc.d.d.m.i.service.job.JobServiceImpl    [0;39m [1;35m(JobServiceImpl.java:185)[0;39m 
 
[syncJob][id(26) handlerName(errorLogCleanJob) 同步完成]
2026-06-07 15:21:03.548 | [1;31mERROR 1721739[0;39m | [1;33mmain [TID: N/A][0;39m [1;36m[][0;39m [1;32mc.alibaba.druid.filter.stat.StatFilter  [0;39m [1;35m(StatFilter.java:518)[0;39m 
 slow sql 185 millis. UPDATE QRTZ_TRIGGERS SET TRIGGER_STATE = ? WHERE SCHED_NAME = 'schedulerName' AND TRIGGER_NAME = ? AND TRIGGER_GROUP = ? ["PAUSED","jobLogCleanJob","DEFAULT"]
2026-06-07 15:21:03.839 | [1;31mERROR 1721739[0;39m | [1;33mmain [TID: N/A][0;39m [1;36m[][0;39m [1;32mc.alibaba.druid.filter.stat.StatFilter  [0;39m [1;35m(StatFilter.java:518)[0;39m 
 slow sql 259 millis. DELETE FROM QRTZ_CRON_TRIGGERS WHERE SCHED_NAME = 'schedulerName' AND TRIGGER_NAME = ? AND TRIGGER_GROUP = ? ["jobLogCleanJob","DEFAULT"]
2026-06-07 15:21:04.006 | [1;31mERROR 1721739[0;39m | [1;33mmain [TID: N/A][0;39m [1;36m[][0;39m [1;32mc.alibaba.druid.filter.stat.StatFilter  [0;39m [1;35m(StatFilter.java:518)[0;39m 
 slow sql 166 millis. DELETE FROM QRTZ_TRIGGERS WHERE SCHED_NAME = 'schedulerName' AND TRIGGER_NAME = ? AND TRIGGER_GROUP = ? ["jobLogCleanJob","DEFAULT"]
2026-06-07 15:21:04.239 | [1;31mERROR 1721739[0;39m | [1;33mmain [TID: N/A][0;39m [1;36m[][0;39m [1;32mc.alibaba.druid.filter.stat.StatFilter  [0;39m [1;35m(StatFilter.java:518)[0;39m 
 slow sql 221 millis. DELETE FROM QRTZ_JOB_DETAILS WHERE SCHED_NAME = 'schedulerName' AND JOB_NAME = ? AND JOB_GROUP = ? ["jobLogCleanJob","DEFAULT"]
2026-06-07 15:21:04.498 | [1;31mERROR 1721739[0;39m | [1;33mmain [TID: N/A][0;39m [1;36m[][0;39m [1;32mc.alibaba.druid.filter.stat.StatFilter  [0;39m [1;35m(StatFilter.java:518)[0;39m 
 slow sql 193 millis. INSERT INTO QRTZ_JOB_DETAILS (SCHED_NAME, JOB_NAME, JOB_GROUP, DESCRIPTION, JOB_CLASS_NAME, IS_DURABLE, IS_NONCONCURRENT, IS_UPDATE_DATA, REQUESTS_RECOVERY, JOB_DATA)  VALUES('schedulerName', ?, ?, ?, ?, ?, ?, ?, ?, ?) ["jobLogCleanJob","DEFAULT",null,"com.douyouqu.dyq.framework.quartz.core.handler.JobHandlerInvoker",false,true,true,false,"<[B>"]
2026-06-07 15:21:04.706 | [1;31mERROR 1721739[0;39m | [1;33mmain [TID: N/A][0;39m [1;36m[][0;39m [1;32mc.alibaba.druid.filter.stat.StatFilter  [0;39m [1;35m(StatFilter.java:518)[0;39m 
 slow sql 165 millis. INSERT INTO QRTZ_TRIGGERS (SCHED_NAME, TRIGGER_NAME, TRIGGER_GROUP, JOB_NAME, JOB_GROUP, DESCRIPTION, NEXT_FIRE_TIME, PREV_FIRE_TIME, TRIGGER_STATE, TRIGGER_TYPE, START_TIME, END_TIME, CALENDAR_NAME, MISFIRE_INSTR, JOB_DATA, PRIORITY)  VALUES('schedulerName', ?, ?, ?, ?, ?, ?, ?, ?, ?, ?, ?, ?, ?, ?, ?) ["jobLogCleanJob","DEFAULT","jobLogCleanJob","DEFAULT",null,1782748800000,-1,"WAITING","CRON",1780816864000,0,null,0,"<[B>",5]
2026-06-07 15:21:04.976 | [1;31mERROR 1721739[0;39m | [1;33mmain [TID: N/A][0;39m [1;36m[][0;39m [1;32mc.alibaba.druid.filter.stat.StatFilter  [0;39m [1;35m(StatFilter.java:518)[0;39m 
 slow sql 269 millis. INSERT INTO QRTZ_CRON_TRIGGERS (SCHED_NAME, TRIGGER_NAME, TRIGGER_GROUP, CRON_EXPRESSION, TIME_ZONE_ID)  VALUES('schedulerName', ?, ?, ?, ?) ["jobLogCleanJob","DEFAULT","0 0 0 L * ?","Asia/Shanghai"]
2026-06-07 15:21:04.977 | [34m INFO 1721739[0;39m | [1;33mmain [TID: N/A][0;39m [1;36m[][0;39m [1;32mc.d.d.m.i.service.job.JobServiceImpl    [0;39m [1;35m(JobServiceImpl.java:185)[0;39m 
 
[syncJob][id(27) handlerName(jobLogCleanJob) 同步完成]
2026-06-07 15:21:05.189 | [1;31mERROR 1721739[0;39m | [1;33mmain [TID: N/A][0;39m [1;36m[][0;39m [1;32mc.alibaba.druid.filter.stat.StatFilter  [0;39m [1;35m(StatFilter.java:518)[0;39m 
 slow sql 158 millis. DELETE FROM QRTZ_CRON_TRIGGERS WHERE SCHED_NAME = 'schedulerName' AND TRIGGER_NAME = ? AND TRIGGER_GROUP = ? ["cloudphoneNurturePlanScheduleJob","DEFAULT"]
2026-06-07 15:21:05.489 | [1;31mERROR 1721739[0;39m | [1;33mmain [TID: N/A][0;39m [1;36m[][0;39m [1;32mc.alibaba.druid.filter.stat.StatFilter  [0;39m [1;35m(StatFilter.java:518)[0;39m 
 slow sql 299 millis. DELETE FROM QRTZ_TRIGGERS WHERE SCHED_NAME = 'schedulerName' AND TRIGGER_NAME = ? AND TRIGGER_GROUP = ? ["cloudphoneNurturePlanScheduleJob","DEFAULT"]
2026-06-07 15:21:05.783 | [1;31mERROR 1721739[0;39m | [1;33mmain [TID: N/A][0;39m [1;36m[][0;39m [1;32mc.alibaba.druid.filter.stat.StatFilter  [0;39m [1;35m(StatFilter.java:518)[0;39m 
 slow sql 281 millis. DELETE FROM QRTZ_JOB_DETAILS WHERE SCHED_NAME = 'schedulerName' AND JOB_NAME = ? AND JOB_GROUP = ? ["cloudphoneNurturePlanScheduleJob","DEFAULT"]
2026-06-07 15:21:06.064 | [1;31mERROR 1721739[0;39m | [1;33mmain [TID: N/A][0;39m [1;36m[][0;39m [1;32mc.alibaba.druid.filter.stat.StatFilter  [0;39m [1;35m(StatFilter.java:518)[0;39m 
 slow sql 215 millis. INSERT INTO QRTZ_JOB_DETAILS (SCHED_NAME, JOB_NAME, JOB_GROUP, DESCRIPTION, JOB_CLASS_NAME, IS_DURABLE, IS_NONCONCURRENT, IS_UPDATE_DATA, REQUESTS_RECOVERY, JOB_DATA)  VALUES('schedulerName', ?, ?, ?, ?, ?, ?, ?, ?, ?) ["cloudphoneNurturePlanScheduleJob","DEFAULT",null,"com.douyouqu.dyq.framework.quartz.core.handler.JobHandlerInvoker",false,true,true,false,"<[B>"]
2026-06-07 15:21:06.333 | [1;31mERROR 1721739[0;39m | [1;33mmain [TID: N/A][0;39m [1;36m[][0;39m [1;32mc.alibaba.druid.filter.stat.StatFilter  [0;39m [1;35m(StatFilter.java:518)[0;39m 
 slow sql 224 millis. INSERT INTO QRTZ_TRIGGERS (SCHED_NAME, TRIGGER_NAME, TRIGGER_GROUP, JOB_NAME, JOB_GROUP, DESCRIPTION, NEXT_FIRE_TIME, PREV_FIRE_TIME, TRIGGER_STATE, TRIGGER_TYPE, START_TIME, END_TIME, CALENDAR_NAME, MISFIRE_INSTR, JOB_DATA, PRIORITY)  VALUES('schedulerName', ?, ?, ?, ?, ?, ?, ?, ?, ?, ?, ?, ?, ?, ?, ?) ["cloudphoneNurturePlanScheduleJob","DEFAULT","cloudphoneNurturePlanScheduleJob","DEFAULT",null,1780851600000,-1,"WAITING","CRON",1780816865000,0,null,0,"<[B>",5]
2026-06-07 15:21:06.539 | [1;31mERROR 1721739[0;39m | [1;33mmain [TID: N/A][0;39m [1;36m[][0;39m [1;32mc.alibaba.druid.filter.stat.StatFilter  [0;39m [1;35m(StatFilter.java:518)[0;39m 
 slow sql 205 millis. INSERT INTO QRTZ_CRON_TRIGGERS (SCHED_NAME, TRIGGER_NAME, TRIGGER_GROUP, CRON_EXPRESSION, TIME_ZONE_ID)  VALUES('schedulerName', ?, ?, ?, ?) ["cloudphoneNurturePlanScheduleJob","DEFAULT","0 0 1 * * ?","Asia/Shanghai"]
2026-06-07 15:21:06.799 | [1;31mERROR 1721739[0;39m | [1;33mmain [TID: N/A][0;39m [1;36m[][0;39m [1;32mc.alibaba.druid.filter.stat.StatFilter  [0;39m [1;35m(StatFilter.java:518)[0;39m 
 slow sql 204 millis. UPDATE QRTZ_TRIGGERS SET TRIGGER_STATE = ? WHERE SCHED_NAME = 'schedulerName' AND TRIGGER_NAME = ? AND TRIGGER_GROUP = ? ["PAUSED","cloudphoneNurturePlanScheduleJob","DEFAULT"]
2026-06-07 15:21:06.800 | [34m INFO 1721739[0;39m | [1;33mmain [TID: N/A][0;39m [1;36m[][0;39m [1;32mc.d.d.m.i.service.job.JobServiceImpl    [0;39m [1;35m(JobServiceImpl.java:185)[0;39m 
 
[syncJob][id(5201) handlerName(cloudphoneNurturePlanScheduleJob) 同步完成]
2026-06-07 15:21:07.014 | [1;31mERROR 1721739[0;39m | [1;33mmain [TID: N/A][0;39m [1;36m[][0;39m [1;32mc.alibaba.druid.filter.stat.StatFilter  [0;39m [1;35m(StatFilter.java:518)[0;39m 
 slow sql 191 millis. UPDATE QRTZ_TRIGGERS SET TRIGGER_STATE = ? WHERE SCHED_NAME = 'schedulerName' AND TRIGGER_NAME = ? AND TRIGGER_GROUP = ? ["PAUSED","cloudphoneNurtureTimeoutScanJob","DEFAULT"]
2026-06-07 15:21:07.222 | [1;31mERROR 1721739[0;39m | [1;33mmain [TID: N/A][0;39m [1;36m[][0;39m [1;32mc.alibaba.druid.filter.stat.StatFilter  [0;39m [1;35m(StatFilter.java:518)[0;39m 
 slow sql 174 millis. DELETE FROM QRTZ_CRON_TRIGGERS WHERE SCHED_NAME = 'schedulerName' AND TRIGGER_NAME = ? AND TRIGGER_GROUP = ? ["cloudphoneNurtureTimeoutScanJob","DEFAULT"]
2026-06-07 15:21:07.407 | [1;31mERROR 1721739[0;39m | [1;33mmain [TID: N/A][0;39m [1;36m[][0;39m [1;32mc.alibaba.druid.filter.stat.StatFilter  [0;39m [1;35m(StatFilter.java:518)[0;39m 
 slow sql 184 millis. DELETE FROM QRTZ_TRIGGERS WHERE SCHED_NAME = 'schedulerName' AND TRIGGER_NAME = ? AND TRIGGER_GROUP = ? ["cloudphoneNurtureTimeoutScanJob","DEFAULT"]
2026-06-07 15:21:07.647 | [1;31mERROR 1721739[0;39m | [1;33mmain [TID: N/A][0;39m [1;36m[][0;39m [1;32mc.alibaba.druid.filter.stat.StatFilter  [0;39m [1;35m(StatFilter.java:518)[0;39m 
 slow sql 226 millis. DELETE FROM QRTZ_JOB_DETAILS WHERE SCHED_NAME = 'schedulerName' AND JOB_NAME = ? AND JOB_GROUP = ? ["cloudphoneNurtureTimeoutScanJob","DEFAULT"]
2026-06-07 15:21:07.955 | [1;31mERROR 1721739[0;39m | [1;33mmain [TID: N/A][0;39m [1;36m[][0;39m [1;32mc.alibaba.druid.filter.stat.StatFilter  [0;39m [1;35m(StatFilter.java:518)[0;39m 
 slow sql 241 millis. INSERT INTO QRTZ_JOB_DETAILS (SCHED_NAME, JOB_NAME, JOB_GROUP, DESCRIPTION, JOB_CLASS_NAME, IS_DURABLE, IS_NONCONCURRENT, IS_UPDATE_DATA, REQUESTS_RECOVERY, JOB_DATA)  VALUES('schedulerName', ?, ?, ?, ?, ?, ?, ?, ?, ?) ["cloudphoneNurtureTimeoutScanJob","DEFAULT",null,"com.douyouqu.dyq.framework.quartz.core.handler.JobHandlerInvoker",false,true,true,false,"<[B>"]
2026-06-07 15:21:08.281 | [1;31mERROR 1721739[0;39m | [1;33mmain [TID: N/A][0;39m [1;36m[][0;39m [1;32mc.alibaba.druid.filter.stat.StatFilter  [0;39m [1;35m(StatFilter.java:518)[0;39m 
 slow sql 278 millis. INSERT INTO QRTZ_TRIGGERS (SCHED_NAME, TRIGGER_NAME, TRIGGER_GROUP, JOB_NAME, JOB_GROUP, DESCRIPTION, NEXT_FIRE_TIME, PREV_FIRE_TIME, TRIGGER_STATE, TRIGGER_TYPE, START_TIME, END_TIME, CALENDAR_NAME, MISFIRE_INSTR, JOB_DATA, PRIORITY)  VALUES('schedulerName', ?, ?, ?, ?, ?, ?, ?, ?, ?, ?, ?, ?, ?, ?, ?) ["cloudphoneNurtureTimeoutScanJob","DEFAULT","cloudphoneNurtureTimeoutScanJob","DEFAULT",null,1780817400000,-1,"WAITING","CRON",1780816867000,0,null,0,"<[B>",5]
2026-06-07 15:21:08.439 | [1;31mERROR 1721739[0;39m | [1;33mmain [TID: N/A][0;39m [1;36m[][0;39m [1;32mc.alibaba.druid.filter.stat.StatFilter  [0;39m [1;35m(StatFilter.java:518)[0;39m 
 slow sql 156 millis. INSERT INTO QRTZ_CRON_TRIGGERS (SCHED_NAME, TRIGGER_NAME, TRIGGER_GROUP, CRON_EXPRESSION, TIME_ZONE_ID)  VALUES('schedulerName', ?, ?, ?, ?) ["cloudphoneNurtureTimeoutScanJob","DEFAULT","0 */30 * * * ?","Asia/Shanghai"]
2026-06-07 15:21:08.738 | [1;31mERROR 1721739[0;39m | [1;33mmain [TID: N/A][0;39m [1;36m[][0;39m [1;32mc.alibaba.druid.filter.stat.StatFilter  [0;39m [1;35m(StatFilter.java:518)[0;39m 
 slow sql 238 millis. UPDATE QRTZ_TRIGGERS SET TRIGGER_STATE = ? WHERE SCHED_NAME = 'schedulerName' AND TRIGGER_NAME = ? AND TRIGGER_GROUP = ? ["PAUSED","cloudphoneNurtureTimeoutScanJob","DEFAULT"]
2026-06-07 15:21:08.739 | [34m INFO 1721739[0;39m | [1;33mmain [TID: N/A][0;39m [1;36m[][0;39m [1;32mc.d.d.m.i.service.job.JobServiceImpl    [0;39m [1;35m(JobServiceImpl.java:185)[0;39m 
 
[syncJob][id(5202) handlerName(cloudphoneNurtureTimeoutScanJob) 同步完成]
2026-06-07 15:21:09.013 | [1;31mERROR 1721739[0;39m | [1;33mmain [TID: N/A][0;39m [1;36m[][0;39m [1;32mc.alibaba.druid.filter.stat.StatFilter  [0;39m [1;35m(StatFilter.java:518)[0;39m 
 slow sql 221 millis. DELETE FROM QRTZ_CRON_TRIGGERS WHERE SCHED_NAME = 'schedulerName' AND TRIGGER_NAME = ? AND TRIGGER_GROUP = ? ["infraStatsPersistJob","DEFAULT"]
2026-06-07 15:21:09.272 | [1;31mERROR 1721739[0;39m | [1;33mmain [TID: N/A][0;39m [1;36m[][0;39m [1;32mc.alibaba.druid.filter.stat.StatFilter  [0;39m [1;35m(StatFilter.java:518)[0;39m 
 slow sql 257 millis. DELETE FROM QRTZ_TRIGGERS WHERE SCHED_NAME = 'schedulerName' AND TRIGGER_NAME = ? AND TRIGGER_GROUP = ? ["infraStatsPersistJob","DEFAULT"]
2026-06-07 15:21:09.563 | [1;31mERROR 1721739[0;39m | [1;33mmain [TID: N/A][0;39m [1;36m[][0;39m [1;32mc.alibaba.druid.filter.stat.StatFilter  [0;39m [1;35m(StatFilter.java:518)[0;39m 
 slow sql 280 millis. DELETE FROM QRTZ_JOB_DETAILS WHERE SCHED_NAME = 'schedulerName' AND JOB_NAME = ? AND JOB_GROUP = ? ["infraStatsPersistJob","DEFAULT"]
2026-06-07 15:21:09.863 | [1;31mERROR 1721739[0;39m | [1;33mmain [TID: N/A][0;39m [1;36m[][0;39m [1;32mc.alibaba.druid.filter.stat.StatFilter  [0;39m [1;35m(StatFilter.java:518)[0;39m 
 slow sql 233 millis. INSERT INTO QRTZ_JOB_DETAILS (SCHED_NAME, JOB_NAME, JOB_GROUP, DESCRIPTION, JOB_CLASS_NAME, IS_DURABLE, IS_NONCONCURRENT, IS_UPDATE_DATA, REQUESTS_RECOVERY, JOB_DATA)  VALUES('schedulerName', ?, ?, ?, ?, ?, ?, ?, ?, ?) ["infraStatsPersistJob","DEFAULT",null,"com.douyouqu.dyq.framework.quartz.core.handler.JobHandlerInvoker",false,true,true,false,"<[B>"]
2026-06-07 15:21:10.163 | [1;31mERROR 1721739[0;39m | [1;33mmain [TID: N/A][0;39m [1;36m[][0;39m [1;32mc.alibaba.druid.filter.stat.StatFilter  [0;39m [1;35m(StatFilter.java:518)[0;39m 
 slow sql 255 millis. INSERT INTO QRTZ_TRIGGERS (SCHED_NAME, TRIGGER_NAME, TRIGGER_GROUP, JOB_NAME, JOB_GROUP, DESCRIPTION, NEXT_FIRE_TIME, PREV_FIRE_TIME, TRIGGER_STATE, TRIGGER_TYPE, START_TIME, END_TIME, CALENDAR_NAME, MISFIRE_INSTR, JOB_DATA, PRIORITY)  VALUES('schedulerName', ?, ?, ?, ?, ?, ?, ?, ?, ?, ?, ?, ?, ?, ?, ?) ["infraStatsPersistJob","DEFAULT","infraStatsPersistJob","DEFAULT",null,1780816890000,-1,"WAITING","CRON",1780816869000,0,null,0,"<[B>",5]
2026-06-07 15:21:10.432 | [1;31mERROR 1721739[0;39m | [1;33mmain [TID: N/A][0;39m [1;36m[][0;39m [1;32mc.alibaba.druid.filter.stat.StatFilter  [0;39m [1;35m(StatFilter.java:518)[0;39m 
 slow sql 267 millis. INSERT INTO QRTZ_CRON_TRIGGERS (SCHED_NAME, TRIGGER_NAME, TRIGGER_GROUP, CRON_EXPRESSION, TIME_ZONE_ID)  VALUES('schedulerName', ?, ?, ?, ?) ["infraStatsPersistJob","DEFAULT","*/30 * * * * ?","Asia/Shanghai"]
2026-06-07 15:21:10.433 | [34m INFO 1721739[0;39m | [1;33mmain [TID: N/A][0;39m [1;36m[][0;39m [1;32mc.d.d.m.i.service.job.JobServiceImpl    [0;39m [1;35m(JobServiceImpl.java:185)[0;39m 
 
[syncJob][id(99801) handlerName(infraStatsPersistJob) 同步完成]
2026-06-07 15:21:10.854 | [1;31mERROR 1721739[0;39m | [1;33mmain [TID: N/A][0;39m [1;36m[][0;39m [1;32mc.alibaba.druid.filter.stat.StatFilter  [0;39m [1;35m(StatFilter.java:518)[0;39m 
 slow sql 367 millis. DELETE FROM QRTZ_CRON_TRIGGERS WHERE SCHED_NAME = 'schedulerName' AND TRIGGER_NAME = ? AND TRIGGER_GROUP = ? ["infraStatsCalibrationJob","DEFAULT"]
2026-06-07 15:21:11.038 | [1;31mERROR 1721739[0;39m | [1;33mmain [TID: N/A][0;39m [1;36m[][0;39m [1;32mc.alibaba.druid.filter.stat.StatFilter  [0;39m [1;35m(StatFilter.java:518)[0;39m 
 slow sql 183 millis. DELETE FROM QRTZ_TRIGGERS WHERE SCHED_NAME = 'schedulerName' AND TRIGGER_NAME = ? AND TRIGGER_GROUP = ? ["infraStatsCalibrationJob","DEFAULT"]
2026-06-07 15:21:11.346 | [1;31mERROR 1721739[0;39m | [1;33mmain [TID: N/A][0;39m [1;36m[][0;39m [1;32mc.alibaba.druid.filter.stat.StatFilter  [0;39m [1;35m(StatFilter.java:518)[0;39m 
 slow sql 297 millis. DELETE FROM QRTZ_JOB_DETAILS WHERE SCHED_NAME = 'schedulerName' AND JOB_NAME = ? AND JOB_GROUP = ? ["infraStatsCalibrationJob","DEFAULT"]
2026-06-07 15:21:11.638 | [1;31mERROR 1721739[0;39m | [1;33mmain [TID: N/A][0;39m [1;36m[][0;39m [1;32mc.alibaba.druid.filter.stat.StatFilter  [0;39m [1;35m(StatFilter.java:518)[0;39m 
 slow sql 226 millis. INSERT INTO QRTZ_JOB_DETAILS (SCHED_NAME, JOB_NAME, JOB_GROUP, DESCRIPTION, JOB_CLASS_NAME, IS_DURABLE, IS_NONCONCURRENT, IS_UPDATE_DATA, REQUESTS_RECOVERY, JOB_DATA)  VALUES('schedulerName', ?, ?, ?, ?, ?, ?, ?, ?, ?) ["infraStatsCalibrationJob","DEFAULT",null,"com.douyouqu.dyq.framework.quartz.core.handler.JobHandlerInvoker",false,true,true,false,"<[B>"]
2026-06-07 15:21:11.863 | [1;31mERROR 1721739[0;39m | [1;33mmain [TID: N/A][0;39m [1;36m[][0;39m [1;32mc.alibaba.druid.filter.stat.StatFilter  [0;39m [1;35m(StatFilter.java:518)[0;39m 
 slow sql 181 millis. INSERT INTO QRTZ_TRIGGERS (SCHED_NAME, TRIGGER_NAME, TRIGGER_GROUP, JOB_NAME, JOB_GROUP, DESCRIPTION, NEXT_FIRE_TIME, PREV_FIRE_TIME, TRIGGER_STATE, TRIGGER_TYPE, START_TIME, END_TIME, CALENDAR_NAME, MISFIRE_INSTR, JOB_DATA, PRIORITY)  VALUES('schedulerName', ?, ?, ?, ?, ?, ?, ?, ?, ?, ?, ?, ?, ?, ?, ?) ["infraStatsCalibrationJob","DEFAULT","infraStatsCalibrationJob","DEFAULT",null,1780858800000,-1,"WAITING","CRON",1780816871000,0,null,0,"<[B>",5]
2026-06-07 15:21:12.013 | [1;31mERROR 1721739[0;39m | [1;33mmain [TID: N/A][0;39m [1;36m[][0;39m [1;32mc.alibaba.druid.filter.stat.StatFilter  [0;39m [1;35m(StatFilter.java:518)[0;39m 
 slow sql 149 millis. INSERT INTO QRTZ_CRON_TRIGGERS (SCHED_NAME, TRIGGER_NAME, TRIGGER_GROUP, CRON_EXPRESSION, TIME_ZONE_ID)  VALUES('schedulerName', ?, ?, ?, ?) ["infraStatsCalibrationJob","DEFAULT","0 0 3 * * ?","Asia/Shanghai"]
2026-06-07 15:21:12.255 | [1;31mERROR 1721739[0;39m | [1;33mmain [TID: N/A][0;39m [1;36m[][0;39m [1;32mc.alibaba.druid.filter.stat.StatFilter  [0;39m [1;35m(StatFilter.java:518)[0;39m 
 slow sql 189 millis. UPDATE QRTZ_TRIGGERS SET TRIGGER_STATE = ? WHERE SCHED_NAME = 'schedulerName' AND TRIGGER_NAME = ? AND TRIGGER_GROUP = ? ["PAUSED","infraStatsCalibrationJob","DEFAULT"]
2026-06-07 15:21:12.255 | [34m INFO 1721739[0;39m | [1;33mmain [TID: N/A][0;39m [1;36m[][0;39m [1;32mc.d.d.m.i.service.job.JobServiceImpl    [0;39m [1;35m(JobServiceImpl.java:185)[0;39m 
 
[syncJob][id(99802) handlerName(infraStatsCalibrationJob) 同步完成]
2026-06-07 15:21:12.457 | [1;31mERROR 1721739[0;39m | [1;33mmain [TID: N/A][0;39m [1;36m[][0;39m [1;32mc.alibaba.druid.filter.stat.StatFilter  [0;39m [1;35m(StatFilter.java:518)[0;39m 
 slow sql 181 millis. UPDATE QRTZ_TRIGGERS SET TRIGGER_STATE = ? WHERE SCHED_NAME = 'schedulerName' AND TRIGGER_NAME = ? AND TRIGGER_GROUP = ? ["PAUSED","cloudphoneInstanceSyncJob","DEFAULT"]
2026-06-07 15:21:12.696 | [1;31mERROR 1721739[0;39m | [1;33mmain [TID: N/A][0;39m [1;36m[][0;39m [1;32mc.alibaba.druid.filter.stat.StatFilter  [0;39m [1;35m(StatFilter.java:518)[0;39m 
 slow sql 202 millis. DELETE FROM QRTZ_CRON_TRIGGERS WHERE SCHED_NAME = 'schedulerName' AND TRIGGER_NAME = ? AND TRIGGER_GROUP = ? ["cloudphoneInstanceSyncJob","DEFAULT"]
2026-06-07 15:21:12.921 | [1;31mERROR 1721739[0;39m | [1;33mmain [TID: N/A][0;39m [1;36m[][0;39m [1;32mc.alibaba.druid.filter.stat.StatFilter  [0;39m [1;35m(StatFilter.java:518)[0;39m 
 slow sql 224 millis. DELETE FROM QRTZ_TRIGGERS WHERE SCHED_NAME = 'schedulerName' AND TRIGGER_NAME = ? AND TRIGGER_GROUP = ? ["cloudphoneInstanceSyncJob","DEFAULT"]
2026-06-07 15:21:13.212 | [1;31mERROR 1721739[0;39m | [1;33mmain [TID: N/A][0;39m [1;36m[][0;39m [1;32mc.alibaba.druid.filter.stat.StatFilter  [0;39m [1;35m(StatFilter.java:518)[0;39m 
 slow sql 280 millis. DELETE FROM QRTZ_JOB_DETAILS WHERE SCHED_NAME = 'schedulerName' AND JOB_NAME = ? AND JOB_GROUP = ? ["cloudphoneInstanceSyncJob","DEFAULT"]
2026-06-07 15:21:13.521 | [1;31mERROR 1721739[0;39m | [1;33mmain [TID: N/A][0;39m [1;36m[][0;39m [1;32mc.alibaba.druid.filter.stat.StatFilter  [0;39m [1;35m(StatFilter.java:518)[0;39m 
 slow sql 225 millis. INSERT INTO QRTZ_JOB_DETAILS (SCHED_NAME, JOB_NAME, JOB_GROUP, DESCRIPTION, JOB_CLASS_NAME, IS_DURABLE, IS_NONCONCURRENT, IS_UPDATE_DATA, REQUESTS_RECOVERY, JOB_DATA)  VALUES('schedulerName', ?, ?, ?, ?, ?, ?, ?, ?, ?) ["cloudphoneInstanceSyncJob","DEFAULT",null,"com.douyouqu.dyq.framework.quartz.core.handler.JobHandlerInvoker",false,true,true,false,"<[B>"]
2026-06-07 15:21:13.796 | [1;31mERROR 1721739[0;39m | [1;33mmain [TID: N/A][0;39m [1;36m[][0;39m [1;32mc.alibaba.druid.filter.stat.StatFilter  [0;39m [1;35m(StatFilter.java:518)[0;39m 
 slow sql 232 millis. INSERT INTO QRTZ_TRIGGERS (SCHED_NAME, TRIGGER_NAME, TRIGGER_GROUP, JOB_NAME, JOB_GROUP, DESCRIPTION, NEXT_FIRE_TIME, PREV_FIRE_TIME, TRIGGER_STATE, TRIGGER_TYPE, START_TIME, END_TIME, CALENDAR_NAME, MISFIRE_INSTR, JOB_DATA, PRIORITY)  VALUES('schedulerName', ?, ?, ?, ?, ?, ?, ?, ?, ?, ?, ?, ?, ?, ?, ?) ["cloudphoneInstanceSyncJob","DEFAULT","cloudphoneInstanceSyncJob","DEFAULT",null,1780816890000,-1,"WAITING","CRON",1780816873000,0,null,0,"<[B>",5]
2026-06-07 15:21:13.954 | [1;31mERROR 1721739[0;39m | [1;33mmain [TID: N/A][0;39m [1;36m[][0;39m [1;32mc.alibaba.druid.filter.stat.StatFilter  [0;39m [1;35m(StatFilter.java:518)[0;39m 
 slow sql 157 millis. INSERT INTO QRTZ_CRON_TRIGGERS (SCHED_NAME, TRIGGER_NAME, TRIGGER_GROUP, CRON_EXPRESSION, TIME_ZONE_ID)  VALUES('schedulerName', ?, ?, ?, ?) ["cloudphoneInstanceSyncJob","DEFAULT","30 * * * * ?","Asia/Shanghai"]
2026-06-07 15:21:13.955 | [34m INFO 1721739[0;39m | [1;33mmain [TID: N/A][0;39m [1;36m[][0;39m [1;32mc.d.d.m.i.service.job.JobServiceImpl    [0;39m [1;35m(JobServiceImpl.java:185)[0;39m 
 
[syncJob][id(300001) handlerName(cloudphoneInstanceSyncJob) 同步完成]
2026-06-07 15:21:14.223 | [1;31mERROR 1721739[0;39m | [1;33mmain [TID: N/A][0;39m [1;36m[][0;39m [1;32mc.alibaba.druid.filter.stat.StatFilter  [0;39m [1;35m(StatFilter.java:518)[0;39m 
 slow sql 214 millis. DELETE FROM QRTZ_CRON_TRIGGERS WHERE SCHED_NAME = 'schedulerName' AND TRIGGER_NAME = ? AND TRIGGER_GROUP = ? ["publishTaskScheduleJob","DEFAULT"]
2026-06-07 15:21:14.429 | [1;31mERROR 1721739[0;39m | [1;33mmain [TID: N/A][0;39m [1;36m[][0;39m [1;32mc.alibaba.druid.filter.stat.StatFilter  [0;39m [1;35m(StatFilter.java:518)[0;39m 
 slow sql 205 millis. DELETE FROM QRTZ_TRIGGERS WHERE SCHED_NAME = 'schedulerName' AND TRIGGER_NAME = ? AND TRIGGER_GROUP = ? ["publishTaskScheduleJob","DEFAULT"]
2026-06-07 15:21:14.746 | [1;31mERROR 1721739[0;39m | [1;33mmain [TID: N/A][0;39m [1;36m[][0;39m [1;32mc.alibaba.druid.filter.stat.StatFilter  [0;39m [1;35m(StatFilter.java:518)[0;39m 
 slow sql 304 millis. DELETE FROM QRTZ_JOB_DETAILS WHERE SCHED_NAME = 'schedulerName' AND JOB_NAME = ? AND JOB_GROUP = ? ["publishTaskScheduleJob","DEFAULT"]
2026-06-07 15:21:15.095 | [1;31mERROR 1721739[0;39m | [1;33mmain [TID: N/A][0;39m [1;36m[][0;39m [1;32mc.alibaba.druid.filter.stat.StatFilter  [0;39m [1;35m(StatFilter.java:518)[0;39m 
 slow sql 285 millis. INSERT INTO QRTZ_JOB_DETAILS (SCHED_NAME, JOB_NAME, JOB_GROUP, DESCRIPTION, JOB_CLASS_NAME, IS_DURABLE, IS_NONCONCURRENT, IS_UPDATE_DATA, REQUESTS_RECOVERY, JOB_DATA)  VALUES('schedulerName', ?, ?, ?, ?, ?, ?, ?, ?, ?) ["publishTaskScheduleJob","DEFAULT",null,"com.douyouqu.dyq.framework.quartz.core.handler.JobHandlerInvoker",false,true,true,false,"<[B>"]
2026-06-07 15:21:15.404 | [1;31mERROR 1721739[0;39m | [1;33mmain [TID: N/A][0;39m [1;36m[][0;39m [1;32mc.alibaba.druid.filter.stat.StatFilter  [0;39m [1;35m(StatFilter.java:518)[0;39m 
 slow sql 264 millis. INSERT INTO QRTZ_TRIGGERS (SCHED_NAME, TRIGGER_NAME, TRIGGER_GROUP, JOB_NAME, JOB_GROUP, DESCRIPTION, NEXT_FIRE_TIME, PREV_FIRE_TIME, TRIGGER_STATE, TRIGGER_TYPE, START_TIME, END_TIME, CALENDAR_NAME, MISFIRE_INSTR, JOB_DATA, PRIORITY)  VALUES('schedulerName', ?, ?, ?, ?, ?, ?, ?, ?, ?, ?, ?, ?, ?, ?, ?) ["publishTaskScheduleJob","DEFAULT","publishTaskScheduleJob","DEFAULT",null,1780816920000,-1,"WAITING","CRON",1780816874000,0,null,0,"<[B>",5]
2026-06-07 15:21:15.654 | [1;31mERROR 1721739[0;39m | [1;33mmain [TID: N/A][0;39m [1;36m[][0;39m [1;32mc.alibaba.druid.filter.stat.StatFilter  [0;39m [1;35m(StatFilter.java:518)[0;39m 
 slow sql 249 millis. INSERT INTO QRTZ_CRON_TRIGGERS (SCHED_NAME, TRIGGER_NAME, TRIGGER_GROUP, CRON_EXPRESSION, TIME_ZONE_ID)  VALUES('schedulerName', ?, ?, ?, ?) ["publishTaskScheduleJob","DEFAULT","0 * * * * ?","Asia/Shanghai"]
2026-06-07 15:21:15.916 | [1;31mERROR 1721739[0;39m | [1;33mmain [TID: N/A][0;39m [1;36m[][0;39m [1;32mc.alibaba.druid.filter.stat.StatFilter  [0;39m [1;35m(StatFilter.java:518)[0;39m 
 slow sql 206 millis. UPDATE QRTZ_TRIGGERS SET TRIGGER_STATE = ? WHERE SCHED_NAME = 'schedulerName' AND TRIGGER_NAME = ? AND TRIGGER_GROUP = ? ["PAUSED","publishTaskScheduleJob","DEFAULT"]
2026-06-07 15:21:15.916 | [34m INFO 1721739[0;39m | [1;33mmain [TID: N/A][0;39m [1;36m[][0;39m [1;32mc.d.d.m.i.service.job.JobServiceImpl    [0;39m [1;35m(JobServiceImpl.java:185)[0;39m 
 
[syncJob][id(300002) handlerName(publishTaskScheduleJob) 同步完成]
2026-06-07 15:21:16.346 | [1;31mERROR 1721739[0;39m | [1;33mmain [TID: N/A][0;39m [1;36m[][0;39m [1;32mc.alibaba.druid.filter.stat.StatFilter  [0;39m [1;35m(StatFilter.java:518)[0;39m 
 slow sql 376 millis. DELETE FROM QRTZ_CRON_TRIGGERS WHERE SCHED_NAME = 'schedulerName' AND TRIGGER_NAME = ? AND TRIGGER_GROUP = ? ["orderExpireJob","DEFAULT"]
2026-06-07 15:21:16.820 | [1;31mERROR 1721739[0;39m | [1;33mmain [TID: N/A][0;39m [1;36m[][0;39m [1;32mc.alibaba.druid.filter.stat.StatFilter  [0;39m [1;35m(StatFilter.java:518)[0;39m 
 slow sql 473 millis. DELETE FROM QRTZ_TRIGGERS WHERE SCHED_NAME = 'schedulerName' AND TRIGGER_NAME = ? AND TRIGGER_GROUP = ? ["orderExpireJob","DEFAULT"]
2026-06-07 15:21:17.029 | [1;31mERROR 1721739[0;39m | [1;33mmain [TID: N/A][0;39m [1;36m[][0;39m [1;32mc.alibaba.druid.filter.stat.StatFilter  [0;39m [1;35m(StatFilter.java:518)[0;39m 
 slow sql 197 millis. DELETE FROM QRTZ_JOB_DETAILS WHERE SCHED_NAME = 'schedulerName' AND JOB_NAME = ? AND JOB_GROUP = ? ["orderExpireJob","DEFAULT"]
2026-06-07 15:21:17.312 | [1;31mERROR 1721739[0;39m | [1;33mmain [TID: N/A][0;39m [1;36m[][0;39m [1;32mc.alibaba.druid.filter.stat.StatFilter  [0;39m [1;35m(StatFilter.java:518)[0;39m 
 slow sql 219 millis. INSERT INTO QRTZ_JOB_DETAILS (SCHED_NAME, JOB_NAME, JOB_GROUP, DESCRIPTION, JOB_CLASS_NAME, IS_DURABLE, IS_NONCONCURRENT, IS_UPDATE_DATA, REQUESTS_RECOVERY, JOB_DATA)  VALUES('schedulerName', ?, ?, ?, ?, ?, ?, ?, ?, ?) ["orderExpireJob","DEFAULT",null,"com.douyouqu.dyq.framework.quartz.core.handler.JobHandlerInvoker",false,true,true,false,"<[B>"]
2026-06-07 15:21:17.479 | [1;31mERROR 1721739[0;39m | [1;33mmain [TID: N/A][0;39m [1;36m[][0;39m [1;32mc.alibaba.druid.filter.stat.StatFilter  [0;39m [1;35m(StatFilter.java:518)[0;39m 
 slow sql 124 millis. INSERT INTO QRTZ_TRIGGERS (SCHED_NAME, TRIGGER_NAME, TRIGGER_GROUP, JOB_NAME, JOB_GROUP, DESCRIPTION, NEXT_FIRE_TIME, PREV_FIRE_TIME, TRIGGER_STATE, TRIGGER_TYPE, START_TIME, END_TIME, CALENDAR_NAME, MISFIRE_INSTR, JOB_DATA, PRIORITY)  VALUES('schedulerName', ?, ?, ?, ?, ?, ?, ?, ?, ?, ?, ?, ?, ?, ?, ?) ["orderExpireJob","DEFAULT","orderExpireJob","DEFAULT",null,1780817100000,-1,"WAITING","CRON",1780816877000,0,null,0,"<[B>",5]
2026-06-07 15:21:17.688 | [1;31mERROR 1721739[0;39m | [1;33mmain [TID: N/A][0;39m [1;36m[][0;39m [1;32mc.alibaba.druid.filter.stat.StatFilter  [0;39m [1;35m(StatFilter.java:518)[0;39m 
 slow sql 207 millis. INSERT INTO QRTZ_CRON_TRIGGERS (SCHED_NAME, TRIGGER_NAME, TRIGGER_GROUP, CRON_EXPRESSION, TIME_ZONE_ID)  VALUES('schedulerName', ?, ?, ?, ?) ["orderExpireJob","DEFAULT","0 */5 * * * ?","Asia/Shanghai"]
2026-06-07 15:21:17.879 | [1;31mERROR 1721739[0;39m | [1;33mmain [TID: N/A][0;39m [1;36m[][0;39m [1;32mc.alibaba.druid.filter.stat.StatFilter  [0;39m [1;35m(StatFilter.java:518)[0;39m 
 slow sql 136 millis. UPDATE QRTZ_TRIGGERS SET TRIGGER_STATE = ? WHERE SCHED_NAME = 'schedulerName' AND TRIGGER_NAME = ? AND TRIGGER_GROUP = ? ["PAUSED","orderExpireJob","DEFAULT"]
2026-06-07 15:21:17.880 | [34m INFO 1721739[0;39m | [1;33mmain [TID: N/A][0;39m [1;36m[][0;39m [1;32mc.d.d.m.i.service.job.JobServiceImpl    [0;39m [1;35m(JobServiceImpl.java:185)[0;39m 
 
[syncJob][id(300011) handlerName(orderExpireJob) 同步完成]
2026-06-07 15:21:18.159 | [1;31mERROR 1721739[0;39m | [1;33mmain [TID: N/A][0;39m [1;36m[][0;39m [1;32mc.alibaba.druid.filter.stat.StatFilter  [0;39m [1;35m(StatFilter.java:518)[0;39m 
 slow sql 226 millis. DELETE FROM QRTZ_CRON_TRIGGERS WHERE SCHED_NAME = 'schedulerName' AND TRIGGER_NAME = ? AND TRIGGER_GROUP = ? ["nodeHeartbeatCheckJob","DEFAULT"]
2026-06-07 15:21:18.328 | [1;31mERROR 1721739[0;39m | [1;33mmain [TID: N/A][0;39m [1;36m[][0;39m [1;32mc.alibaba.druid.filter.stat.StatFilter  [0;39m [1;35m(StatFilter.java:518)[0;39m 
 slow sql 168 millis. DELETE FROM QRTZ_TRIGGERS WHERE SCHED_NAME = 'schedulerName' AND TRIGGER_NAME = ? AND TRIGGER_GROUP = ? ["nodeHeartbeatCheckJob","DEFAULT"]
2026-06-07 15:21:18.513 | [1;31mERROR 1721739[0;39m | [1;33mmain [TID: N/A][0;39m [1;36m[][0;39m [1;32mc.alibaba.druid.filter.stat.StatFilter  [0;39m [1;35m(StatFilter.java:518)[0;39m 
 slow sql 173 millis. DELETE FROM QRTZ_JOB_DETAILS WHERE SCHED_NAME = 'schedulerName' AND JOB_NAME = ? AND JOB_GROUP = ? ["nodeHeartbeatCheckJob","DEFAULT"]
2026-06-07 15:21:18.854 | [1;31mERROR 1721739[0;39m | [1;33mmain [TID: N/A][0;39m [1;36m[][0;39m [1;32mc.alibaba.druid.filter.stat.StatFilter  [0;39m [1;35m(StatFilter.java:518)[0;39m 
 slow sql 274 millis. INSERT INTO QRTZ_JOB_DETAILS (SCHED_NAME, JOB_NAME, JOB_GROUP, DESCRIPTION, JOB_CLASS_NAME, IS_DURABLE, IS_NONCONCURRENT, IS_UPDATE_DATA, REQUESTS_RECOVERY, JOB_DATA)  VALUES('schedulerName', ?, ?, ?, ?, ?, ?, ?, ?, ?) ["nodeHeartbeatCheckJob","DEFAULT",null,"com.douyouqu.dyq.framework.quartz.core.handler.JobHandlerInvoker",false,true,true,false,"<[B>"]
2026-06-07 15:21:19.195 | [1;31mERROR 1721739[0;39m | [1;33mmain [TID: N/A][0;39m [1;36m[][0;39m [1;32mc.alibaba.druid.filter.stat.StatFilter  [0;39m [1;35m(StatFilter.java:518)[0;39m 
 slow sql 299 millis. INSERT INTO QRTZ_TRIGGERS (SCHED_NAME, TRIGGER_NAME, TRIGGER_GROUP, JOB_NAME, JOB_GROUP, DESCRIPTION, NEXT_FIRE_TIME, PREV_FIRE_TIME, TRIGGER_STATE, TRIGGER_TYPE, START_TIME, END_TIME, CALENDAR_NAME, MISFIRE_INSTR, JOB_DATA, PRIORITY)  VALUES('schedulerName', ?, ?, ?, ?, ?, ?, ?, ?, ?, ?, ?, ?, ?, ?, ?) ["nodeHeartbeatCheckJob","DEFAULT","nodeHeartbeatCheckJob","DEFAULT",null,1780816920000,-1,"WAITING","CRON",1780816878000,0,null,0,"<[B>",5]
2026-06-07 15:21:19.336 | [1;31mERROR 1721739[0;39m | [1;33mmain [TID: N/A][0;39m [1;36m[][0;39m [1;32mc.alibaba.druid.filter.stat.StatFilter  [0;39m [1;35m(StatFilter.java:518)[0;39m 
 slow sql 139 millis. INSERT INTO QRTZ_CRON_TRIGGERS (SCHED_NAME, TRIGGER_NAME, TRIGGER_GROUP, CRON_EXPRESSION, TIME_ZONE_ID)  VALUES('schedulerName', ?, ?, ?, ?) ["nodeHeartbeatCheckJob","DEFAULT","0 * * * * ?","Asia/Shanghai"]
2026-06-07 15:21:19.679 | [1;31mERROR 1721739[0;39m | [1;33mmain [TID: N/A][0;39m [1;36m[][0;39m [1;32mc.alibaba.druid.filter.stat.StatFilter  [0;39m [1;35m(StatFilter.java:518)[0;39m 
 slow sql 286 millis. UPDATE QRTZ_TRIGGERS SET TRIGGER_STATE = ? WHERE SCHED_NAME = 'schedulerName' AND TRIGGER_NAME = ? AND TRIGGER_GROUP = ? ["PAUSED","nodeHeartbeatCheckJob","DEFAULT"]
2026-06-07 15:21:19.679 | [34m INFO 1721739[0;39m | [1;33mmain [TID: N/A][0;39m [1;36m[][0;39m [1;32mc.d.d.m.i.service.job.JobServiceImpl    [0;39m [1;35m(JobServiceImpl.java:185)[0;39m 
 
[syncJob][id(300012) handlerName(nodeHeartbeatCheckJob) 同步完成]
2026-06-07 15:21:19.937 | [1;31mERROR 1721739[0;39m | [1;33mmain [TID: N/A][0;39m [1;36m[][0;39m [1;32mc.alibaba.druid.filter.stat.StatFilter  [0;39m [1;35m(StatFilter.java:518)[0;39m 
 slow sql 205 millis. DELETE FROM QRTZ_CRON_TRIGGERS WHERE SCHED_NAME = 'schedulerName' AND TRIGGER_NAME = ? AND TRIGGER_GROUP = ? ["nodeHeartbeatCheckJob","DEFAULT"]
2026-06-07 15:21:20.187 | [1;31mERROR 1721739[0;39m | [1;33mmain [TID: N/A][0;39m [1;36m[][0;39m [1;32mc.alibaba.druid.filter.stat.StatFilter  [0;39m [1;35m(StatFilter.java:518)[0;39m 
 slow sql 248 millis. DELETE FROM QRTZ_TRIGGERS WHERE SCHED_NAME = 'schedulerName' AND TRIGGER_NAME = ? AND TRIGGER_GROUP = ? ["nodeHeartbeatCheckJob","DEFAULT"]
2026-06-07 15:21:20.445 | [1;31mERROR 1721739[0;39m | [1;33mmain [TID: N/A][0;39m [1;36m[][0;39m [1;32mc.alibaba.druid.filter.stat.StatFilter  [0;39m [1;35m(StatFilter.java:518)[0;39m 
 slow sql 245 millis. DELETE FROM QRTZ_JOB_DETAILS WHERE SCHED_NAME = 'schedulerName' AND JOB_NAME = ? AND JOB_GROUP = ? ["nodeHeartbeatCheckJob","DEFAULT"]
2026-06-07 15:21:20.736 | [1;31mERROR 1721739[0;39m | [1;33mmain [TID: N/A][0;39m [1;36m[][0;39m [1;32mc.alibaba.druid.filter.stat.StatFilter  [0;39m [1;35m(StatFilter.java:518)[0;39m 
 slow sql 227 millis. INSERT INTO QRTZ_JOB_DETAILS (SCHED_NAME, JOB_NAME, JOB_GROUP, DESCRIPTION, JOB_CLASS_NAME, IS_DURABLE, IS_NONCONCURRENT, IS_UPDATE_DATA, REQUESTS_RECOVERY, JOB_DATA)  VALUES('schedulerName', ?, ?, ?, ?, ?, ?, ?, ?, ?) ["nodeHeartbeatCheckJob","DEFAULT",null,"com.douyouqu.dyq.framework.quartz.core.handler.JobHandlerInvoker",false,true,true,false,"<[B>"]
2026-06-07 15:21:21.033 | [1;31mERROR 1721739[0;39m | [1;33mmain [TID: N/A][0;39m [1;36m[][0;39m [1;32mc.alibaba.druid.filter.stat.StatFilter  [0;39m [1;35m(StatFilter.java:518)[0;39m 
 slow sql 237 millis. INSERT INTO QRTZ_TRIGGERS (SCHED_NAME, TRIGGER_NAME, TRIGGER_GROUP, JOB_NAME, JOB_GROUP, DESCRIPTION, NEXT_FIRE_TIME, PREV_FIRE_TIME, TRIGGER_STATE, TRIGGER_TYPE, START_TIME, END_TIME, CALENDAR_NAME, MISFIRE_INSTR, JOB_DATA, PRIORITY)  VALUES('schedulerName', ?, ?, ?, ?, ?, ?, ?, ?, ?, ?, ?, ?, ?, ?, ?) ["nodeHeartbeatCheckJob","DEFAULT","nodeHeartbeatCheckJob","DEFAULT",null,1780817100000,-1,"WAITING","CRON",1780816880000,0,null,0,"<[B>",5]
2026-06-07 15:21:21.294 | [1;31mERROR 1721739[0;39m | [1;33mmain [TID: N/A][0;39m [1;36m[][0;39m [1;32mc.alibaba.druid.filter.stat.StatFilter  [0;39m [1;35m(StatFilter.java:518)[0;39m 
 slow sql 259 millis. INSERT INTO QRTZ_CRON_TRIGGERS (SCHED_NAME, TRIGGER_NAME, TRIGGER_GROUP, CRON_EXPRESSION, TIME_ZONE_ID)  VALUES('schedulerName', ?, ?, ?, ?) ["nodeHeartbeatCheckJob","DEFAULT","0 */5 * * * ?","Asia/Shanghai"]
2026-06-07 15:21:21.652 | [1;31mERROR 1721739[0;39m | [1;33mmain [TID: N/A][0;39m [1;36m[][0;39m [1;32mc.alibaba.druid.filter.stat.StatFilter  [0;39m [1;35m(StatFilter.java:518)[0;39m 
 slow sql 262 millis. UPDATE QRTZ_TRIGGERS SET TRIGGER_STATE = ? WHERE SCHED_NAME = 'schedulerName' AND TRIGGER_NAME = ? AND TRIGGER_GROUP = ? ["PAUSED","nodeHeartbeatCheckJob","DEFAULT"]
2026-06-07 15:21:21.653 | [34m INFO 1721739[0;39m | [1;33mmain [TID: N/A][0;39m [1;36m[][0;39m [1;32mc.d.d.m.i.service.job.JobServiceImpl    [0;39m [1;35m(JobServiceImpl.java:185)[0;39m 
 
[syncJob][id(300013) handlerName(nodeHeartbeatCheckJob) 同步完成]
2026-06-07 15:21:21.936 | [1;31mERROR 1721739[0;39m | [1;33mmain [TID: N/A][0;39m [1;36m[][0;39m [1;32mc.alibaba.druid.filter.stat.StatFilter  [0;39m [1;35m(StatFilter.java:518)[0;39m 
 slow sql 229 millis. DELETE FROM QRTZ_CRON_TRIGGERS WHERE SCHED_NAME = 'schedulerName' AND TRIGGER_NAME = ? AND TRIGGER_GROUP = ? ["employmentExpireCheckJob","DEFAULT"]
2026-06-07 15:21:22.169 | [1;31mERROR 1721739[0;39m | [1;33mmain [TID: N/A][0;39m [1;36m[][0;39m [1;32mc.alibaba.druid.filter.stat.StatFilter  [0;39m [1;35m(StatFilter.java:518)[0;39m 
 slow sql 232 millis. DELETE FROM QRTZ_TRIGGERS WHERE SCHED_NAME = 'schedulerName' AND TRIGGER_NAME = ? AND TRIGGER_GROUP = ? ["employmentExpireCheckJob","DEFAULT"]
2026-06-07 15:21:22.402 | [1;31mERROR 1721739[0;39m | [1;33mmain [TID: N/A][0;39m [1;36m[][0;39m [1;32mc.alibaba.druid.filter.stat.StatFilter  [0;39m [1;35m(StatFilter.java:518)[0;39m 
 slow sql 221 millis. DELETE FROM QRTZ_JOB_DETAILS WHERE SCHED_NAME = 'schedulerName' AND JOB_NAME = ? AND JOB_GROUP = ? ["employmentExpireCheckJob","DEFAULT"]
2026-06-07 15:21:22.711 | [1;31mERROR 1721739[0;39m | [1;33mmain [TID: N/A][0;39m [1;36m[][0;39m [1;32mc.alibaba.druid.filter.stat.StatFilter  [0;39m [1;35m(StatFilter.java:518)[0;39m 
 slow sql 243 millis. INSERT INTO QRTZ_JOB_DETAILS (SCHED_NAME, JOB_NAME, JOB_GROUP, DESCRIPTION, JOB_CLASS_NAME, IS_DURABLE, IS_NONCONCURRENT, IS_UPDATE_DATA, REQUESTS_RECOVERY, JOB_DATA)  VALUES('schedulerName', ?, ?, ?, ?, ?, ?, ?, ?, ?) ["employmentExpireCheckJob","DEFAULT",null,"com.douyouqu.dyq.framework.quartz.core.handler.JobHandlerInvoker",false,true,true,false,"<[B>"]
2026-06-07 15:21:22.968 | [1;31mERROR 1721739[0;39m | [1;33mmain [TID: N/A][0;39m [1;36m[][0;39m [1;32mc.alibaba.druid.filter.stat.StatFilter  [0;39m [1;35m(StatFilter.java:518)[0;39m 
 slow sql 214 millis. INSERT INTO QRTZ_TRIGGERS (SCHED_NAME, TRIGGER_NAME, TRIGGER_GROUP, JOB_NAME, JOB_GROUP, DESCRIPTION, NEXT_FIRE_TIME, PREV_FIRE_TIME, TRIGGER_STATE, TRIGGER_TYPE, START_TIME, END_TIME, CALENDAR_NAME, MISFIRE_INSTR, JOB_DATA, PRIORITY)  VALUES('schedulerName', ?, ?, ?, ?, ?, ?, ?, ?, ?, ?, ?, ?, ?, ?, ?) ["employmentExpireCheckJob","DEFAULT","employmentExpireCheckJob","DEFAULT",null,1780819200000,-1,"WAITING","CRON",1780816882000,0,null,0,"<[B>",5]
2026-06-07 15:21:23.180 | [1;31mERROR 1721739[0;39m | [1;33mmain [TID: N/A][0;39m [1;36m[][0;39m [1;32mc.alibaba.druid.filter.stat.StatFilter  [0;39m [1;35m(StatFilter.java:518)[0;39m 
 slow sql 210 millis. INSERT INTO QRTZ_CRON_TRIGGERS (SCHED_NAME, TRIGGER_NAME, TRIGGER_GROUP, CRON_EXPRESSION, TIME_ZONE_ID)  VALUES('schedulerName', ?, ?, ?, ?) ["employmentExpireCheckJob","DEFAULT","0 0 * * * ?","Asia/Shanghai"]
2026-06-07 15:21:23.502 | [1;31mERROR 1721739[0;39m | [1;33mmain [TID: N/A][0;39m [1;36m[][0;39m [1;32mc.alibaba.druid.filter.stat.StatFilter  [0;39m [1;35m(StatFilter.java:518)[0;39m 
 slow sql 267 millis. UPDATE QRTZ_TRIGGERS SET TRIGGER_STATE = ? WHERE SCHED_NAME = 'schedulerName' AND TRIGGER_NAME = ? AND TRIGGER_GROUP = ? ["PAUSED","employmentExpireCheckJob","DEFAULT"]
2026-06-07 15:21:23.502 | [34m INFO 1721739[0;39m | [1;33mmain [TID: N/A][0;39m [1;36m[][0;39m [1;32mc.d.d.m.i.service.job.JobServiceImpl    [0;39m [1;35m(JobServiceImpl.java:185)[0;39m 
 
[syncJob][id(300014) handlerName(employmentExpireCheckJob) 同步完成]
2026-06-07 15:21:23.877 | [1;31mERROR 1721739[0;39m | [1;33mmain [TID: N/A][0;39m [1;36m[][0;39m [1;32mc.alibaba.druid.filter.stat.StatFilter  [0;39m [1;35m(StatFilter.java:518)[0;39m 
 slow sql 305 millis. DELETE FROM QRTZ_CRON_TRIGGERS WHERE SCHED_NAME = 'schedulerName' AND TRIGGER_NAME = ? AND TRIGGER_GROUP = ? ["workflowTimeoutJob","DEFAULT"]
2026-06-07 15:21:24.259 | [1;31mERROR 1721739[0;39m | [1;33mmain [TID: N/A][0;39m [1;36m[][0;39m [1;32mc.alibaba.druid.filter.stat.StatFilter  [0;39m [1;35m(StatFilter.java:518)[0;39m 
 slow sql 382 millis. DELETE FROM QRTZ_TRIGGERS WHERE SCHED_NAME = 'schedulerName' AND TRIGGER_NAME = ? AND TRIGGER_GROUP = ? ["workflowTimeoutJob","DEFAULT"]
2026-06-07 15:21:24.656 | [1;31mERROR 1721739[0;39m | [1;33mmain [TID: N/A][0;39m [1;36m[][0;39m [1;32mc.alibaba.druid.filter.stat.StatFilter  [0;39m [1;35m(StatFilter.java:518)[0;39m 
 slow sql 385 millis. DELETE FROM QRTZ_JOB_DETAILS WHERE SCHED_NAME = 'schedulerName' AND JOB_NAME = ? AND JOB_GROUP = ? ["workflowTimeoutJob","DEFAULT"]
2026-06-07 15:21:24.927 | [1;31mERROR 1721739[0;39m | [1;33mmain [TID: N/A][0;39m [1;36m[][0;39m [1;32mc.alibaba.druid.filter.stat.StatFilter  [0;39m [1;35m(StatFilter.java:518)[0;39m 
 slow sql 207 millis. INSERT INTO QRTZ_JOB_DETAILS (SCHED_NAME, JOB_NAME, JOB_GROUP, DESCRIPTION, JOB_CLASS_NAME, IS_DURABLE, IS_NONCONCURRENT, IS_UPDATE_DATA, REQUESTS_RECOVERY, JOB_DATA)  VALUES('schedulerName', ?, ?, ?, ?, ?, ?, ?, ?, ?) ["workflowTimeoutJob","DEFAULT",null,"com.douyouqu.dyq.framework.quartz.core.handler.JobHandlerInvoker",false,true,true,false,"<[B>"]
2026-06-07 15:21:25.118 | [1;31mERROR 1721739[0;39m | [1;33mmain [TID: N/A][0;39m [1;36m[][0;39m [1;32mc.alibaba.druid.filter.stat.StatFilter  [0;39m [1;35m(StatFilter.java:518)[0;39m 
 slow sql 148 millis. INSERT INTO QRTZ_TRIGGERS (SCHED_NAME, TRIGGER_NAME, TRIGGER_GROUP, JOB_NAME, JOB_GROUP, DESCRIPTION, NEXT_FIRE_TIME, PREV_FIRE_TIME, TRIGGER_STATE, TRIGGER_TYPE, START_TIME, END_TIME, CALENDAR_NAME, MISFIRE_INSTR, JOB_DATA, PRIORITY)  VALUES('schedulerName', ?, ?, ?, ?, ?, ?, ?, ?, ?, ?, ?, ?, ?, ?, ?) ["workflowTimeoutJob","DEFAULT","workflowTimeoutJob","DEFAULT",null,1780816920000,-1,"WAITING","CRON",1780816884000,0,null,0,"<[B>",5]
2026-06-07 15:21:25.337 | [1;31mERROR 1721739[0;39m | [1;33mmain [TID: N/A][0;39m [1;36m[][0;39m [1;32mc.alibaba.druid.filter.stat.StatFilter  [0;39m [1;35m(StatFilter.java:518)[0;39m 
 slow sql 218 millis. INSERT INTO QRTZ_CRON_TRIGGERS (SCHED_NAME, TRIGGER_NAME, TRIGGER_GROUP, CRON_EXPRESSION, TIME_ZONE_ID)  VALUES('schedulerName', ?, ?, ?, ?) ["workflowTimeoutJob","DEFAULT","0 * * * * ?","Asia/Shanghai"]
2026-06-07 15:21:25.635 | [1;31mERROR 1721739[0;39m | [1;33mmain [TID: N/A][0;39m [1;36m[][0;39m [1;32mc.alibaba.druid.filter.stat.StatFilter  [0;39m [1;35m(StatFilter.java:518)[0;39m 
 slow sql 241 millis. UPDATE QRTZ_TRIGGERS SET TRIGGER_STATE = ? WHERE SCHED_NAME = 'schedulerName' AND TRIGGER_NAME = ? AND TRIGGER_GROUP = ? ["PAUSED","workflowTimeoutJob","DEFAULT"]
2026-06-07 15:21:25.635 | [34m INFO 1721739[0;39m | [1;33mmain [TID: N/A][0;39m [1;36m[][0;39m [1;32mc.d.d.m.i.service.job.JobServiceImpl    [0;39m [1;35m(JobServiceImpl.java:185)[0;39m 
 
[syncJob][id(300021) handlerName(workflowTimeoutJob) 同步完成]
2026-06-07 15:21:25.939 | [1;31mERROR 1721739[0;39m | [1;33mmain [TID: N/A][0;39m [1;36m[][0;39m [1;32mc.alibaba.druid.filter.stat.StatFilter  [0;39m [1;35m(StatFilter.java:518)[0;39m 
 slow sql 252 millis. DELETE FROM QRTZ_CRON_TRIGGERS WHERE SCHED_NAME = 'schedulerName' AND TRIGGER_NAME = ? AND TRIGGER_GROUP = ? ["manualReviewTimeoutJob","DEFAULT"]
2026-06-07 15:21:26.185 | [1;31mERROR 1721739[0;39m | [1;33mmain [TID: N/A][0;39m [1;36m[][0;39m [1;32mc.alibaba.druid.filter.stat.StatFilter  [0;39m [1;35m(StatFilter.java:518)[0;39m 
 slow sql 245 millis. DELETE FROM QRTZ_TRIGGERS WHERE SCHED_NAME = 'schedulerName' AND TRIGGER_NAME = ? AND TRIGGER_GROUP = ? ["manualReviewTimeoutJob","DEFAULT"]
2026-06-07 15:21:26.343 | [1;31mERROR 1721739[0;39m | [1;33mmain [TID: N/A][0;39m [1;36m[][0;39m [1;32mc.alibaba.druid.filter.stat.StatFilter  [0;39m [1;35m(StatFilter.java:518)[0;39m 
 slow sql 146 millis. DELETE FROM QRTZ_JOB_DETAILS WHERE SCHED_NAME = 'schedulerName' AND JOB_NAME = ? AND JOB_GROUP = ? ["manualReviewTimeoutJob","DEFAULT"]
2026-06-07 15:21:26.659 | [1;31mERROR 1721739[0;39m | [1;33mmain [TID: N/A][0;39m [1;36m[][0;39m [1;32mc.alibaba.druid.filter.stat.StatFilter  [0;39m [1;35m(StatFilter.java:518)[0;39m 
 slow sql 252 millis. INSERT INTO QRTZ_JOB_DETAILS (SCHED_NAME, JOB_NAME, JOB_GROUP, DESCRIPTION, JOB_CLASS_NAME, IS_DURABLE, IS_NONCONCURRENT, IS_UPDATE_DATA, REQUESTS_RECOVERY, JOB_DATA)  VALUES('schedulerName', ?, ?, ?, ?, ?, ?, ?, ?, ?) ["manualReviewTimeoutJob","DEFAULT",null,"com.douyouqu.dyq.framework.quartz.core.handler.JobHandlerInvoker",false,true,true,false,"<[B>"]
2026-06-07 15:21:26.959 | [1;31mERROR 1721739[0;39m | [1;33mmain [TID: N/A][0;39m [1;36m[][0;39m [1;32mc.alibaba.druid.filter.stat.StatFilter  [0;39m [1;35m(StatFilter.java:518)[0;39m 
 slow sql 257 millis. INSERT INTO QRTZ_TRIGGERS (SCHED_NAME, TRIGGER_NAME, TRIGGER_GROUP, JOB_NAME, JOB_GROUP, DESCRIPTION, NEXT_FIRE_TIME, PREV_FIRE_TIME, TRIGGER_STATE, TRIGGER_TYPE, START_TIME, END_TIME, CALENDAR_NAME, MISFIRE_INSTR, JOB_DATA, PRIORITY)  VALUES('schedulerName', ?, ?, ?, ?, ?, ?, ?, ?, ?, ?, ?, ?, ?, ?, ?) ["manualReviewTimeoutJob","DEFAULT","manualReviewTimeoutJob","DEFAULT",null,1780816920000,-1,"WAITING","CRON",1780816886000,0,null,0,"<[B>",5]
2026-06-07 15:21:27.152 | [1;31mERROR 1721739[0;39m | [1;33mmain [TID: N/A][0;39m [1;36m[][0;39m [1;32mc.alibaba.druid.filter.stat.StatFilter  [0;39m [1;35m(StatFilter.java:518)[0;39m 
 slow sql 192 millis. INSERT INTO QRTZ_CRON_TRIGGERS (SCHED_NAME, TRIGGER_NAME, TRIGGER_GROUP, CRON_EXPRESSION, TIME_ZONE_ID)  VALUES('schedulerName', ?, ?, ?, ?) ["manualReviewTimeoutJob","DEFAULT","0 * * * * ?","Asia/Shanghai"]
2026-06-07 15:21:27.418 | [1;31mERROR 1721739[0;39m | [1;33mmain [TID: N/A][0;39m [1;36m[][0;39m [1;32mc.alibaba.druid.filter.stat.StatFilter  [0;39m [1;35m(StatFilter.java:518)[0;39m 
 slow sql 212 millis. UPDATE QRTZ_TRIGGERS SET TRIGGER_STATE = ? WHERE SCHED_NAME = 'schedulerName' AND TRIGGER_NAME = ? AND TRIGGER_GROUP = ? ["PAUSED","manualReviewTimeoutJob","DEFAULT"]
2026-06-07 15:21:27.418 | [34m INFO 1721739[0;39m | [1;33mmain [TID: N/A][0;39m [1;36m[][0;39m [1;32mc.d.d.m.i.service.job.JobServiceImpl    [0;39m [1;35m(JobServiceImpl.java:185)[0;39m 
 
[syncJob][id(300022) handlerName(manualReviewTimeoutJob) 同步完成]
2026-06-07 15:21:27.719 | [1;31mERROR 1721739[0;39m | [1;33mmain [TID: N/A][0;39m [1;36m[][0;39m [1;32mc.alibaba.druid.filter.stat.StatFilter  [0;39m [1;35m(StatFilter.java:518)[0;39m 
 slow sql 246 millis. DELETE FROM QRTZ_CRON_TRIGGERS WHERE SCHED_NAME = 'schedulerName' AND TRIGGER_NAME = ? AND TRIGGER_GROUP = ? ["manualReviewTimeoutJob","DEFAULT"]
2026-06-07 15:21:27.976 | [1;31mERROR 1721739[0;39m | [1;33mmain [TID: N/A][0;39m [1;36m[][0;39m [1;32mc.alibaba.druid.filter.stat.StatFilter  [0;39m [1;35m(StatFilter.java:518)[0;39m 
 slow sql 255 millis. DELETE FROM QRTZ_TRIGGERS WHERE SCHED_NAME = 'schedulerName' AND TRIGGER_NAME = ? AND TRIGGER_GROUP = ? ["manualReviewTimeoutJob","DEFAULT"]
2026-06-07 15:21:28.159 | [1;31mERROR 1721739[0;39m | [1;33mmain [TID: N/A][0;39m [1;36m[][0;39m [1;32mc.alibaba.druid.filter.stat.StatFilter  [0;39m [1;35m(StatFilter.java:518)[0;39m 
 slow sql 170 millis. DELETE FROM QRTZ_JOB_DETAILS WHERE SCHED_NAME = 'schedulerName' AND JOB_NAME = ? AND JOB_GROUP = ? ["manualReviewTimeoutJob","DEFAULT"]
2026-06-07 15:21:28.468 | [1;31mERROR 1721739[0;39m | [1;33mmain [TID: N/A][0;39m [1;36m[][0;39m [1;32mc.alibaba.druid.filter.stat.StatFilter  [0;39m [1;35m(StatFilter.java:518)[0;39m 
 slow sql 243 millis. INSERT INTO QRTZ_JOB_DETAILS (SCHED_NAME, JOB_NAME, JOB_GROUP, DESCRIPTION, JOB_CLASS_NAME, IS_DURABLE, IS_NONCONCURRENT, IS_UPDATE_DATA, REQUESTS_RECOVERY, JOB_DATA)  VALUES('schedulerName', ?, ?, ?, ?, ?, ?, ?, ?, ?) ["manualReviewTimeoutJob","DEFAULT",null,"com.douyouqu.dyq.framework.quartz.core.handler.JobHandlerInvoker",false,true,true,false,"<[B>"]
2026-06-07 15:21:28.760 | [1;31mERROR 1721739[0;39m | [1;33mmain [TID: N/A][0;39m [1;36m[][0;39m [1;32mc.alibaba.druid.filter.stat.StatFilter  [0;39m [1;35m(StatFilter.java:518)[0;39m 
 slow sql 248 millis. INSERT INTO QRTZ_TRIGGERS (SCHED_NAME, TRIGGER_NAME, TRIGGER_GROUP, JOB_NAME, JOB_GROUP, DESCRIPTION, NEXT_FIRE_TIME, PREV_FIRE_TIME, TRIGGER_STATE, TRIGGER_TYPE, START_TIME, END_TIME, CALENDAR_NAME, MISFIRE_INSTR, JOB_DATA, PRIORITY)  VALUES('schedulerName', ?, ?, ?, ?, ?, ?, ?, ?, ?, ?, ?, ?, ?, ?, ?) ["manualReviewTimeoutJob","DEFAULT","manualReviewTimeoutJob","DEFAULT",null,1780855200000,-1,"WAITING","CRON",1780816888000,0,null,0,"<[B>",5]
2026-06-07 15:21:28.942 | [1;31mERROR 1721739[0;39m | [1;33mmain [TID: N/A][0;39m [1;36m[][0;39m [1;32mc.alibaba.druid.filter.stat.StatFilter  [0;39m [1;35m(StatFilter.java:518)[0;39m 
 slow sql 181 millis. INSERT INTO QRTZ_CRON_TRIGGERS (SCHED_NAME, TRIGGER_NAME, TRIGGER_GROUP, CRON_EXPRESSION, TIME_ZONE_ID)  VALUES('schedulerName', ?, ?, ?, ?) ["manualReviewTimeoutJob","DEFAULT","0 0 2 * * ?","Asia/Shanghai"]
2026-06-07 15:21:29.234 | [1;31mERROR 1721739[0;39m | [1;33mmain [TID: N/A][0;39m [1;36m[][0;39m [1;32mc.alibaba.druid.filter.stat.StatFilter  [0;39m [1;35m(StatFilter.java:518)[0;39m 
 slow sql 237 millis. UPDATE QRTZ_TRIGGERS SET TRIGGER_STATE = ? WHERE SCHED_NAME = 'schedulerName' AND TRIGGER_NAME = ? AND TRIGGER_GROUP = ? ["PAUSED","manualReviewTimeoutJob","DEFAULT"]
2026-06-07 15:21:29.235 | [34m INFO 1721739[0;39m | [1;33mmain [TID: N/A][0;39m [1;36m[][0;39m [1;32mc.d.d.m.i.service.job.JobServiceImpl    [0;39m [1;35m(JobServiceImpl.java:185)[0;39m 
 
[syncJob][id(300023) handlerName(manualReviewTimeoutJob) 同步完成]
2026-06-07 15:21:29.551 | [1;31mERROR 1721739[0;39m | [1;33mmain [TID: N/A][0;39m [1;36m[][0;39m [1;32mc.alibaba.druid.filter.stat.StatFilter  [0;39m [1;35m(StatFilter.java:518)[0;39m 
 slow sql 263 millis. DELETE FROM QRTZ_CRON_TRIGGERS WHERE SCHED_NAME = 'schedulerName' AND TRIGGER_NAME = ? AND TRIGGER_GROUP = ? ["manualReviewReminderJob","DEFAULT"]
2026-06-07 15:21:29.750 | [1;31mERROR 1721739[0;39m | [1;33mmain [TID: N/A][0;39m [1;36m[][0;39m [1;32mc.alibaba.druid.filter.stat.StatFilter  [0;39m [1;35m(StatFilter.java:518)[0;39m 
 slow sql 198 millis. DELETE FROM QRTZ_TRIGGERS WHERE SCHED_NAME = 'schedulerName' AND TRIGGER_NAME = ? AND TRIGGER_GROUP = ? ["manualReviewReminderJob","DEFAULT"]
2026-06-07 15:21:30.051 | [1;31mERROR 1721739[0;39m | [1;33mmain [TID: N/A][0;39m [1;36m[][0;39m [1;32mc.alibaba.druid.filter.stat.StatFilter  [0;39m [1;35m(StatFilter.java:518)[0;39m 
 slow sql 289 millis. DELETE FROM QRTZ_JOB_DETAILS WHERE SCHED_NAME = 'schedulerName' AND JOB_NAME = ? AND JOB_GROUP = ? ["manualReviewReminderJob","DEFAULT"]
2026-06-07 15:21:30.392 | [1;31mERROR 1721739[0;39m | [1;33mmain [TID: N/A][0;39m [1;36m[][0;39m [1;32mc.alibaba.druid.filter.stat.StatFilter  [0;39m [1;35m(StatFilter.java:518)[0;39m 
 slow sql 278 millis. INSERT INTO QRTZ_JOB_DETAILS (SCHED_NAME, JOB_NAME, JOB_GROUP, DESCRIPTION, JOB_CLASS_NAME, IS_DURABLE, IS_NONCONCURRENT, IS_UPDATE_DATA, REQUESTS_RECOVERY, JOB_DATA)  VALUES('schedulerName', ?, ?, ?, ?, ?, ?, ?, ?, ?) ["manualReviewReminderJob","DEFAULT",null,"com.douyouqu.dyq.framework.quartz.core.handler.JobHandlerInvoker",false,true,true,false,"<[B>"]
2026-06-07 15:21:30.684 | [1;31mERROR 1721739[0;39m | [1;33mmain [TID: N/A][0;39m [1;36m[][0;39m [1;32mc.alibaba.druid.filter.stat.StatFilter  [0;39m [1;35m(StatFilter.java:518)[0;39m 
 slow sql 248 millis. INSERT INTO QRTZ_TRIGGERS (SCHED_NAME, TRIGGER_NAME, TRIGGER_GROUP, JOB_NAME, JOB_GROUP, DESCRIPTION, NEXT_FIRE_TIME, PREV_FIRE_TIME, TRIGGER_STATE, TRIGGER_TYPE, START_TIME, END_TIME, CALENDAR_NAME, MISFIRE_INSTR, JOB_DATA, PRIORITY)  VALUES('schedulerName', ?, ?, ?, ?, ?, ?, ?, ?, ?, ?, ?, ?, ?, ?, ?) ["manualReviewReminderJob","DEFAULT","manualReviewReminderJob","DEFAULT",null,1780816920000,-1,"WAITING","CRON",1780816890000,0,null,0,"<[B>",5]
2026-06-07 15:21:30.975 | [1;31mERROR 1721739[0;39m | [1;33mmain [TID: N/A][0;39m [1;36m[][0;39m [1;32mc.alibaba.druid.filter.stat.StatFilter  [0;39m [1;35m(StatFilter.java:518)[0;39m 
 slow sql 290 millis. INSERT INTO QRTZ_CRON_TRIGGERS (SCHED_NAME, TRIGGER_NAME, TRIGGER_GROUP, CRON_EXPRESSION, TIME_ZONE_ID)  VALUES('schedulerName', ?, ?, ?, ?) ["manualReviewReminderJob","DEFAULT","0 * * * * ?","Asia/Shanghai"]
2026-06-07 15:21:31.325 | [1;31mERROR 1721739[0;39m | [1;33mmain [TID: N/A][0;39m [1;36m[][0;39m [1;32mc.alibaba.druid.filter.stat.StatFilter  [0;39m [1;35m(StatFilter.java:518)[0;39m 
 slow sql 296 millis. UPDATE QRTZ_TRIGGERS SET TRIGGER_STATE = ? WHERE SCHED_NAME = 'schedulerName' AND TRIGGER_NAME = ? AND TRIGGER_GROUP = ? ["PAUSED","manualReviewReminderJob","DEFAULT"]
2026-06-07 15:21:31.325 | [34m INFO 1721739[0;39m | [1;33mmain [TID: N/A][0;39m [1;36m[][0;39m [1;32mc.d.d.m.i.service.job.JobServiceImpl    [0;39m [1;35m(JobServiceImpl.java:185)[0;39m 
 
[syncJob][id(300024) handlerName(manualReviewReminderJob) 同步完成]
2026-06-07 15:21:31.742 | [1;31mERROR 1721739[0;39m | [1;33mmain [TID: N/A][0;39m [1;36m[][0;39m [1;32mc.alibaba.druid.filter.stat.StatFilter  [0;39m [1;35m(StatFilter.java:518)[0;39m 
 slow sql 363 millis. DELETE FROM QRTZ_CRON_TRIGGERS WHERE SCHED_NAME = 'schedulerName' AND TRIGGER_NAME = ? AND TRIGGER_GROUP = ? ["slowExecutionAlert","DEFAULT"]
2026-06-07 15:21:32.075 | [1;31mERROR 1721739[0;39m | [1;33mmain [TID: N/A][0;39m [1;36m[][0;39m [1;32mc.alibaba.druid.filter.stat.StatFilter  [0;39m [1;35m(StatFilter.java:518)[0;39m 
 slow sql 332 millis. DELETE FROM QRTZ_TRIGGERS WHERE SCHED_NAME = 'schedulerName' AND TRIGGER_NAME = ? AND TRIGGER_GROUP = ? ["slowExecutionAlert","DEFAULT"]
2026-06-07 15:21:32.462 | [1;31mERROR 1721739[0;39m | [1;33mmain [TID: N/A][0;39m [1;36m[][0;39m [1;32mc.alibaba.druid.filter.stat.StatFilter  [0;39m [1;35m(StatFilter.java:518)[0;39m 
 slow sql 376 millis. DELETE FROM QRTZ_JOB_DETAILS WHERE SCHED_NAME = 'schedulerName' AND JOB_NAME = ? AND JOB_GROUP = ? ["slowExecutionAlert","DEFAULT"]
2026-06-07 15:21:32.742 | [1;31mERROR 1721739[0;39m | [1;33mmain [TID: N/A][0;39m [1;36m[][0;39m [1;32mc.alibaba.druid.filter.stat.StatFilter  [0;39m [1;35m(StatFilter.java:518)[0;39m 
 slow sql 216 millis. INSERT INTO QRTZ_JOB_DETAILS (SCHED_NAME, JOB_NAME, JOB_GROUP, DESCRIPTION, JOB_CLASS_NAME, IS_DURABLE, IS_NONCONCURRENT, IS_UPDATE_DATA, REQUESTS_RECOVERY, JOB_DATA)  VALUES('schedulerName', ?, ?, ?, ?, ?, ?, ?, ?, ?) ["slowExecutionAlert","DEFAULT",null,"com.douyouqu.dyq.framework.quartz.core.handler.JobHandlerInvoker",false,true,true,false,"<[B>"]
2026-06-07 15:21:32.958 | [1;31mERROR 1721739[0;39m | [1;33mmain [TID: N/A][0;39m [1;36m[][0;39m [1;32mc.alibaba.druid.filter.stat.StatFilter  [0;39m [1;35m(StatFilter.java:518)[0;39m 
 slow sql 173 millis. INSERT INTO QRTZ_TRIGGERS (SCHED_NAME, TRIGGER_NAME, TRIGGER_GROUP, JOB_NAME, JOB_GROUP, DESCRIPTION, NEXT_FIRE_TIME, PREV_FIRE_TIME, TRIGGER_STATE, TRIGGER_TYPE, START_TIME, END_TIME, CALENDAR_NAME, MISFIRE_INSTR, JOB_DATA, PRIORITY)  VALUES('schedulerName', ?, ?, ?, ?, ?, ?, ?, ?, ?, ?, ?, ?, ?, ?, ?) ["slowExecutionAlert","DEFAULT","slowExecutionAlert","DEFAULT",null,1780817100000,-1,"WAITING","CRON",1780816892000,0,null,0,"<[B>",5]
2026-06-07 15:21:33.300 | [1;31mERROR 1721739[0;39m | [1;33mmain [TID: N/A][0;39m [1;36m[][0;39m [1;32mc.alibaba.druid.filter.stat.StatFilter  [0;39m [1;35m(StatFilter.java:518)[0;39m 
 slow sql 340 millis. INSERT INTO QRTZ_CRON_TRIGGERS (SCHED_NAME, TRIGGER_NAME, TRIGGER_GROUP, CRON_EXPRESSION, TIME_ZONE_ID)  VALUES('schedulerName', ?, ?, ?, ?) ["slowExecutionAlert","DEFAULT","0 */5 * * * ?","Asia/Shanghai"]
2026-06-07 15:21:33.571 | [1;31mERROR 1721739[0;39m | [1;33mmain [TID: N/A][0;39m [1;36m[][0;39m [1;32mc.alibaba.druid.filter.stat.StatFilter  [0;39m [1;35m(StatFilter.java:518)[0;39m 
 slow sql 217 millis. UPDATE QRTZ_TRIGGERS SET TRIGGER_STATE = ? WHERE SCHED_NAME = 'schedulerName' AND TRIGGER_NAME = ? AND TRIGGER_GROUP = ? ["PAUSED","slowExecutionAlert","DEFAULT"]
2026-06-07 15:21:33.571 | [34m INFO 1721739[0;39m | [1;33mmain [TID: N/A][0;39m [1;36m[][0;39m [1;32mc.d.d.m.i.service.job.JobServiceImpl    [0;39m [1;35m(JobServiceImpl.java:185)[0;39m 
 
[syncJob][id(300025) handlerName(slowExecutionAlert) 同步完成]
2026-06-07 15:21:33.833 | [1;31mERROR 1721739[0;39m | [1;33mmain [TID: N/A][0;39m [1;36m[][0;39m [1;32mc.alibaba.druid.filter.stat.StatFilter  [0;39m [1;35m(StatFilter.java:518)[0;39m 
 slow sql 208 millis. DELETE FROM QRTZ_CRON_TRIGGERS WHERE SCHED_NAME = 'schedulerName' AND TRIGGER_NAME = ? AND TRIGGER_GROUP = ? ["billingPackageRenewJob","DEFAULT"]
2026-06-07 15:21:34.108 | [1;31mERROR 1721739[0;39m | [1;33mmain [TID: N/A][0;39m [1;36m[][0;39m [1;32mc.alibaba.druid.filter.stat.StatFilter  [0;39m [1;35m(StatFilter.java:518)[0;39m 
 slow sql 274 millis. DELETE FROM QRTZ_TRIGGERS WHERE SCHED_NAME = 'schedulerName' AND TRIGGER_NAME = ? AND TRIGGER_GROUP = ? ["billingPackageRenewJob","DEFAULT"]
2026-06-07 15:21:34.341 | [1;31mERROR 1721739[0;39m | [1;33mmain [TID: N/A][0;39m [1;36m[][0;39m [1;32mc.alibaba.druid.filter.stat.StatFilter  [0;39m [1;35m(StatFilter.java:518)[0;39m 
 slow sql 220 millis. DELETE FROM QRTZ_JOB_DETAILS WHERE SCHED_NAME = 'schedulerName' AND JOB_NAME = ? AND JOB_GROUP = ? ["billingPackageRenewJob","DEFAULT"]
2026-06-07 15:21:34.608 | [1;31mERROR 1721739[0;39m | [1;33mmain [TID: N/A][0;39m [1;36m[][0;39m [1;32mc.alibaba.druid.filter.stat.StatFilter  [0;39m [1;35m(StatFilter.java:518)[0;39m 
 slow sql 201 millis. INSERT INTO QRTZ_JOB_DETAILS (SCHED_NAME, JOB_NAME, JOB_GROUP, DESCRIPTION, JOB_CLASS_NAME, IS_DURABLE, IS_NONCONCURRENT, IS_UPDATE_DATA, REQUESTS_RECOVERY, JOB_DATA)  VALUES('schedulerName', ?, ?, ?, ?, ?, ?, ?, ?, ?) ["billingPackageRenewJob","DEFAULT",null,"com.douyouqu.dyq.framework.quartz.core.handler.JobHandlerInvoker",false,true,true,false,"<[B>"]
2026-06-07 15:21:34.833 | [1;31mERROR 1721739[0;39m | [1;33mmain [TID: N/A][0;39m [1;36m[][0;39m [1;32mc.alibaba.druid.filter.stat.StatFilter  [0;39m [1;35m(StatFilter.java:518)[0;39m 
 slow sql 182 millis. INSERT INTO QRTZ_TRIGGERS (SCHED_NAME, TRIGGER_NAME, TRIGGER_GROUP, JOB_NAME, JOB_GROUP, DESCRIPTION, NEXT_FIRE_TIME, PREV_FIRE_TIME, TRIGGER_STATE, TRIGGER_TYPE, START_TIME, END_TIME, CALENDAR_NAME, MISFIRE_INSTR, JOB_DATA, PRIORITY)  VALUES('schedulerName', ?, ?, ?, ?, ?, ?, ?, ?, ?, ?, ?, ?, ?, ?, ?) ["billingPackageRenewJob","DEFAULT","billingPackageRenewJob","DEFAULT",null,1780855200000,-1,"WAITING","CRON",1780816894000,0,null,0,"<[B>",5]
2026-06-07 15:21:35.089 | [1;31mERROR 1721739[0;39m | [1;33mmain [TID: N/A][0;39m [1;36m[][0;39m [1;32mc.alibaba.druid.filter.stat.StatFilter  [0;39m [1;35m(StatFilter.java:518)[0;39m 
 slow sql 254 millis. INSERT INTO QRTZ_CRON_TRIGGERS (SCHED_NAME, TRIGGER_NAME, TRIGGER_GROUP, CRON_EXPRESSION, TIME_ZONE_ID)  VALUES('schedulerName', ?, ?, ?, ?) ["billingPackageRenewJob","DEFAULT","0 0 2 * * ?","Asia/Shanghai"]
2026-06-07 15:21:35.391 | [1;31mERROR 1721739[0;39m | [1;33mmain [TID: N/A][0;39m [1;36m[][0;39m [1;32mc.alibaba.druid.filter.stat.StatFilter  [0;39m [1;35m(StatFilter.java:518)[0;39m 
 slow sql 248 millis. UPDATE QRTZ_TRIGGERS SET TRIGGER_STATE = ? WHERE SCHED_NAME = 'schedulerName' AND TRIGGER_NAME = ? AND TRIGGER_GROUP = ? ["PAUSED","billingPackageRenewJob","DEFAULT"]
2026-06-07 15:21:35.391 | [34m INFO 1721739[0;39m | [1;33mmain [TID: N/A][0;39m [1;36m[][0;39m [1;32mc.d.d.m.i.service.job.JobServiceImpl    [0;39m [1;35m(JobServiceImpl.java:185)[0;39m 
 
[syncJob][id(300031) handlerName(billingPackageRenewJob) 同步完成]
2026-06-07 15:21:35.716 | [1;31mERROR 1721739[0;39m | [1;33mmain [TID: N/A][0;39m [1;36m[][0;39m [1;32mc.alibaba.druid.filter.stat.StatFilter  [0;39m [1;35m(StatFilter.java:518)[0;39m 
 slow sql 272 millis. DELETE FROM QRTZ_CRON_TRIGGERS WHERE SCHED_NAME = 'schedulerName' AND TRIGGER_NAME = ? AND TRIGGER_GROUP = ? ["billingPackageExpireJob","DEFAULT"]
2026-06-07 15:21:35.978 | [1;31mERROR 1721739[0;39m | [1;33mmain [TID: N/A][0;39m [1;36m[][0;39m [1;32mc.alibaba.druid.filter.stat.StatFilter  [0;39m [1;35m(StatFilter.java:518)[0;39m 
 slow sql 261 millis. DELETE FROM QRTZ_TRIGGERS WHERE SCHED_NAME = 'schedulerName' AND TRIGGER_NAME = ? AND TRIGGER_GROUP = ? ["billingPackageExpireJob","DEFAULT"]
2026-06-07 15:21:36.252 | [1;31mERROR 1721739[0;39m | [1;33mmain [TID: N/A][0;39m [1;36m[][0;39m [1;32mc.alibaba.druid.filter.stat.StatFilter  [0;39m [1;35m(StatFilter.java:518)[0;39m 
 slow sql 262 millis. DELETE FROM QRTZ_JOB_DETAILS WHERE SCHED_NAME = 'schedulerName' AND JOB_NAME = ? AND JOB_GROUP = ? ["billingPackageExpireJob","DEFAULT"]
2026-06-07 15:21:36.591 | [1;31mERROR 1721739[0;39m | [1;33mmain [TID: N/A][0;39m [1;36m[][0;39m [1;32mc.alibaba.druid.filter.stat.StatFilter  [0;39m [1;35m(StatFilter.java:518)[0;39m 
 slow sql 273 millis. INSERT INTO QRTZ_JOB_DETAILS (SCHED_NAME, JOB_NAME, JOB_GROUP, DESCRIPTION, JOB_CLASS_NAME, IS_DURABLE, IS_NONCONCURRENT, IS_UPDATE_DATA, REQUESTS_RECOVERY, JOB_DATA)  VALUES('schedulerName', ?, ?, ?, ?, ?, ?, ?, ?, ?) ["billingPackageExpireJob","DEFAULT",null,"com.douyouqu.dyq.framework.quartz.core.handler.JobHandlerInvoker",false,true,true,false,"<[B>"]
2026-06-07 15:21:36.882 | [1;31mERROR 1721739[0;39m | [1;33mmain [TID: N/A][0;39m [1;36m[][0;39m [1;32mc.alibaba.druid.filter.stat.StatFilter  [0;39m [1;35m(StatFilter.java:518)[0;39m 
 slow sql 248 millis. INSERT INTO QRTZ_TRIGGERS (SCHED_NAME, TRIGGER_NAME, TRIGGER_GROUP, JOB_NAME, JOB_GROUP, DESCRIPTION, NEXT_FIRE_TIME, PREV_FIRE_TIME, TRIGGER_STATE, TRIGGER_TYPE, START_TIME, END_TIME, CALENDAR_NAME, MISFIRE_INSTR, JOB_DATA, PRIORITY)  VALUES('schedulerName', ?, ?, ?, ?, ?, ?, ?, ?, ?, ?, ?, ?, ?, ?, ?) ["billingPackageExpireJob","DEFAULT","billingPackageExpireJob","DEFAULT",null,1780819200000,-1,"WAITING","CRON",1780816896000,0,null,0,"<[B>",5]
2026-06-07 15:21:37.032 | [1;31mERROR 1721739[0;39m | [1;33mmain [TID: N/A][0;39m [1;36m[][0;39m [1;32mc.alibaba.druid.filter.stat.StatFilter  [0;39m [1;35m(StatFilter.java:518)[0;39m 
 slow sql 149 millis. INSERT INTO QRTZ_CRON_TRIGGERS (SCHED_NAME, TRIGGER_NAME, TRIGGER_GROUP, CRON_EXPRESSION, TIME_ZONE_ID)  VALUES('schedulerName', ?, ?, ?, ?) ["billingPackageExpireJob","DEFAULT","0 0 * * * ?","Asia/Shanghai"]
2026-06-07 15:21:37.340 | [1;31mERROR 1721739[0;39m | [1;33mmain [TID: N/A][0;39m [1;36m[][0;39m [1;32mc.alibaba.druid.filter.stat.StatFilter  [0;39m [1;35m(StatFilter.java:518)[0;39m 
 slow sql 254 millis. UPDATE QRTZ_TRIGGERS SET TRIGGER_STATE = ? WHERE SCHED_NAME = 'schedulerName' AND TRIGGER_NAME = ? AND TRIGGER_GROUP = ? ["PAUSED","billingPackageExpireJob","DEFAULT"]
2026-06-07 15:21:37.341 | [34m INFO 1721739[0;39m | [1;33mmain [TID: N/A][0;39m [1;36m[][0;39m [1;32mc.d.d.m.i.service.job.JobServiceImpl    [0;39m [1;35m(JobServiceImpl.java:185)[0;39m 
 
[syncJob][id(300032) handlerName(billingPackageExpireJob) 同步完成]
2026-06-07 15:21:37.624 | [1;31mERROR 1721739[0;39m | [1;33mmain [TID: N/A][0;39m [1;36m[][0;39m [1;32mc.alibaba.druid.filter.stat.StatFilter  [0;39m [1;35m(StatFilter.java:518)[0;39m 
 slow sql 229 millis. DELETE FROM QRTZ_CRON_TRIGGERS WHERE SCHED_NAME = 'schedulerName' AND TRIGGER_NAME = ? AND TRIGGER_GROUP = ? ["aigcProviderHealthCheckJob","DEFAULT"]
2026-06-07 15:21:37.874 | [1;31mERROR 1721739[0;39m | [1;33mmain [TID: N/A][0;39m [1;36m[][0;39m [1;32mc.alibaba.druid.filter.stat.StatFilter  [0;39m [1;35m(StatFilter.java:518)[0;39m 
 slow sql 249 millis. DELETE FROM QRTZ_TRIGGERS WHERE SCHED_NAME = 'schedulerName' AND TRIGGER_NAME = ? AND TRIGGER_GROUP = ? ["aigcProviderHealthCheckJob","DEFAULT"]
2026-06-07 15:21:38.124 | [1;31mERROR 1721739[0;39m | [1;33mmain [TID: N/A][0;39m [1;36m[][0;39m [1;32mc.alibaba.druid.filter.stat.StatFilter  [0;39m [1;35m(StatFilter.java:518)[0;39m 
 slow sql 238 millis. DELETE FROM QRTZ_JOB_DETAILS WHERE SCHED_NAME = 'schedulerName' AND JOB_NAME = ? AND JOB_GROUP = ? ["aigcProviderHealthCheckJob","DEFAULT"]
2026-06-07 15:21:38.357 | [1;31mERROR 1721739[0;39m | [1;33mmain [TID: N/A][0;39m [1;36m[][0;39m [1;32mc.alibaba.druid.filter.stat.StatFilter  [0;39m [1;35m(StatFilter.java:518)[0;39m 
 slow sql 170 millis. INSERT INTO QRTZ_JOB_DETAILS (SCHED_NAME, JOB_NAME, JOB_GROUP, DESCRIPTION, JOB_CLASS_NAME, IS_DURABLE, IS_NONCONCURRENT, IS_UPDATE_DATA, REQUESTS_RECOVERY, JOB_DATA)  VALUES('schedulerName', ?, ?, ?, ?, ?, ?, ?, ?, ?) ["aigcProviderHealthCheckJob","DEFAULT",null,"com.douyouqu.dyq.framework.quartz.core.handler.JobHandlerInvoker",false,true,true,false,"<[B>"]
2026-06-07 15:21:38.582 | [1;31mERROR 1721739[0;39m | [1;33mmain [TID: N/A][0;39m [1;36m[][0;39m [1;32mc.alibaba.druid.filter.stat.StatFilter  [0;39m [1;35m(StatFilter.java:518)[0;39m 
 slow sql 182 millis. INSERT INTO QRTZ_TRIGGERS (SCHED_NAME, TRIGGER_NAME, TRIGGER_GROUP, JOB_NAME, JOB_GROUP, DESCRIPTION, NEXT_FIRE_TIME, PREV_FIRE_TIME, TRIGGER_STATE, TRIGGER_TYPE, START_TIME, END_TIME, CALENDAR_NAME, MISFIRE_INSTR, JOB_DATA, PRIORITY)  VALUES('schedulerName', ?, ?, ?, ?, ?, ?, ?, ?, ?, ?, ?, ?, ?, ?, ?) ["aigcProviderHealthCheckJob","DEFAULT","aigcProviderHealthCheckJob","DEFAULT",null,1780816920000,-1,"WAITING","CRON",1780816898000,0,null,0,"<[B>",5]
2026-06-07 15:21:38.757 | [1;31mERROR 1721739[0;39m | [1;33mmain [TID: N/A][0;39m [1;36m[][0;39m [1;32mc.alibaba.druid.filter.stat.StatFilter  [0;39m [1;35m(StatFilter.java:518)[0;39m 
 slow sql 174 millis. INSERT INTO QRTZ_CRON_TRIGGERS (SCHED_NAME, TRIGGER_NAME, TRIGGER_GROUP, CRON_EXPRESSION, TIME_ZONE_ID)  VALUES('schedulerName', ?, ?, ?, ?) ["aigcProviderHealthCheckJob","DEFAULT","*/30 * * * * ?","Asia/Shanghai"]
2026-06-07 15:21:39.124 | [1;31mERROR 1721739[0;39m | [1;33mmain [TID: N/A][0;39m [1;36m[][0;39m [1;32mc.alibaba.druid.filter.stat.StatFilter  [0;39m [1;35m(StatFilter.java:518)[0;39m 
 slow sql 313 millis. UPDATE QRTZ_TRIGGERS SET TRIGGER_STATE = ? WHERE SCHED_NAME = 'schedulerName' AND TRIGGER_NAME = ? AND TRIGGER_GROUP = ? ["PAUSED","aigcProviderHealthCheckJob","DEFAULT"]
2026-06-07 15:21:39.124 | [34m INFO 1721739[0;39m | [1;33mmain [TID: N/A][0;39m [1;36m[][0;39m [1;32mc.d.d.m.i.service.job.JobServiceImpl    [0;39m [1;35m(JobServiceImpl.java:185)[0;39m 
 
[syncJob][id(300041) handlerName(aigcProviderHealthCheckJob) 同步完成]
2026-06-07 15:21:39.507 | [1;31mERROR 1721739[0;39m | [1;33mmain [TID: N/A][0;39m [1;36m[][0;39m [1;32mc.alibaba.druid.filter.stat.StatFilter  [0;39m [1;35m(StatFilter.java:518)[0;39m 
 slow sql 327 millis. DELETE FROM QRTZ_CRON_TRIGGERS WHERE SCHED_NAME = 'schedulerName' AND TRIGGER_NAME = ? AND TRIGGER_GROUP = ? ["aigcMetricsCollectorJob","DEFAULT"]
2026-06-07 15:21:39.857 | [1;31mERROR 1721739[0;39m | [1;33mmain [TID: N/A][0;39m [1;36m[][0;39m [1;32mc.alibaba.druid.filter.stat.StatFilter  [0;39m [1;35m(StatFilter.java:518)[0;39m 
 slow sql 349 millis. DELETE FROM QRTZ_TRIGGERS WHERE SCHED_NAME = 'schedulerName' AND TRIGGER_NAME = ? AND TRIGGER_GROUP = ? ["aigcMetricsCollectorJob","DEFAULT"]
2026-06-07 15:21:40.065 | [1;31mERROR 1721739[0;39m | [1;33mmain [TID: N/A][0;39m [1;36m[][0;39m [1;32mc.alibaba.druid.filter.stat.StatFilter  [0;39m [1;35m(StatFilter.java:518)[0;39m 
 slow sql 196 millis. DELETE FROM QRTZ_JOB_DETAILS WHERE SCHED_NAME = 'schedulerName' AND JOB_NAME = ? AND JOB_GROUP = ? ["aigcMetricsCollectorJob","DEFAULT"]
2026-06-07 15:21:40.356 | [1;31mERROR 1721739[0;39m | [1;33mmain [TID: N/A][0;39m [1;36m[][0;39m [1;32mc.alibaba.druid.filter.stat.StatFilter  [0;39m [1;35m(StatFilter.java:518)[0;39m 
 slow sql 225 millis. INSERT INTO QRTZ_JOB_DETAILS (SCHED_NAME, JOB_NAME, JOB_GROUP, DESCRIPTION, JOB_CLASS_NAME, IS_DURABLE, IS_NONCONCURRENT, IS_UPDATE_DATA, REQUESTS_RECOVERY, JOB_DATA)  VALUES('schedulerName', ?, ?, ?, ?, ?, ?, ?, ?, ?) ["aigcMetricsCollectorJob","DEFAULT",null,"com.douyouqu.dyq.framework.quartz.core.handler.JobHandlerInvoker",false,true,true,false,"<[B>"]
2026-06-07 15:21:40.690 | [1;31mERROR 1721739[0;39m | [1;33mmain [TID: N/A][0;39m [1;36m[][0;39m [1;32mc.alibaba.druid.filter.stat.StatFilter  [0;39m [1;35m(StatFilter.java:518)[0;39m 
 slow sql 289 millis. INSERT INTO QRTZ_TRIGGERS (SCHED_NAME, TRIGGER_NAME, TRIGGER_GROUP, JOB_NAME, JOB_GROUP, DESCRIPTION, NEXT_FIRE_TIME, PREV_FIRE_TIME, TRIGGER_STATE, TRIGGER_TYPE, START_TIME, END_TIME, CALENDAR_NAME, MISFIRE_INSTR, JOB_DATA, PRIORITY)  VALUES('schedulerName', ?, ?, ?, ?, ?, ?, ?, ?, ?, ?, ?, ?, ?, ?, ?) ["aigcMetricsCollectorJob","DEFAULT","aigcMetricsCollectorJob","DEFAULT",null,1780816920000,-1,"WAITING","CRON",1780816900000,0,null,0,"<[B>",5]
2026-06-07 15:21:40.831 | [1;31mERROR 1721739[0;39m | [1;33mmain [TID: N/A][0;39m [1;36m[][0;39m [1;32mc.alibaba.druid.filter.stat.StatFilter  [0;39m [1;35m(StatFilter.java:518)[0;39m 
 slow sql 141 millis. INSERT INTO QRTZ_CRON_TRIGGERS (SCHED_NAME, TRIGGER_NAME, TRIGGER_GROUP, CRON_EXPRESSION, TIME_ZONE_ID)  VALUES('schedulerName', ?, ?, ?, ?) ["aigcMetricsCollectorJob","DEFAULT","*/30 * * * * ?","Asia/Shanghai"]
2026-06-07 15:21:41.173 | [1;31mERROR 1721739[0;39m | [1;33mmain [TID: N/A][0;39m [1;36m[][0;39m [1;32mc.alibaba.druid.filter.stat.StatFilter  [0;39m [1;35m(StatFilter.java:518)[0;39m 
 slow sql 288 millis. UPDATE QRTZ_TRIGGERS SET TRIGGER_STATE = ? WHERE SCHED_NAME = 'schedulerName' AND TRIGGER_NAME = ? AND TRIGGER_GROUP = ? ["PAUSED","aigcMetricsCollectorJob","DEFAULT"]
2026-06-07 15:21:41.177 | [34m INFO 1721739[0;39m | [1;33mmain [TID: N/A][0;39m [1;36m[][0;39m [1;32mc.d.d.m.i.service.job.JobServiceImpl    [0;39m [1;35m(JobServiceImpl.java:185)[0;39m 
 
[syncJob][id(300042) handlerName(aigcMetricsCollectorJob) 同步完成]
2026-06-07 15:21:41.498 | [1;31mERROR 1721739[0;39m | [1;33mmain [TID: N/A][0;39m [1;36m[][0;39m [1;32mc.alibaba.druid.filter.stat.StatFilter  [0;39m [1;35m(StatFilter.java:518)[0;39m 
 slow sql 266 millis. DELETE FROM QRTZ_CRON_TRIGGERS WHERE SCHED_NAME = 'schedulerName' AND TRIGGER_NAME = ? AND TRIGGER_GROUP = ? ["aigcBalanceMonitorJob","DEFAULT"]
2026-06-07 15:21:41.781 | [1;31mERROR 1721739[0;39m | [1;33mmain [TID: N/A][0;39m [1;36m[][0;39m [1;32mc.alibaba.druid.filter.stat.StatFilter  [0;39m [1;35m(StatFilter.java:518)[0;39m 
 slow sql 282 millis. DELETE FROM QRTZ_TRIGGERS WHERE SCHED_NAME = 'schedulerName' AND TRIGGER_NAME = ? AND TRIGGER_GROUP = ? ["aigcBalanceMonitorJob","DEFAULT"]
2026-06-07 15:21:42.056 | [1;31mERROR 1721739[0;39m | [1;33mmain [TID: N/A][0;39m [1;36m[][0;39m [1;32mc.alibaba.druid.filter.stat.StatFilter  [0;39m [1;35m(StatFilter.java:518)[0;39m 
 slow sql 263 millis. DELETE FROM QRTZ_JOB_DETAILS WHERE SCHED_NAME = 'schedulerName' AND JOB_NAME = ? AND JOB_GROUP = ? ["aigcBalanceMonitorJob","DEFAULT"]
2026-06-07 15:21:42.331 | [1;31mERROR 1721739[0;39m | [1;33mmain [TID: N/A][0;39m [1;36m[][0;39m [1;32mc.alibaba.druid.filter.stat.StatFilter  [0;39m [1;35m(StatFilter.java:518)[0;39m 
 slow sql 211 millis. INSERT INTO QRTZ_JOB_DETAILS (SCHED_NAME, JOB_NAME, JOB_GROUP, DESCRIPTION, JOB_CLASS_NAME, IS_DURABLE, IS_NONCONCURRENT, IS_UPDATE_DATA, REQUESTS_RECOVERY, JOB_DATA)  VALUES('schedulerName', ?, ?, ?, ?, ?, ?, ?, ?, ?) ["aigcBalanceMonitorJob","DEFAULT",null,"com.douyouqu.dyq.framework.quartz.core.handler.JobHandlerInvoker",false,true,true,false,"<[B>"]
2026-06-07 15:21:42.556 | [1;31mERROR 1721739[0;39m | [1;33mmain [TID: N/A][0;39m [1;36m[][0;39m [1;32mc.alibaba.druid.filter.stat.StatFilter  [0;39m [1;35m(StatFilter.java:518)[0;39m 
 slow sql 179 millis. INSERT INTO QRTZ_TRIGGERS (SCHED_NAME, TRIGGER_NAME, TRIGGER_GROUP, JOB_NAME, JOB_GROUP, DESCRIPTION, NEXT_FIRE_TIME, PREV_FIRE_TIME, TRIGGER_STATE, TRIGGER_TYPE, START_TIME, END_TIME, CALENDAR_NAME, MISFIRE_INSTR, JOB_DATA, PRIORITY)  VALUES('schedulerName', ?, ?, ?, ?, ?, ?, ?, ?, ?, ?, ?, ?, ?, ?, ?) ["aigcBalanceMonitorJob","DEFAULT","aigcBalanceMonitorJob","DEFAULT",null,1780817100000,-1,"WAITING","CRON",1780816902000,0,null,0,"<[B>",5]
2026-06-07 15:21:42.756 | [1;31mERROR 1721739[0;39m | [1;33mmain [TID: N/A][0;39m [1;36m[][0;39m [1;32mc.alibaba.druid.filter.stat.StatFilter  [0;39m [1;35m(StatFilter.java:518)[0;39m 
 slow sql 199 millis. INSERT INTO QRTZ_CRON_TRIGGERS (SCHED_NAME, TRIGGER_NAME, TRIGGER_GROUP, CRON_EXPRESSION, TIME_ZONE_ID)  VALUES('schedulerName', ?, ?, ?, ?) ["aigcBalanceMonitorJob","DEFAULT","0 */5 * * * ?","Asia/Shanghai"]
2026-06-07 15:21:43.055 | [1;31mERROR 1721739[0;39m | [1;33mmain [TID: N/A][0;39m [1;36m[][0;39m [1;32mc.alibaba.druid.filter.stat.StatFilter  [0;39m [1;35m(StatFilter.java:518)[0;39m 
 slow sql 242 millis. UPDATE QRTZ_TRIGGERS SET TRIGGER_STATE = ? WHERE SCHED_NAME = 'schedulerName' AND TRIGGER_NAME = ? AND TRIGGER_GROUP = ? ["PAUSED","aigcBalanceMonitorJob","DEFAULT"]
2026-06-07 15:21:43.056 | [34m INFO 1721739[0;39m | [1;33mmain [TID: N/A][0;39m [1;36m[][0;39m [1;32mc.d.d.m.i.service.job.JobServiceImpl    [0;39m [1;35m(JobServiceImpl.java:185)[0;39m 
 
[syncJob][id(300043) handlerName(aigcBalanceMonitorJob) 同步完成]
2026-06-07 15:21:43.439 | [1;31mERROR 1721739[0;39m | [1;33mmain [TID: N/A][0;39m [1;36m[][0;39m [1;32mc.alibaba.druid.filter.stat.StatFilter  [0;39m [1;35m(StatFilter.java:518)[0;39m 
 slow sql 329 millis. DELETE FROM QRTZ_CRON_TRIGGERS WHERE SCHED_NAME = 'schedulerName' AND TRIGGER_NAME = ? AND TRIGGER_GROUP = ? ["resourceMonitorScheduler","DEFAULT"]
2026-06-07 15:21:43.639 | [1;31mERROR 1721739[0;39m | [1;33mmain [TID: N/A][0;39m [1;36m[][0;39m [1;32mc.alibaba.druid.filter.stat.StatFilter  [0;39m [1;35m(StatFilter.java:518)[0;39m 
 slow sql 199 millis. DELETE FROM QRTZ_TRIGGERS WHERE SCHED_NAME = 'schedulerName' AND TRIGGER_NAME = ? AND TRIGGER_GROUP = ? ["resourceMonitorScheduler","DEFAULT"]
2026-06-07 15:21:43.839 | [1;31mERROR 1721739[0;39m | [1;33mmain [TID: N/A][0;39m [1;36m[][0;39m [1;32mc.alibaba.druid.filter.stat.StatFilter  [0;39m [1;35m(StatFilter.java:518)[0;39m 
 slow sql 188 millis. DELETE FROM QRTZ_JOB_DETAILS WHERE SCHED_NAME = 'schedulerName' AND JOB_NAME = ? AND JOB_GROUP = ? ["resourceMonitorScheduler","DEFAULT"]
2026-06-07 15:21:44.097 | [1;31mERROR 1721739[0;39m | [1;33mmain [TID: N/A][0;39m [1;36m[][0;39m [1;32mc.alibaba.druid.filter.stat.StatFilter  [0;39m [1;35m(StatFilter.java:518)[0;39m 
 slow sql 193 millis. INSERT INTO QRTZ_JOB_DETAILS (SCHED_NAME, JOB_NAME, JOB_GROUP, DESCRIPTION, JOB_CLASS_NAME, IS_DURABLE, IS_NONCONCURRENT, IS_UPDATE_DATA, REQUESTS_RECOVERY, JOB_DATA)  VALUES('schedulerName', ?, ?, ?, ?, ?, ?, ?, ?, ?) ["resourceMonitorScheduler","DEFAULT",null,"com.douyouqu.dyq.framework.quartz.core.handler.JobHandlerInvoker",false,true,true,false,"<[B>"]
2026-06-07 15:21:44.372 | [1;31mERROR 1721739[0;39m | [1;33mmain [TID: N/A][0;39m [1;36m[][0;39m [1;32mc.alibaba.druid.filter.stat.StatFilter  [0;39m [1;35m(StatFilter.java:518)[0;39m 
 slow sql 230 millis. INSERT INTO QRTZ_TRIGGERS (SCHED_NAME, TRIGGER_NAME, TRIGGER_GROUP, JOB_NAME, JOB_GROUP, DESCRIPTION, NEXT_FIRE_TIME, PREV_FIRE_TIME, TRIGGER_STATE, TRIGGER_TYPE, START_TIME, END_TIME, CALENDAR_NAME, MISFIRE_INSTR, JOB_DATA, PRIORITY)  VALUES('schedulerName', ?, ?, ?, ?, ?, ?, ?, ?, ?, ?, ?, ?, ?, ?, ?) ["resourceMonitorScheduler","DEFAULT","resourceMonitorScheduler","DEFAULT",null,1780816905000,-1,"WAITING","CRON",1780816903000,0,null,0,"<[B>",5]
2026-06-07 15:21:44.505 | [1;31mERROR 1721739[0;39m | [1;33mmain [TID: N/A][0;39m [1;36m[][0;39m [1;32mc.alibaba.druid.filter.stat.StatFilter  [0;39m [1;35m(StatFilter.java:518)[0;39m 
 slow sql 132 millis. INSERT INTO QRTZ_CRON_TRIGGERS (SCHED_NAME, TRIGGER_NAME, TRIGGER_GROUP, CRON_EXPRESSION, TIME_ZONE_ID)  VALUES('schedulerName', ?, ?, ?, ?) ["resourceMonitorScheduler","DEFAULT","*/5 * * * * ?","Asia/Shanghai"]
2026-06-07 15:21:44.788 | [1;31mERROR 1721739[0;39m | [1;33mmain [TID: N/A][0;39m [1;36m[][0;39m [1;32mc.alibaba.druid.filter.stat.StatFilter  [0;39m [1;35m(StatFilter.java:518)[0;39m 
 slow sql 229 millis. UPDATE QRTZ_TRIGGERS SET TRIGGER_STATE = ? WHERE SCHED_NAME = 'schedulerName' AND TRIGGER_NAME = ? AND TRIGGER_GROUP = ? ["PAUSED","resourceMonitorScheduler","DEFAULT"]
2026-06-07 15:21:44.789 | [34m INFO 1721739[0;39m | [1;33mmain [TID: N/A][0;39m [1;36m[][0;39m [1;32mc.d.d.m.i.service.job.JobServiceImpl    [0;39m [1;35m(JobServiceImpl.java:185)[0;39m 
 
[syncJob][id(300051) handlerName(resourceMonitorScheduler) 同步完成]
2026-06-07 15:21:45.046 | [1;31mERROR 1721739[0;39m | [1;33mmain [TID: N/A][0;39m [1;36m[][0;39m [1;32mc.alibaba.druid.filter.stat.StatFilter  [0;39m [1;35m(StatFilter.java:518)[0;39m 
 slow sql 203 millis. DELETE FROM QRTZ_CRON_TRIGGERS WHERE SCHED_NAME = 'schedulerName' AND TRIGGER_NAME = ? AND TRIGGER_GROUP = ? ["resourceMonitorScheduler","DEFAULT"]
2026-06-07 15:21:45.247 | [1;31mERROR 1721739[0;39m | [1;33mmain [TID: N/A][0;39m [1;36m[][0;39m [1;32mc.alibaba.druid.filter.stat.StatFilter  [0;39m [1;35m(StatFilter.java:518)[0;39m 
 slow sql 199 millis. DELETE FROM QRTZ_TRIGGERS WHERE SCHED_NAME = 'schedulerName' AND TRIGGER_NAME = ? AND TRIGGER_GROUP = ? ["resourceMonitorScheduler","DEFAULT"]
2026-06-07 15:21:45.434 | [1;31mERROR 1721739[0;39m | [1;33mmain [TID: N/A][0;39m [1;36m[][0;39m [1;32mc.alibaba.druid.filter.stat.StatFilter  [0;39m [1;35m(StatFilter.java:518)[0;39m 
 slow sql 176 millis. DELETE FROM QRTZ_JOB_DETAILS WHERE SCHED_NAME = 'schedulerName' AND JOB_NAME = ? AND JOB_GROUP = ? ["resourceMonitorScheduler","DEFAULT"]
2026-06-07 15:21:45.763 | [1;31mERROR 1721739[0;39m | [1;33mmain [TID: N/A][0;39m [1;36m[][0;39m [1;32mc.alibaba.druid.filter.stat.StatFilter  [0;39m [1;35m(StatFilter.java:518)[0;39m 
 slow sql 264 millis. INSERT INTO QRTZ_JOB_DETAILS (SCHED_NAME, JOB_NAME, JOB_GROUP, DESCRIPTION, JOB_CLASS_NAME, IS_DURABLE, IS_NONCONCURRENT, IS_UPDATE_DATA, REQUESTS_RECOVERY, JOB_DATA)  VALUES('schedulerName', ?, ?, ?, ?, ?, ?, ?, ?, ?) ["resourceMonitorScheduler","DEFAULT",null,"com.douyouqu.dyq.framework.quartz.core.handler.JobHandlerInvoker",false,true,true,false,"<[B>"]
2026-06-07 15:21:46.113 | [1;31mERROR 1721739[0;39m | [1;33mmain [TID: N/A][0;39m [1;36m[][0;39m [1;32mc.alibaba.druid.filter.stat.StatFilter  [0;39m [1;35m(StatFilter.java:518)[0;39m 
 slow sql 307 millis. INSERT INTO QRTZ_TRIGGERS (SCHED_NAME, TRIGGER_NAME, TRIGGER_GROUP, JOB_NAME, JOB_GROUP, DESCRIPTION, NEXT_FIRE_TIME, PREV_FIRE_TIME, TRIGGER_STATE, TRIGGER_TYPE, START_TIME, END_TIME, CALENDAR_NAME, MISFIRE_INSTR, JOB_DATA, PRIORITY)  VALUES('schedulerName', ?, ?, ?, ?, ?, ?, ?, ?, ?, ?, ?, ?, ?, ?, ?) ["resourceMonitorScheduler","DEFAULT","resourceMonitorScheduler","DEFAULT",null,1780816920000,-1,"WAITING","CRON",1780816905000,0,null,0,"<[B>",5]
2026-06-07 15:21:46.376 | [1;31mERROR 1721739[0;39m | [1;33mmain [TID: N/A][0;39m [1;36m[][0;39m [1;32mc.alibaba.druid.filter.stat.StatFilter  [0;39m [1;35m(StatFilter.java:518)[0;39m 
 slow sql 262 millis. INSERT INTO QRTZ_CRON_TRIGGERS (SCHED_NAME, TRIGGER_NAME, TRIGGER_GROUP, CRON_EXPRESSION, TIME_ZONE_ID)  VALUES('schedulerName', ?, ?, ?, ?) ["resourceMonitorScheduler","DEFAULT","0 * * * * ?","Asia/Shanghai"]
2026-06-07 15:21:46.696 | [1;31mERROR 1721739[0;39m | [1;33mmain [TID: N/A][0;39m [1;36m[][0;39m [1;32mc.alibaba.druid.filter.stat.StatFilter  [0;39m [1;35m(StatFilter.java:518)[0;39m 
 slow sql 267 millis. UPDATE QRTZ_TRIGGERS SET TRIGGER_STATE = ? WHERE SCHED_NAME = 'schedulerName' AND TRIGGER_NAME = ? AND TRIGGER_GROUP = ? ["PAUSED","resourceMonitorScheduler","DEFAULT"]
2026-06-07 15:21:46.697 | [34m INFO 1721739[0;39m | [1;33mmain [TID: N/A][0;39m [1;36m[][0;39m [1;32mc.d.d.m.i.service.job.JobServiceImpl    [0;39m [1;35m(JobServiceImpl.java:185)[0;39m 
 
[syncJob][id(300052) handlerName(resourceMonitorScheduler) 同步完成]
2026-06-07 15:21:47.004 | [1;31mERROR 1721739[0;39m | [1;33mmain [TID: N/A][0;39m [1;36m[][0;39m [1;32mc.alibaba.druid.filter.stat.StatFilter  [0;39m [1;35m(StatFilter.java:518)[0;39m 
 slow sql 255 millis. DELETE FROM QRTZ_CRON_TRIGGERS WHERE SCHED_NAME = 'schedulerName' AND TRIGGER_NAME = ? AND TRIGGER_GROUP = ? ["aiComfyuiServerServiceImpl","DEFAULT"]
2026-06-07 15:21:47.280 | [1;31mERROR 1721739[0;39m | [1;33mmain [TID: N/A][0;39m [1;36m[][0;39m [1;32mc.alibaba.druid.filter.stat.StatFilter  [0;39m [1;35m(StatFilter.java:518)[0;39m 
 slow sql 275 millis. DELETE FROM QRTZ_TRIGGERS WHERE SCHED_NAME = 'schedulerName' AND TRIGGER_NAME = ? AND TRIGGER_GROUP = ? ["aiComfyuiServerServiceImpl","DEFAULT"]
2026-06-07 15:21:47.455 | [1;31mERROR 1721739[0;39m | [1;33mmain [TID: N/A][0;39m [1;36m[][0;39m [1;32mc.alibaba.druid.filter.stat.StatFilter  [0;39m [1;35m(StatFilter.java:518)[0;39m 
 slow sql 163 millis. DELETE FROM QRTZ_JOB_DETAILS WHERE SCHED_NAME = 'schedulerName' AND JOB_NAME = ? AND JOB_GROUP = ? ["aiComfyuiServerServiceImpl","DEFAULT"]
2026-06-07 15:21:47.836 | [1;31mERROR 1721739[0;39m | [1;33mmain [TID: N/A][0;39m [1;36m[][0;39m [1;32mc.alibaba.druid.filter.stat.StatFilter  [0;39m [1;35m(StatFilter.java:518)[0;39m 
 slow sql 315 millis. INSERT INTO QRTZ_JOB_DETAILS (SCHED_NAME, JOB_NAME, JOB_GROUP, DESCRIPTION, JOB_CLASS_NAME, IS_DURABLE, IS_NONCONCURRENT, IS_UPDATE_DATA, REQUESTS_RECOVERY, JOB_DATA)  VALUES('schedulerName', ?, ?, ?, ?, ?, ?, ?, ?, ?) ["aiComfyuiServerServiceImpl","DEFAULT",null,"com.douyouqu.dyq.framework.quartz.core.handler.JobHandlerInvoker",false,true,true,false,"<[B>"]
2026-06-07 15:21:48.225 | [1;31mERROR 1721739[0;39m | [1;33mmain [TID: N/A][0;39m [1;36m[][0;39m [1;32mc.alibaba.druid.filter.stat.StatFilter  [0;39m [1;35m(StatFilter.java:518)[0;39m 
 slow sql 346 millis. INSERT INTO QRTZ_TRIGGERS (SCHED_NAME, TRIGGER_NAME, TRIGGER_GROUP, JOB_NAME, JOB_GROUP, DESCRIPTION, NEXT_FIRE_TIME, PREV_FIRE_TIME, TRIGGER_STATE, TRIGGER_TYPE, START_TIME, END_TIME, CALENDAR_NAME, MISFIRE_INSTR, JOB_DATA, PRIORITY)  VALUES('schedulerName', ?, ?, ?, ?, ?, ?, ?, ?, ?, ?, ?, ?, ?, ?, ?) ["aiComfyuiServerServiceImpl","DEFAULT","aiComfyuiServerServiceImpl","DEFAULT",null,1780816920000,-1,"WAITING","CRON",1780816907000,0,null,0,"<[B>",5]
2026-06-07 15:21:48.356 | [1;31mERROR 1721739[0;39m | [1;33mmain [TID: N/A][0;39m [1;36m[][0;39m [1;32mc.alibaba.druid.filter.stat.StatFilter  [0;39m [1;35m(StatFilter.java:518)[0;39m 
 slow sql 130 millis. INSERT INTO QRTZ_CRON_TRIGGERS (SCHED_NAME, TRIGGER_NAME, TRIGGER_GROUP, CRON_EXPRESSION, TIME_ZONE_ID)  VALUES('schedulerName', ?, ?, ?, ?) ["aiComfyuiServerServiceImpl","DEFAULT","0 * * * * ?","Asia/Shanghai"]
2026-06-07 15:21:48.732 | [1;31mERROR 1721739[0;39m | [1;33mmain [TID: N/A][0;39m [1;36m[][0;39m [1;32mc.alibaba.druid.filter.stat.StatFilter  [0;39m [1;35m(StatFilter.java:518)[0;39m 
 slow sql 320 millis. UPDATE QRTZ_TRIGGERS SET TRIGGER_STATE = ? WHERE SCHED_NAME = 'schedulerName' AND TRIGGER_NAME = ? AND TRIGGER_GROUP = ? ["PAUSED","aiComfyuiServerServiceImpl","DEFAULT"]
2026-06-07 15:21:48.732 | [34m INFO 1721739[0;39m | [1;33mmain [TID: N/A][0;39m [1;36m[][0;39m [1;32mc.d.d.m.i.service.job.JobServiceImpl    [0;39m [1;35m(JobServiceImpl.java:185)[0;39m 
 
[syncJob][id(300053) handlerName(aiComfyuiServerServiceImpl) 同步完成]
2026-06-07 15:21:49.004 | [1;31mERROR 1721739[0;39m | [1;33mmain [TID: N/A][0;39m [1;36m[][0;39m [1;32mc.alibaba.druid.filter.stat.StatFilter  [0;39m [1;35m(StatFilter.java:518)[0;39m 
 slow sql 218 millis. DELETE FROM QRTZ_CRON_TRIGGERS WHERE SCHED_NAME = 'schedulerName' AND TRIGGER_NAME = ? AND TRIGGER_GROUP = ? ["liveStreamProcessorJob","DEFAULT"]
2026-06-07 15:21:49.387 | [1;31mERROR 1721739[0;39m | [1;33mmain [TID: N/A][0;39m [1;36m[][0;39m [1;32mc.alibaba.druid.filter.stat.StatFilter  [0;39m [1;35m(StatFilter.java:518)[0;39m 
 slow sql 382 millis. DELETE FROM QRTZ_TRIGGERS WHERE SCHED_NAME = 'schedulerName' AND TRIGGER_NAME = ? AND TRIGGER_GROUP = ? ["liveStreamProcessorJob","DEFAULT"]
2026-06-07 15:21:49.546 | [1;31mERROR 1721739[0;39m | [1;33mmain [TID: N/A][0;39m [1;36m[][0;39m [1;32mc.alibaba.druid.filter.stat.StatFilter  [0;39m [1;35m(StatFilter.java:518)[0;39m 
 slow sql 147 millis. DELETE FROM QRTZ_JOB_DETAILS WHERE SCHED_NAME = 'schedulerName' AND JOB_NAME = ? AND JOB_GROUP = ? ["liveStreamProcessorJob","DEFAULT"]
2026-06-07 15:21:49.871 | [1;31mERROR 1721739[0;39m | [1;33mmain [TID: N/A][0;39m [1;36m[][0;39m [1;32mc.alibaba.druid.filter.stat.StatFilter  [0;39m [1;35m(StatFilter.java:518)[0;39m 
 slow sql 259 millis. INSERT INTO QRTZ_JOB_DETAILS (SCHED_NAME, JOB_NAME, JOB_GROUP, DESCRIPTION, JOB_CLASS_NAME, IS_DURABLE, IS_NONCONCURRENT, IS_UPDATE_DATA, REQUESTS_RECOVERY, JOB_DATA)  VALUES('schedulerName', ?, ?, ?, ?, ?, ?, ?, ?, ?) ["liveStreamProcessorJob","DEFAULT",null,"com.douyouqu.dyq.framework.quartz.core.handler.JobHandlerInvoker",false,true,true,false,"<[B>"]
2026-06-07 15:21:50.202 | [1;31mERROR 1721739[0;39m | [1;33mmain [TID: N/A][0;39m [1;36m[][0;39m [1;32mc.alibaba.druid.filter.stat.StatFilter  [0;39m [1;35m(StatFilter.java:518)[0;39m 
 slow sql 287 millis. INSERT INTO QRTZ_TRIGGERS (SCHED_NAME, TRIGGER_NAME, TRIGGER_GROUP, JOB_NAME, JOB_GROUP, DESCRIPTION, NEXT_FIRE_TIME, PREV_FIRE_TIME, TRIGGER_STATE, TRIGGER_TYPE, START_TIME, END_TIME, CALENDAR_NAME, MISFIRE_INSTR, JOB_DATA, PRIORITY)  VALUES('schedulerName', ?, ?, ?, ?, ?, ?, ?, ?, ?, ?, ?, ?, ?, ?, ?) ["liveStreamProcessorJob","DEFAULT","liveStreamProcessorJob","DEFAULT",null,1780816910000,-1,"WAITING","CRON",1780816909000,0,null,0,"<[B>",5]
2026-06-07 15:21:50.421 | [1;31mERROR 1721739[0;39m | [1;33mmain [TID: N/A][0;39m [1;36m[][0;39m [1;32mc.alibaba.druid.filter.stat.StatFilter  [0;39m [1;35m(StatFilter.java:518)[0;39m 
 slow sql 218 millis. INSERT INTO QRTZ_CRON_TRIGGERS (SCHED_NAME, TRIGGER_NAME, TRIGGER_GROUP, CRON_EXPRESSION, TIME_ZONE_ID)  VALUES('schedulerName', ?, ?, ?, ?) ["liveStreamProcessorJob","DEFAULT","*/5 * * * * ?","Asia/Shanghai"]
2026-06-07 15:21:50.723 | [1;31mERROR 1721739[0;39m | [1;33mmain [TID: N/A][0;39m [1;36m[][0;39m [1;32mc.alibaba.druid.filter.stat.StatFilter  [0;39m [1;35m(StatFilter.java:518)[0;39m 
 slow sql 245 millis. UPDATE QRTZ_TRIGGERS SET TRIGGER_STATE = ? WHERE SCHED_NAME = 'schedulerName' AND TRIGGER_NAME = ? AND TRIGGER_GROUP = ? ["PAUSED","liveStreamProcessorJob","DEFAULT"]
2026-06-07 15:21:50.724 | [34m INFO 1721739[0;39m | [1;33mmain [TID: N/A][0;39m [1;36m[][0;39m [1;32mc.d.d.m.i.service.job.JobServiceImpl    [0;39m [1;35m(JobServiceImpl.java:185)[0;39m 
 
[syncJob][id(300054) handlerName(liveStreamProcessorJob) 同步完成]
2026-06-07 15:21:50.962 | [1;31mERROR 1721739[0;39m | [1;33mmain [TID: N/A][0;39m [1;36m[][0;39m [1;32mc.alibaba.druid.filter.stat.StatFilter  [0;39m [1;35m(StatFilter.java:518)[0;39m 
 slow sql 184 millis. DELETE FROM QRTZ_CRON_TRIGGERS WHERE SCHED_NAME = 'schedulerName' AND TRIGGER_NAME = ? AND TRIGGER_GROUP = ? ["mcpMarketScheduledJobs","DEFAULT"]
2026-06-07 15:21:51.198 | [1;31mERROR 1721739[0;39m | [1;33mmain [TID: N/A][0;39m [1;36m[][0;39m [1;32mc.alibaba.druid.filter.stat.StatFilter  [0;39m [1;35m(StatFilter.java:518)[0;39m 
 slow sql 235 millis. DELETE FROM QRTZ_TRIGGERS WHERE SCHED_NAME = 'schedulerName' AND TRIGGER_NAME = ? AND TRIGGER_GROUP = ? ["mcpMarketScheduledJobs","DEFAULT"]
2026-06-07 15:21:51.465 | [1;31mERROR 1721739[0;39m | [1;33mmain [TID: N/A][0;39m [1;36m[][0;39m [1;32mc.alibaba.druid.filter.stat.StatFilter  [0;39m [1;35m(StatFilter.java:518)[0;39m 
 slow sql 254 millis. DELETE FROM QRTZ_JOB_DETAILS WHERE SCHED_NAME = 'schedulerName' AND JOB_NAME = ? AND JOB_GROUP = ? ["mcpMarketScheduledJobs","DEFAULT"]
2026-06-07 15:21:51.766 | [1;31mERROR 1721739[0;39m | [1;33mmain [TID: N/A][0;39m [1;36m[][0;39m [1;32mc.alibaba.druid.filter.stat.StatFilter  [0;39m [1;35m(StatFilter.java:518)[0;39m 
 slow sql 233 millis. INSERT INTO QRTZ_JOB_DETAILS (SCHED_NAME, JOB_NAME, JOB_GROUP, DESCRIPTION, JOB_CLASS_NAME, IS_DURABLE, IS_NONCONCURRENT, IS_UPDATE_DATA, REQUESTS_RECOVERY, JOB_DATA)  VALUES('schedulerName', ?, ?, ?, ?, ?, ?, ?, ?, ?) ["mcpMarketScheduledJobs","DEFAULT",null,"com.douyouqu.dyq.framework.quartz.core.handler.JobHandlerInvoker",false,true,true,false,"<[B>"]
2026-06-07 15:21:52.083 | [1;31mERROR 1721739[0;39m | [1;33mmain [TID: N/A][0;39m [1;36m[][0;39m [1;32mc.alibaba.druid.filter.stat.StatFilter  [0;39m [1;35m(StatFilter.java:518)[0;39m 
 slow sql 273 millis. INSERT INTO QRTZ_TRIGGERS (SCHED_NAME, TRIGGER_NAME, TRIGGER_GROUP, JOB_NAME, JOB_GROUP, DESCRIPTION, NEXT_FIRE_TIME, PREV_FIRE_TIME, TRIGGER_STATE, TRIGGER_TYPE, START_TIME, END_TIME, CALENDAR_NAME, MISFIRE_INSTR, JOB_DATA, PRIORITY)  VALUES('schedulerName', ?, ?, ?, ?, ?, ?, ?, ?, ?, ?, ?, ?, ?, ?, ?) ["mcpMarketScheduledJobs","DEFAULT","mcpMarketScheduledJobs","DEFAULT",null,1780851600000,-1,"WAITING","CRON",1780816911000,0,null,0,"<[B>",5]
2026-06-07 15:21:52.290 | [1;31mERROR 1721739[0;39m | [1;33mmain [TID: N/A][0;39m [1;36m[][0;39m [1;32mc.alibaba.druid.filter.stat.StatFilter  [0;39m [1;35m(StatFilter.java:518)[0;39m 
 slow sql 206 millis. INSERT INTO QRTZ_CRON_TRIGGERS (SCHED_NAME, TRIGGER_NAME, TRIGGER_GROUP, CRON_EXPRESSION, TIME_ZONE_ID)  VALUES('schedulerName', ?, ?, ?, ?) ["mcpMarketScheduledJobs","DEFAULT","0 0 1 * * ?","Asia/Shanghai"]
2026-06-07 15:21:52.620 | [1;31mERROR 1721739[0;39m | [1;33mmain [TID: N/A][0;39m [1;36m[][0;39m [1;32mc.alibaba.druid.filter.stat.StatFilter  [0;39m [1;35m(StatFilter.java:518)[0;39m 
 slow sql 272 millis. UPDATE QRTZ_TRIGGERS SET TRIGGER_STATE = ? WHERE SCHED_NAME = 'schedulerName' AND TRIGGER_NAME = ? AND TRIGGER_GROUP = ? ["PAUSED","mcpMarketScheduledJobs","DEFAULT"]
2026-06-07 15:21:52.620 | [34m INFO 1721739[0;39m | [1;33mmain [TID: N/A][0;39m [1;36m[][0;39m [1;32mc.d.d.m.i.service.job.JobServiceImpl    [0;39m [1;35m(JobServiceImpl.java:185)[0;39m 
 
[syncJob][id(300061) handlerName(mcpMarketScheduledJobs) 同步完成]
2026-06-07 15:21:52.873 | [1;31mERROR 1721739[0;39m | [1;33mmain [TID: N/A][0;39m [1;36m[][0;39m [1;32mc.alibaba.druid.filter.stat.StatFilter  [0;39m [1;35m(StatFilter.java:518)[0;39m 
 slow sql 199 millis. DELETE FROM QRTZ_CRON_TRIGGERS WHERE SCHED_NAME = 'schedulerName' AND TRIGGER_NAME = ? AND TRIGGER_GROUP = ? ["mcpMarketScheduledJobs","DEFAULT"]
2026-06-07 15:21:53.086 | [1;31mERROR 1721739[0;39m | [1;33mmain [TID: N/A][0;39m [1;36m[][0;39m [1;32mc.alibaba.druid.filter.stat.StatFilter  [0;39m [1;35m(StatFilter.java:518)[0;39m 
 slow sql 212 millis. DELETE FROM QRTZ_TRIGGERS WHERE SCHED_NAME = 'schedulerName' AND TRIGGER_NAME = ? AND TRIGGER_GROUP = ? ["mcpMarketScheduledJobs","DEFAULT"]
2026-06-07 15:21:53.411 | [1;31mERROR 1721739[0;39m | [1;33mmain [TID: N/A][0;39m [1;36m[][0;39m [1;32mc.alibaba.druid.filter.stat.StatFilter  [0;39m [1;35m(StatFilter.java:518)[0;39m 
 slow sql 313 millis. DELETE FROM QRTZ_JOB_DETAILS WHERE SCHED_NAME = 'schedulerName' AND JOB_NAME = ? AND JOB_GROUP = ? ["mcpMarketScheduledJobs","DEFAULT"]
2026-06-07 15:21:53.932 | [1;31mERROR 1721739[0;39m | [1;33mmain [TID: N/A][0;39m [1;36m[][0;39m [1;32mc.alibaba.druid.filter.stat.StatFilter  [0;39m [1;35m(StatFilter.java:518)[0;39m 
 slow sql 457 millis. INSERT INTO QRTZ_JOB_DETAILS (SCHED_NAME, JOB_NAME, JOB_GROUP, DESCRIPTION, JOB_CLASS_NAME, IS_DURABLE, IS_NONCONCURRENT, IS_UPDATE_DATA, REQUESTS_RECOVERY, JOB_DATA)  VALUES('schedulerName', ?, ?, ?, ?, ?, ?, ?, ?, ?) ["mcpMarketScheduledJobs","DEFAULT",null,"com.douyouqu.dyq.framework.quartz.core.handler.JobHandlerInvoker",false,true,true,false,"<[B>"]
2026-06-07 15:21:54.265 | [1;31mERROR 1721739[0;39m | [1;33mmain [TID: N/A][0;39m [1;36m[][0;39m [1;32mc.alibaba.druid.filter.stat.StatFilter  [0;39m [1;35m(StatFilter.java:518)[0;39m 
 slow sql 276 millis. INSERT INTO QRTZ_TRIGGERS (SCHED_NAME, TRIGGER_NAME, TRIGGER_GROUP, JOB_NAME, JOB_GROUP, DESCRIPTION, NEXT_FIRE_TIME, PREV_FIRE_TIME, TRIGGER_STATE, TRIGGER_TYPE, START_TIME, END_TIME, CALENDAR_NAME, MISFIRE_INSTR, JOB_DATA, PRIORITY)  VALUES('schedulerName', ?, ?, ?, ?, ?, ?, ?, ?, ?, ?, ?, ?, ?, ?, ?) ["mcpMarketScheduledJobs","DEFAULT","mcpMarketScheduledJobs","DEFAULT",null,1780819200000,-1,"WAITING","CRON",1780816913000,0,null,0,"<[B>",5]
2026-06-07 15:21:54.598 | [1;31mERROR 1721739[0;39m | [1;33mmain [TID: N/A][0;39m [1;36m[][0;39m [1;32mc.alibaba.druid.filter.stat.StatFilter  [0;39m [1;35m(StatFilter.java:518)[0;39m 
 slow sql 332 millis. INSERT INTO QRTZ_CRON_TRIGGERS (SCHED_NAME, TRIGGER_NAME, TRIGGER_GROUP, CRON_EXPRESSION, TIME_ZONE_ID)  VALUES('schedulerName', ?, ?, ?, ?) ["mcpMarketScheduledJobs","DEFAULT","0 0 * * * ?","Asia/Shanghai"]
2026-06-07 15:21:54.931 | [1;31mERROR 1721739[0;39m | [1;33mmain [TID: N/A][0;39m [1;36m[][0;39m [1;32mc.alibaba.druid.filter.stat.StatFilter  [0;39m [1;35m(StatFilter.java:518)[0;39m 
 slow sql 280 millis. UPDATE QRTZ_TRIGGERS SET TRIGGER_STATE = ? WHERE SCHED_NAME = 'schedulerName' AND TRIGGER_NAME = ? AND TRIGGER_GROUP = ? ["PAUSED","mcpMarketScheduledJobs","DEFAULT"]
2026-06-07 15:21:54.932 | [34m INFO 1721739[0;39m | [1;33mmain [TID: N/A][0;39m [1;36m[][0;39m [1;32mc.d.d.m.i.service.job.JobServiceImpl    [0;39m [1;35m(JobServiceImpl.java:185)[0;39m 
 
[syncJob][id(300062) handlerName(mcpMarketScheduledJobs) 同步完成]
2026-06-07 15:21:55.286 | [1;31mERROR 1721739[0;39m | [1;33mmain [TID: N/A][0;39m [1;36m[][0;39m [1;32mc.alibaba.druid.filter.stat.StatFilter  [0;39m [1;35m(StatFilter.java:518)[0;39m 
 slow sql 299 millis. DELETE FROM QRTZ_CRON_TRIGGERS WHERE SCHED_NAME = 'schedulerName' AND TRIGGER_NAME = ? AND TRIGGER_GROUP = ? ["mcpMarketScheduledJobs","DEFAULT"]
2026-06-07 15:21:55.663 | [1;31mERROR 1721739[0;39m | [1;33mmain [TID: N/A][0;39m [1;36m[][0;39m [1;32mc.alibaba.druid.filter.stat.StatFilter  [0;39m [1;35m(StatFilter.java:518)[0;39m 
 slow sql 376 millis. DELETE FROM QRTZ_TRIGGERS WHERE SCHED_NAME = 'schedulerName' AND TRIGGER_NAME = ? AND TRIGGER_GROUP = ? ["mcpMarketScheduledJobs","DEFAULT"]
2026-06-07 15:21:55.990 | [1;31mERROR 1721739[0;39m | [1;33mmain [TID: N/A][0;39m [1;36m[][0;39m [1;32mc.alibaba.druid.filter.stat.StatFilter  [0;39m [1;35m(StatFilter.java:518)[0;39m 
 slow sql 315 millis. DELETE FROM QRTZ_JOB_DETAILS WHERE SCHED_NAME = 'schedulerName' AND JOB_NAME = ? AND JOB_GROUP = ? ["mcpMarketScheduledJobs","DEFAULT"]
2026-06-07 15:21:56.590 | [1;31mERROR 1721739[0;39m | [1;33mmain [TID: N/A][0;39m [1;36m[][0;39m [1;32mc.alibaba.druid.filter.stat.StatFilter  [0;39m [1;35m(StatFilter.java:518)[0;39m 
 slow sql 524 millis. INSERT INTO QRTZ_JOB_DETAILS (SCHED_NAME, JOB_NAME, JOB_GROUP, DESCRIPTION, JOB_CLASS_NAME, IS_DURABLE, IS_NONCONCURRENT, IS_UPDATE_DATA, REQUESTS_RECOVERY, JOB_DATA)  VALUES('schedulerName', ?, ?, ?, ?, ?, ?, ?, ?, ?) ["mcpMarketScheduledJobs","DEFAULT",null,"com.douyouqu.dyq.framework.quartz.core.handler.JobHandlerInvoker",false,true,true,false,"<[B>"]
2026-06-07 15:21:57.032 | [1;31mERROR 1721739[0;39m | [1;33mmain [TID: N/A][0;39m [1;36m[][0;39m [1;32mc.alibaba.druid.filter.stat.StatFilter  [0;39m [1;35m(StatFilter.java:518)[0;39m 
 slow sql 398 millis. INSERT INTO QRTZ_TRIGGERS (SCHED_NAME, TRIGGER_NAME, TRIGGER_GROUP, JOB_NAME, JOB_GROUP, DESCRIPTION, NEXT_FIRE_TIME, PREV_FIRE_TIME, TRIGGER_STATE, TRIGGER_TYPE, START_TIME, END_TIME, CALENDAR_NAME, MISFIRE_INSTR, JOB_DATA, PRIORITY)  VALUES('schedulerName', ?, ?, ?, ?, ?, ?, ?, ?, ?, ?, ?, ?, ?, ?, ?) ["mcpMarketScheduledJobs","DEFAULT","mcpMarketScheduledJobs","DEFAULT",null,1780855200000,-1,"WAITING","CRON",1780816916000,0,null,0,"<[B>",5]
2026-06-07 15:21:57.323 | [1;31mERROR 1721739[0;39m | [1;33mmain [TID: N/A][0;39m [1;36m[][0;39m [1;32mc.alibaba.druid.filter.stat.StatFilter  [0;39m [1;35m(StatFilter.java:518)[0;39m 
 slow sql 291 millis. INSERT INTO QRTZ_CRON_TRIGGERS (SCHED_NAME, TRIGGER_NAME, TRIGGER_GROUP, CRON_EXPRESSION, TIME_ZONE_ID)  VALUES('schedulerName', ?, ?, ?, ?) ["mcpMarketScheduledJobs","DEFAULT","0 0 2 * * ?","Asia/Shanghai"]
2026-06-07 15:21:57.609 | [1;31mERROR 1721739[0;39m | [1;33mmain [TID: N/A][0;39m [1;36m[][0;39m [1;32mc.alibaba.druid.filter.stat.StatFilter  [0;39m [1;35m(StatFilter.java:518)[0;39m 
 slow sql 231 millis. UPDATE QRTZ_TRIGGERS SET TRIGGER_STATE = ? WHERE SCHED_NAME = 'schedulerName' AND TRIGGER_NAME = ? AND TRIGGER_GROUP = ? ["PAUSED","mcpMarketScheduledJobs","DEFAULT"]
2026-06-07 15:21:57.610 | [34m INFO 1721739[0;39m | [1;33mmain [TID: N/A][0;39m [1;36m[][0;39m [1;32mc.d.d.m.i.service.job.JobServiceImpl    [0;39m [1;35m(JobServiceImpl.java:185)[0;39m 
 
[syncJob][id(300063) handlerName(mcpMarketScheduledJobs) 同步完成]
2026-06-07 15:21:57.905 | [1;31mERROR 1721739[0;39m | [1;33mmain [TID: N/A][0;39m [1;36m[][0;39m [1;32mc.alibaba.druid.filter.stat.StatFilter  [0;39m [1;35m(StatFilter.java:518)[0;39m 
 slow sql 241 millis. DELETE FROM QRTZ_CRON_TRIGGERS WHERE SCHED_NAME = 'schedulerName' AND TRIGGER_NAME = ? AND TRIGGER_GROUP = ? ["proxySessionOutboxJob","DEFAULT"]
2026-06-07 15:21:58.116 | [1;31mERROR 1721739[0;39m | [1;33mmain [TID: N/A][0;39m [1;36m[][0;39m [1;32mc.alibaba.druid.filter.stat.StatFilter  [0;39m [1;35m(StatFilter.java:518)[0;39m 
 slow sql 209 millis. DELETE FROM QRTZ_TRIGGERS WHERE SCHED_NAME = 'schedulerName' AND TRIGGER_NAME = ? AND TRIGGER_GROUP = ? ["proxySessionOutboxJob","DEFAULT"]
2026-06-07 15:21:58.407 | [1;31mERROR 1721739[0;39m | [1;33mmain [TID: N/A][0;39m [1;36m[][0;39m [1;32mc.alibaba.druid.filter.stat.StatFilter  [0;39m [1;35m(StatFilter.java:518)[0;39m 
 slow sql 279 millis. DELETE FROM QRTZ_JOB_DETAILS WHERE SCHED_NAME = 'schedulerName' AND JOB_NAME = ? AND JOB_GROUP = ? ["proxySessionOutboxJob","DEFAULT"]
2026-06-07 15:21:58.657 | [1;31mERROR 1721739[0;39m | [1;33mmain [TID: N/A][0;39m [1;36m[][0;39m [1;32mc.alibaba.druid.filter.stat.StatFilter  [0;39m [1;35m(StatFilter.java:518)[0;39m 
 slow sql 187 millis. INSERT INTO QRTZ_JOB_DETAILS (SCHED_NAME, JOB_NAME, JOB_GROUP, DESCRIPTION, JOB_CLASS_NAME, IS_DURABLE, IS_NONCONCURRENT, IS_UPDATE_DATA, REQUESTS_RECOVERY, JOB_DATA)  VALUES('schedulerName', ?, ?, ?, ?, ?, ?, ?, ?, ?) ["proxySessionOutboxJob","DEFAULT",null,"com.douyouqu.dyq.framework.quartz.core.handler.JobHandlerInvoker",false,true,true,false,"<[B>"]
2026-06-07 15:21:58.967 | [1;31mERROR 1721739[0;39m | [1;33mmain [TID: N/A][0;39m [1;36m[][0;39m [1;32mc.alibaba.druid.filter.stat.StatFilter  [0;39m [1;35m(StatFilter.java:518)[0;39m 
 slow sql 267 millis. INSERT INTO QRTZ_TRIGGERS (SCHED_NAME, TRIGGER_NAME, TRIGGER_GROUP, JOB_NAME, JOB_GROUP, DESCRIPTION, NEXT_FIRE_TIME, PREV_FIRE_TIME, TRIGGER_STATE, TRIGGER_TYPE, START_TIME, END_TIME, CALENDAR_NAME, MISFIRE_INSTR, JOB_DATA, PRIORITY)  VALUES('schedulerName', ?, ?, ?, ?, ?, ?, ?, ?, ?, ?, ?, ?, ?, ?, ?) ["proxySessionOutboxJob","DEFAULT","proxySessionOutboxJob","DEFAULT",null,1780816920000,-1,"WAITING","CRON",1780816918000,0,null,0,"<[B>",5]
2026-06-07 15:21:59.202 | [1;31mERROR 1721739[0;39m | [1;33mmain [TID: N/A][0;39m [1;36m[][0;39m [1;32mc.alibaba.druid.filter.stat.StatFilter  [0;39m [1;35m(StatFilter.java:518)[0;39m 
 slow sql 234 millis. INSERT INTO QRTZ_CRON_TRIGGERS (SCHED_NAME, TRIGGER_NAME, TRIGGER_GROUP, CRON_EXPRESSION, TIME_ZONE_ID)  VALUES('schedulerName', ?, ?, ?, ?) ["proxySessionOutboxJob","DEFAULT","*/30 * * * * ?","Asia/Shanghai"]
2026-06-07 15:21:59.459 | [1;31mERROR 1721739[0;39m | [1;33mmain [TID: N/A][0;39m [1;36m[][0;39m [1;32mc.alibaba.druid.filter.stat.StatFilter  [0;39m [1;35m(StatFilter.java:518)[0;39m 
 slow sql 202 millis. UPDATE QRTZ_TRIGGERS SET TRIGGER_STATE = ? WHERE SCHED_NAME = 'schedulerName' AND TRIGGER_NAME = ? AND TRIGGER_GROUP = ? ["PAUSED","proxySessionOutboxJob","DEFAULT"]
2026-06-07 15:21:59.460 | [34m INFO 1721739[0;39m | [1;33mmain [TID: N/A][0;39m [1;36m[][0;39m [1;32mc.d.d.m.i.service.job.JobServiceImpl    [0;39m [1;35m(JobServiceImpl.java:185)[0;39m 
 
[syncJob][id(300071) handlerName(proxySessionOutboxJob) 同步完成]
2026-06-07 15:21:59.698 | [1;31mERROR 1721739[0;39m | [1;33mmain [TID: N/A][0;39m [1;36m[][0;39m [1;32mc.alibaba.druid.filter.stat.StatFilter  [0;39m [1;35m(StatFilter.java:518)[0;39m 
 slow sql 217 millis. UPDATE QRTZ_TRIGGERS SET TRIGGER_STATE = ? WHERE SCHED_NAME = 'schedulerName' AND TRIGGER_NAME = ? AND TRIGGER_GROUP = ? ["PAUSED","proxySessionExpireJob","DEFAULT"]
2026-06-07 15:22:00.007 | [1;31mERROR 1721739[0;39m | [1;33mmain [TID: N/A][0;39m [1;36m[][0;39m [1;32mc.alibaba.druid.filter.stat.StatFilter  [0;39m [1;35m(StatFilter.java:518)[0;39m 
 slow sql 276 millis. DELETE FROM QRTZ_CRON_TRIGGERS WHERE SCHED_NAME = 'schedulerName' AND TRIGGER_NAME = ? AND TRIGGER_GROUP = ? ["proxySessionExpireJob","DEFAULT"]
2026-06-07 15:22:00.148 | [1;31mERROR 1721739[0;39m | [1;33mmain [TID: N/A][0;39m [1;36m[][0;39m [1;32mc.alibaba.druid.filter.stat.StatFilter  [0;39m [1;35m(StatFilter.java:518)[0;39m 
 slow sql 140 millis. DELETE FROM QRTZ_TRIGGERS WHERE SCHED_NAME = 'schedulerName' AND TRIGGER_NAME = ? AND TRIGGER_GROUP = ? ["proxySessionExpireJob","DEFAULT"]
2026-06-07 15:22:00.357 | [1;31mERROR 1721739[0;39m | [1;33mmain [TID: N/A][0;39m [1;36m[][0;39m [1;32mc.alibaba.druid.filter.stat.StatFilter  [0;39m [1;35m(StatFilter.java:518)[0;39m 
 slow sql 197 millis. DELETE FROM QRTZ_JOB_DETAILS WHERE SCHED_NAME = 'schedulerName' AND JOB_NAME = ? AND JOB_GROUP = ? ["proxySessionExpireJob","DEFAULT"]
2026-06-07 15:22:00.690 | [1;31mERROR 1721739[0;39m | [1;33mmain [TID: N/A][0;39m [1;36m[][0;39m [1;32mc.alibaba.druid.filter.stat.StatFilter  [0;39m [1;35m(StatFilter.java:518)[0;39m 
 slow sql 266 millis. INSERT INTO QRTZ_JOB_DETAILS (SCHED_NAME, JOB_NAME, JOB_GROUP, DESCRIPTION, JOB_CLASS_NAME, IS_DURABLE, IS_NONCONCURRENT, IS_UPDATE_DATA, REQUESTS_RECOVERY, JOB_DATA)  VALUES('schedulerName', ?, ?, ?, ?, ?, ?, ?, ?, ?) ["proxySessionExpireJob","DEFAULT",null,"com.douyouqu.dyq.framework.quartz.core.handler.JobHandlerInvoker",false,true,true,false,"<[B>"]
2026-06-07 15:22:00.956 | [1;31mERROR 1721739[0;39m | [1;33mmain [TID: N/A][0;39m [1;36m[][0;39m [1;32mc.alibaba.druid.filter.stat.StatFilter  [0;39m [1;35m(StatFilter.java:518)[0;39m 
 slow sql 222 millis. INSERT INTO QRTZ_TRIGGERS (SCHED_NAME, TRIGGER_NAME, TRIGGER_GROUP, JOB_NAME, JOB_GROUP, DESCRIPTION, NEXT_FIRE_TIME, PREV_FIRE_TIME, TRIGGER_STATE, TRIGGER_TYPE, START_TIME, END_TIME, CALENDAR_NAME, MISFIRE_INSTR, JOB_DATA, PRIORITY)  VALUES('schedulerName', ?, ?, ?, ?, ?, ?, ?, ?, ?, ?, ?, ?, ?, ?, ?) ["proxySessionExpireJob","DEFAULT","proxySessionExpireJob","DEFAULT",null,1780816920000,-1,"WAITING","CRON",1780816920000,0,null,0,"<[B>",5]
2026-06-07 15:22:01.098 | [1;31mERROR 1721739[0;39m | [1;33mmain [TID: N/A][0;39m [1;36m[][0;39m [1;32mc.alibaba.druid.filter.stat.StatFilter  [0;39m [1;35m(StatFilter.java:518)[0;39m 
 slow sql 141 millis. INSERT INTO QRTZ_CRON_TRIGGERS (SCHED_NAME, TRIGGER_NAME, TRIGGER_GROUP, CRON_EXPRESSION, TIME_ZONE_ID)  VALUES('schedulerName', ?, ?, ?, ?) ["proxySessionExpireJob","DEFAULT","0 * * * * ?","Asia/Shanghai"]
2026-06-07 15:22:01.099 | [34m INFO 1721739[0;39m | [1;33mmain [TID: N/A][0;39m [1;36m[][0;39m [1;32mc.d.d.m.i.service.job.JobServiceImpl    [0;39m [1;35m(JobServiceImpl.java:185)[0;39m 
 
[syncJob][id(300072) handlerName(proxySessionExpireJob) 同步完成]
2026-06-07 15:22:01.373 | [1;31mERROR 1721739[0;39m | [1;33mmain [TID: N/A][0;39m [1;36m[][0;39m [1;32mc.alibaba.druid.filter.stat.StatFilter  [0;39m [1;35m(StatFilter.java:518)[0;39m 
 slow sql 220 millis. DELETE FROM QRTZ_CRON_TRIGGERS WHERE SCHED_NAME = 'schedulerName' AND TRIGGER_NAME = ? AND TRIGGER_GROUP = ? ["proxyHealthCheckJob","DEFAULT"]
2026-06-07 15:22:01.634 | [1;31mERROR 1721739[0;39m | [1;33mmain [TID: N/A][0;39m [1;36m[][0;39m [1;32mc.alibaba.druid.filter.stat.StatFilter  [0;39m [1;35m(StatFilter.java:518)[0;39m 
 slow sql 259 millis. DELETE FROM QRTZ_TRIGGERS WHERE SCHED_NAME = 'schedulerName' AND TRIGGER_NAME = ? AND TRIGGER_GROUP = ? ["proxyHealthCheckJob","DEFAULT"]
2026-06-07 15:22:01.873 | [1;31mERROR 1721739[0;39m | [1;33mmain [TID: N/A][0;39m [1;36m[][0;39m [1;32mc.alibaba.druid.filter.stat.StatFilter  [0;39m [1;35m(StatFilter.java:518)[0;39m 
 slow sql 228 millis. DELETE FROM QRTZ_JOB_DETAILS WHERE SCHED_NAME = 'schedulerName' AND JOB_NAME = ? AND JOB_GROUP = ? ["proxyHealthCheckJob","DEFAULT"]
2026-06-07 15:22:02.165 | [1;31mERROR 1721739[0;39m | [1;33mmain [TID: N/A][0;39m [1;36m[][0;39m [1;32mc.alibaba.druid.filter.stat.StatFilter  [0;39m [1;35m(StatFilter.java:518)[0;39m 
 slow sql 228 millis. INSERT INTO QRTZ_JOB_DETAILS (SCHED_NAME, JOB_NAME, JOB_GROUP, DESCRIPTION, JOB_CLASS_NAME, IS_DURABLE, IS_NONCONCURRENT, IS_UPDATE_DATA, REQUESTS_RECOVERY, JOB_DATA)  VALUES('schedulerName', ?, ?, ?, ?, ?, ?, ?, ?, ?) ["proxyHealthCheckJob","DEFAULT",null,"com.douyouqu.dyq.framework.quartz.core.handler.JobHandlerInvoker",false,true,true,false,"<[B>"]
2026-06-07 15:22:02.423 | [1;31mERROR 1721739[0;39m | [1;33mmain [TID: N/A][0;39m [1;36m[][0;39m [1;32mc.alibaba.druid.filter.stat.StatFilter  [0;39m [1;35m(StatFilter.java:518)[0;39m 
 slow sql 216 millis. INSERT INTO QRTZ_TRIGGERS (SCHED_NAME, TRIGGER_NAME, TRIGGER_GROUP, JOB_NAME, JOB_GROUP, DESCRIPTION, NEXT_FIRE_TIME, PREV_FIRE_TIME, TRIGGER_STATE, TRIGGER_TYPE, START_TIME, END_TIME, CALENDAR_NAME, MISFIRE_INSTR, JOB_DATA, PRIORITY)  VALUES('schedulerName', ?, ?, ?, ?, ?, ?, ?, ?, ?, ?, ?, ?, ?, ?, ?) ["proxyHealthCheckJob","DEFAULT","proxyHealthCheckJob","DEFAULT",null,1780817100000,-1,"WAITING","CRON",1780816921000,0,null,0,"<[B>",5]
2026-06-07 15:22:02.607 | [1;31mERROR 1721739[0;39m | [1;33mmain [TID: N/A][0;39m [1;36m[][0;39m [1;32mc.alibaba.druid.filter.stat.StatFilter  [0;39m [1;35m(StatFilter.java:518)[0;39m 
 slow sql 182 millis. INSERT INTO QRTZ_CRON_TRIGGERS (SCHED_NAME, TRIGGER_NAME, TRIGGER_GROUP, CRON_EXPRESSION, TIME_ZONE_ID)  VALUES('schedulerName', ?, ?, ?, ?) ["proxyHealthCheckJob","DEFAULT","0 */5 * * * ?","Asia/Shanghai"]
2026-06-07 15:22:02.890 | [1;31mERROR 1721739[0;39m | [1;33mmain [TID: N/A][0;39m [1;36m[][0;39m [1;32mc.alibaba.druid.filter.stat.StatFilter  [0;39m [1;35m(StatFilter.java:518)[0;39m 
 slow sql 230 millis. UPDATE QRTZ_TRIGGERS SET TRIGGER_STATE = ? WHERE SCHED_NAME = 'schedulerName' AND TRIGGER_NAME = ? AND TRIGGER_GROUP = ? ["PAUSED","proxyHealthCheckJob","DEFAULT"]
2026-06-07 15:22:02.890 | [34m INFO 1721739[0;39m | [1;33mmain [TID: N/A][0;39m [1;36m[][0;39m [1;32mc.d.d.m.i.service.job.JobServiceImpl    [0;39m [1;35m(JobServiceImpl.java:185)[0;39m 
 
[syncJob][id(300073) handlerName(proxyHealthCheckJob) 同步完成]
2026-06-07 15:22:03.174 | [1;31mERROR 1721739[0;39m | [1;33mmain [TID: N/A][0;39m [1;36m[][0;39m [1;32mc.alibaba.druid.filter.stat.StatFilter  [0;39m [1;35m(StatFilter.java:518)[0;39m 
 slow sql 232 millis. DELETE FROM QRTZ_CRON_TRIGGERS WHERE SCHED_NAME = 'schedulerName' AND TRIGGER_NAME = ? AND TRIGGER_GROUP = ? ["systemHealthScoreJob","DEFAULT"]
2026-06-07 15:22:03.375 | [1;31mERROR 1721739[0;39m | [1;33mmain [TID: N/A][0;39m [1;36m[][0;39m [1;32mc.alibaba.druid.filter.stat.StatFilter  [0;39m [1;35m(StatFilter.java:518)[0;39m 
 slow sql 200 millis. DELETE FROM QRTZ_TRIGGERS WHERE SCHED_NAME = 'schedulerName' AND TRIGGER_NAME = ? AND TRIGGER_GROUP = ? ["systemHealthScoreJob","DEFAULT"]
2026-06-07 15:22:03.562 | [1;31mERROR 1721739[0;39m | [1;33mmain [TID: N/A][0;39m [1;36m[][0;39m [1;32mc.alibaba.druid.filter.stat.StatFilter  [0;39m [1;35m(StatFilter.java:518)[0;39m 
 slow sql 176 millis. DELETE FROM QRTZ_JOB_DETAILS WHERE SCHED_NAME = 'schedulerName' AND JOB_NAME = ? AND JOB_GROUP = ? ["systemHealthScoreJob","DEFAULT"]
2026-06-07 15:22:03.821 | [1;31mERROR 1721739[0;39m | [1;33mmain [TID: N/A][0;39m [1;36m[][0;39m [1;32mc.alibaba.druid.filter.stat.StatFilter  [0;39m [1;35m(StatFilter.java:518)[0;39m 
 slow sql 194 millis. INSERT INTO QRTZ_JOB_DETAILS (SCHED_NAME, JOB_NAME, JOB_GROUP, DESCRIPTION, JOB_CLASS_NAME, IS_DURABLE, IS_NONCONCURRENT, IS_UPDATE_DATA, REQUESTS_RECOVERY, JOB_DATA)  VALUES('schedulerName', ?, ?, ?, ?, ?, ?, ?, ?, ?) ["systemHealthScoreJob","DEFAULT",null,"com.douyouqu.dyq.framework.quartz.core.handler.JobHandlerInvoker",false,true,true,false,"<[B>"]
2026-06-07 15:22:04.099 | [1;31mERROR 1721739[0;39m | [1;33mmain [TID: N/A][0;39m [1;36m[][0;39m [1;32mc.alibaba.druid.filter.stat.StatFilter  [0;39m [1;35m(StatFilter.java:518)[0;39m 
 slow sql 236 millis. INSERT INTO QRTZ_TRIGGERS (SCHED_NAME, TRIGGER_NAME, TRIGGER_GROUP, JOB_NAME, JOB_GROUP, DESCRIPTION, NEXT_FIRE_TIME, PREV_FIRE_TIME, TRIGGER_STATE, TRIGGER_TYPE, START_TIME, END_TIME, CALENDAR_NAME, MISFIRE_INSTR, JOB_DATA, PRIORITY)  VALUES('schedulerName', ?, ?, ?, ?, ?, ?, ?, ?, ?, ?, ?, ?, ?, ?, ?) ["systemHealthScoreJob","DEFAULT","systemHealthScoreJob","DEFAULT",null,1780816950000,-1,"WAITING","CRON",1780816923000,0,null,0,"<[B>",5]
2026-06-07 15:22:04.304 | [1;31mERROR 1721739[0;39m | [1;33mmain [TID: N/A][0;39m [1;36m[][0;39m [1;32mc.alibaba.druid.filter.stat.StatFilter  [0;39m [1;35m(StatFilter.java:518)[0;39m 
 slow sql 205 millis. INSERT INTO QRTZ_CRON_TRIGGERS (SCHED_NAME, TRIGGER_NAME, TRIGGER_GROUP, CRON_EXPRESSION, TIME_ZONE_ID)  VALUES('schedulerName', ?, ?, ?, ?) ["systemHealthScoreJob","DEFAULT","*/30 * * * * ?","Asia/Shanghai"]
2026-06-07 15:22:04.643 | [1;31mERROR 1721739[0;39m | [1;33mmain [TID: N/A][0;39m [1;36m[][0;39m [1;32mc.alibaba.druid.filter.stat.StatFilter  [0;39m [1;35m(StatFilter.java:518)[0;39m 
 slow sql 286 millis. UPDATE QRTZ_TRIGGERS SET TRIGGER_STATE = ? WHERE SCHED_NAME = 'schedulerName' AND TRIGGER_NAME = ? AND TRIGGER_GROUP = ? ["PAUSED","systemHealthScoreJob","DEFAULT"]
2026-06-07 15:22:04.643 | [34m INFO 1721739[0;39m | [1;33mmain [TID: N/A][0;39m [1;36m[][0;39m [1;32mc.d.d.m.i.service.job.JobServiceImpl    [0;39m [1;35m(JobServiceImpl.java:185)[0;39m 
 
[syncJob][id(300081) handlerName(systemHealthScoreJob) 同步完成]
2026-06-07 15:22:04.874 | [1;31mERROR 1721739[0;39m | [1;33mmain [TID: N/A][0;39m [1;36m[][0;39m [1;32mc.alibaba.druid.filter.stat.StatFilter  [0;39m [1;35m(StatFilter.java:518)[0;39m 
 slow sql 209 millis. UPDATE QRTZ_TRIGGERS SET TRIGGER_STATE = ? WHERE SCHED_NAME = 'schedulerName' AND TRIGGER_NAME = ? AND TRIGGER_GROUP = ? ["PAUSED","systemAlertCleanupJob","DEFAULT"]
2026-06-07 15:22:05.196 | [1;31mERROR 1721739[0;39m | [1;33mmain [TID: N/A][0;39m [1;36m[][0;39m [1;32mc.alibaba.druid.filter.stat.StatFilter  [0;39m [1;35m(StatFilter.java:518)[0;39m 
 slow sql 288 millis. DELETE FROM QRTZ_CRON_TRIGGERS WHERE SCHED_NAME = 'schedulerName' AND TRIGGER_NAME = ? AND TRIGGER_GROUP = ? ["systemAlertCleanupJob","DEFAULT"]
2026-06-07 15:22:05.405 | [1;31mERROR 1721739[0;39m | [1;33mmain [TID: N/A][0;39m [1;36m[][0;39m [1;32mc.alibaba.druid.filter.stat.StatFilter  [0;39m [1;35m(StatFilter.java:518)[0;39m 
 slow sql 208 millis. DELETE FROM QRTZ_TRIGGERS WHERE SCHED_NAME = 'schedulerName' AND TRIGGER_NAME = ? AND TRIGGER_GROUP = ? ["systemAlertCleanupJob","DEFAULT"]
2026-06-07 15:22:05.724 | [1;31mERROR 1721739[0;39m | [1;33mmain [TID: N/A][0;39m [1;36m[][0;39m [1;32mc.alibaba.druid.filter.stat.StatFilter  [0;39m [1;35m(StatFilter.java:518)[0;39m 
 slow sql 307 millis. DELETE FROM QRTZ_JOB_DETAILS WHERE SCHED_NAME = 'schedulerName' AND JOB_NAME = ? AND JOB_GROUP = ? ["systemAlertCleanupJob","DEFAULT"]
2026-06-07 15:22:05.922 | [1;31mERROR 1721739[0;39m | [1;33mmain [TID: N/A][0;39m [1;36m[][0;39m [1;32mc.alibaba.druid.filter.stat.StatFilter  [0;39m [1;35m(StatFilter.java:518)[0;39m 
 slow sql 133 millis. INSERT INTO QRTZ_JOB_DETAILS (SCHED_NAME, JOB_NAME, JOB_GROUP, DESCRIPTION, JOB_CLASS_NAME, IS_DURABLE, IS_NONCONCURRENT, IS_UPDATE_DATA, REQUESTS_RECOVERY, JOB_DATA)  VALUES('schedulerName', ?, ?, ?, ?, ?, ?, ?, ?, ?) ["systemAlertCleanupJob","DEFAULT",null,"com.douyouqu.dyq.framework.quartz.core.handler.JobHandlerInvoker",false,true,true,false,"<[B>"]
2026-06-07 15:22:06.233 | [1;31mERROR 1721739[0;39m | [1;33mmain [TID: N/A][0;39m [1;36m[][0;39m [1;32mc.alibaba.druid.filter.stat.StatFilter  [0;39m [1;35m(StatFilter.java:518)[0;39m 
 slow sql 268 millis. INSERT INTO QRTZ_TRIGGERS (SCHED_NAME, TRIGGER_NAME, TRIGGER_GROUP, JOB_NAME, JOB_GROUP, DESCRIPTION, NEXT_FIRE_TIME, PREV_FIRE_TIME, TRIGGER_STATE, TRIGGER_TYPE, START_TIME, END_TIME, CALENDAR_NAME, MISFIRE_INSTR, JOB_DATA, PRIORITY)  VALUES('schedulerName', ?, ?, ?, ?, ?, ?, ?, ?, ?, ?, ?, ?, ?, ?, ?) ["systemAlertCleanupJob","DEFAULT","systemAlertCleanupJob","DEFAULT",null,1780819200000,-1,"WAITING","CRON",1780816925000,0,null,0,"<[B>",5]
2026-06-07 15:22:06.536 | [1;31mERROR 1721739[0;39m | [1;33mmain [TID: N/A][0;39m [1;36m[][0;39m [1;32mc.alibaba.druid.filter.stat.StatFilter  [0;39m [1;35m(StatFilter.java:518)[0;39m 
 slow sql 302 millis. INSERT INTO QRTZ_CRON_TRIGGERS (SCHED_NAME, TRIGGER_NAME, TRIGGER_GROUP, CRON_EXPRESSION, TIME_ZONE_ID)  VALUES('schedulerName', ?, ?, ?, ?) ["systemAlertCleanupJob","DEFAULT","0 0 * * * ?","Asia/Shanghai"]
2026-06-07 15:22:06.537 | [34m INFO 1721739[0;39m | [1;33mmain [TID: N/A][0;39m [1;36m[][0;39m [1;32mc.d.d.m.i.service.job.JobServiceImpl    [0;39m [1;35m(JobServiceImpl.java:185)[0;39m 
 
[syncJob][id(300082) handlerName(systemAlertCleanupJob) 同步完成]
2026-06-07 15:22:06.890 | [1;31mERROR 1721739[0;39m | [1;33mmain [TID: N/A][0;39m [1;36m[][0;39m [1;32mc.alibaba.druid.filter.stat.StatFilter  [0;39m [1;35m(StatFilter.java:518)[0;39m 
 slow sql 300 millis. DELETE FROM QRTZ_CRON_TRIGGERS WHERE SCHED_NAME = 'schedulerName' AND TRIGGER_NAME = ? AND TRIGGER_GROUP = ? ["comfyuiInstanceHealthCheckJob","DEFAULT"]
2026-06-07 15:22:07.105 | [1;31mERROR 1721739[0;39m | [1;33mmain [TID: N/A][0;39m [1;36m[][0;39m [1;32mc.alibaba.druid.filter.stat.StatFilter  [0;39m [1;35m(StatFilter.java:518)[0;39m 
 slow sql 214 millis. DELETE FROM QRTZ_TRIGGERS WHERE SCHED_NAME = 'schedulerName' AND TRIGGER_NAME = ? AND TRIGGER_GROUP = ? ["comfyuiInstanceHealthCheckJob","DEFAULT"]
2026-06-07 15:22:07.340 | [1;31mERROR 1721739[0;39m | [1;33mmain [TID: N/A][0;39m [1;36m[][0;39m [1;32mc.alibaba.druid.filter.stat.StatFilter  [0;39m [1;35m(StatFilter.java:518)[0;39m 
 slow sql 223 millis. DELETE FROM QRTZ_JOB_DETAILS WHERE SCHED_NAME = 'schedulerName' AND JOB_NAME = ? AND JOB_GROUP = ? ["comfyuiInstanceHealthCheckJob","DEFAULT"]
2026-06-07 15:22:07.672 | [1;31mERROR 1721739[0;39m | [1;33mmain [TID: N/A][0;39m [1;36m[][0;39m [1;32mc.alibaba.druid.filter.stat.StatFilter  [0;39m [1;35m(StatFilter.java:518)[0;39m 
 slow sql 264 millis. INSERT INTO QRTZ_JOB_DETAILS (SCHED_NAME, JOB_NAME, JOB_GROUP, DESCRIPTION, JOB_CLASS_NAME, IS_DURABLE, IS_NONCONCURRENT, IS_UPDATE_DATA, REQUESTS_RECOVERY, JOB_DATA)  VALUES('schedulerName', ?, ?, ?, ?, ?, ?, ?, ?, ?) ["comfyuiInstanceHealthCheckJob","DEFAULT",null,"com.douyouqu.dyq.framework.quartz.core.handler.JobHandlerInvoker",false,true,true,false,"<[B>"]
2026-06-07 15:22:07.988 | [1;31mERROR 1721739[0;39m | [1;33mmain [TID: N/A][0;39m [1;36m[][0;39m [1;32mc.alibaba.druid.filter.stat.StatFilter  [0;39m [1;35m(StatFilter.java:518)[0;39m 
 slow sql 273 millis. INSERT INTO QRTZ_TRIGGERS (SCHED_NAME, TRIGGER_NAME, TRIGGER_GROUP, JOB_NAME, JOB_GROUP, DESCRIPTION, NEXT_FIRE_TIME, PREV_FIRE_TIME, TRIGGER_STATE, TRIGGER_TYPE, START_TIME, END_TIME, CALENDAR_NAME, MISFIRE_INSTR, JOB_DATA, PRIORITY)  VALUES('schedulerName', ?, ?, ?, ?, ?, ?, ?, ?, ?, ?, ?, ?, ?, ?, ?) ["comfyuiInstanceHealthCheckJob","DEFAULT","comfyuiInstanceHealthCheckJob","DEFAULT",null,1780817100000,-1,"WAITING","CRON",1780816927000,0,null,0,"<[B>",5]
2026-06-07 15:22:08.313 | [1;31mERROR 1721739[0;39m | [1;33mmain [TID: N/A][0;39m [1;36m[][0;39m [1;32mc.alibaba.druid.filter.stat.StatFilter  [0;39m [1;35m(StatFilter.java:518)[0;39m 
 slow sql 324 millis. INSERT INTO QRTZ_CRON_TRIGGERS (SCHED_NAME, TRIGGER_NAME, TRIGGER_GROUP, CRON_EXPRESSION, TIME_ZONE_ID)  VALUES('schedulerName', ?, ?, ?, ?) ["comfyuiInstanceHealthCheckJob","DEFAULT","0 */5 * * * ?","Asia/Shanghai"]
2026-06-07 15:22:08.605 | [1;31mERROR 1721739[0;39m | [1;33mmain [TID: N/A][0;39m [1;36m[][0;39m [1;32mc.alibaba.druid.filter.stat.StatFilter  [0;39m [1;35m(StatFilter.java:518)[0;39m 
 slow sql 238 millis. UPDATE QRTZ_TRIGGERS SET TRIGGER_STATE = ? WHERE SCHED_NAME = 'schedulerName' AND TRIGGER_NAME = ? AND TRIGGER_GROUP = ? ["PAUSED","comfyuiInstanceHealthCheckJob","DEFAULT"]
2026-06-07 15:22:08.605 | [34m INFO 1721739[0;39m | [1;33mmain [TID: N/A][0;39m [1;36m[][0;39m [1;32mc.d.d.m.i.service.job.JobServiceImpl    [0;39m [1;35m(JobServiceImpl.java:185)[0;39m 
 
[syncJob][id(300091) handlerName(comfyuiInstanceHealthCheckJob) 同步完成]
2026-06-07 15:22:08.831 | [1;31mERROR 1721739[0;39m | [1;33mmain [TID: N/A][0;39m [1;36m[][0;39m [1;32mc.alibaba.druid.filter.stat.StatFilter  [0;39m [1;35m(StatFilter.java:518)[0;39m 
 slow sql 173 millis. DELETE FROM QRTZ_CRON_TRIGGERS WHERE SCHED_NAME = 'schedulerName' AND TRIGGER_NAME = ? AND TRIGGER_GROUP = ? ["redisPendingMessageResendJob","DEFAULT"]
2026-06-07 15:22:09.063 | [1;31mERROR 1721739[0;39m | [1;33mmain [TID: N/A][0;39m [1;36m[][0;39m [1;32mc.alibaba.druid.filter.stat.StatFilter  [0;39m [1;35m(StatFilter.java:518)[0;39m 
 slow sql 231 millis. DELETE FROM QRTZ_TRIGGERS WHERE SCHED_NAME = 'schedulerName' AND TRIGGER_NAME = ? AND TRIGGER_GROUP = ? ["redisPendingMessageResendJob","DEFAULT"]
2026-06-07 15:22:09.280 | [1;31mERROR 1721739[0;39m | [1;33mmain [TID: N/A][0;39m [1;36m[][0;39m [1;32mc.alibaba.druid.filter.stat.StatFilter  [0;39m [1;35m(StatFilter.java:518)[0;39m 
 slow sql 205 millis. DELETE FROM QRTZ_JOB_DETAILS WHERE SCHED_NAME = 'schedulerName' AND JOB_NAME = ? AND JOB_GROUP = ? ["redisPendingMessageResendJob","DEFAULT"]
2026-06-07 15:22:09.664 | [1;31mERROR 1721739[0;39m | [1;33mmain [TID: N/A][0;39m [1;36m[][0;39m [1;32mc.alibaba.druid.filter.stat.StatFilter  [0;39m [1;35m(StatFilter.java:518)[0;39m 
 slow sql 319 millis. INSERT INTO QRTZ_JOB_DETAILS (SCHED_NAME, JOB_NAME, JOB_GROUP, DESCRIPTION, JOB_CLASS_NAME, IS_DURABLE, IS_NONCONCURRENT, IS_UPDATE_DATA, REQUESTS_RECOVERY, JOB_DATA)  VALUES('schedulerName', ?, ?, ?, ?, ?, ?, ?, ?, ?) ["redisPendingMessageResendJob","DEFAULT",null,"com.douyouqu.dyq.framework.quartz.core.handler.JobHandlerInvoker",false,true,true,false,"<[B>"]
2026-06-07 15:22:09.888 | [1;31mERROR 1721739[0;39m | [1;33mmain [TID: N/A][0;39m [1;36m[][0;39m [1;32mc.alibaba.druid.filter.stat.StatFilter  [0;39m [1;35m(StatFilter.java:518)[0;39m 
 slow sql 181 millis. INSERT INTO QRTZ_TRIGGERS (SCHED_NAME, TRIGGER_NAME, TRIGGER_GROUP, JOB_NAME, JOB_GROUP, DESCRIPTION, NEXT_FIRE_TIME, PREV_FIRE_TIME, TRIGGER_STATE, TRIGGER_TYPE, START_TIME, END_TIME, CALENDAR_NAME, MISFIRE_INSTR, JOB_DATA, PRIORITY)  VALUES('schedulerName', ?, ?, ?, ?, ?, ?, ?, ?, ?, ?, ?, ?, ?, ?, ?) ["redisPendingMessageResendJob","DEFAULT","redisPendingMessageResendJob","DEFAULT",null,1780816955000,-1,"WAITING","CRON",1780816929000,0,null,0,"<[B>",5]
2026-06-07 15:22:10.055 | [1;31mERROR 1721739[0;39m | [1;33mmain [TID: N/A][0;39m [1;36m[][0;39m [1;32mc.alibaba.druid.filter.stat.StatFilter  [0;39m [1;35m(StatFilter.java:518)[0;39m 
 slow sql 166 millis. INSERT INTO QRTZ_CRON_TRIGGERS (SCHED_NAME, TRIGGER_NAME, TRIGGER_GROUP, CRON_EXPRESSION, TIME_ZONE_ID)  VALUES('schedulerName', ?, ?, ?, ?) ["redisPendingMessageResendJob","DEFAULT","35 * * * * ?","Asia/Shanghai"]
2026-06-07 15:22:10.340 | [1;31mERROR 1721739[0;39m | [1;33mmain [TID: N/A][0;39m [1;36m[][0;39m [1;32mc.alibaba.druid.filter.stat.StatFilter  [0;39m [1;35m(StatFilter.java:518)[0;39m 
 slow sql 229 millis. UPDATE QRTZ_TRIGGERS SET TRIGGER_STATE = ? WHERE SCHED_NAME = 'schedulerName' AND TRIGGER_NAME = ? AND TRIGGER_GROUP = ? ["PAUSED","redisPendingMessageResendJob","DEFAULT"]
2026-06-07 15:22:10.340 | [34m INFO 1721739[0;39m | [1;33mmain [TID: N/A][0;39m [1;36m[][0;39m [1;32mc.d.d.m.i.service.job.JobServiceImpl    [0;39m [1;35m(JobServiceImpl.java:185)[0;39m 
 
[syncJob][id(300095) handlerName(redisPendingMessageResendJob) 同步完成]
2026-06-07 15:22:10.572 | [1;31mERROR 1721739[0;39m | [1;33mmain [TID: N/A][0;39m [1;36m[][0;39m [1;32mc.alibaba.druid.filter.stat.StatFilter  [0;39m [1;35m(StatFilter.java:518)[0;39m 
 slow sql 179 millis. DELETE FROM QRTZ_CRON_TRIGGERS WHERE SCHED_NAME = 'schedulerName' AND TRIGGER_NAME = ? AND TRIGGER_GROUP = ? ["mpAccountCacheRefreshJob","DEFAULT"]
2026-06-07 15:22:10.814 | [1;31mERROR 1721739[0;39m | [1;33mmain [TID: N/A][0;39m [1;36m[][0;39m [1;32mc.alibaba.druid.filter.stat.StatFilter  [0;39m [1;35m(StatFilter.java:518)[0;39m 
 slow sql 241 millis. DELETE FROM QRTZ_TRIGGERS WHERE SCHED_NAME = 'schedulerName' AND TRIGGER_NAME = ? AND TRIGGER_GROUP = ? ["mpAccountCacheRefreshJob","DEFAULT"]
2026-06-07 15:22:11.102 | [1;31mERROR 1721739[0;39m | [1;33mmain [TID: N/A][0;39m [1;36m[][0;39m [1;32mc.alibaba.druid.filter.stat.StatFilter  [0;39m [1;35m(StatFilter.java:518)[0;39m 
 slow sql 277 millis. DELETE FROM QRTZ_JOB_DETAILS WHERE SCHED_NAME = 'schedulerName' AND JOB_NAME = ? AND JOB_GROUP = ? ["mpAccountCacheRefreshJob","DEFAULT"]
2026-06-07 15:22:11.397 | [1;31mERROR 1721739[0;39m | [1;33mmain [TID: N/A][0;39m [1;36m[][0;39m [1;32mc.alibaba.druid.filter.stat.StatFilter  [0;39m [1;35m(StatFilter.java:518)[0;39m 
 slow sql 232 millis. INSERT INTO QRTZ_JOB_DETAILS (SCHED_NAME, JOB_NAME, JOB_GROUP, DESCRIPTION, JOB_CLASS_NAME, IS_DURABLE, IS_NONCONCURRENT, IS_UPDATE_DATA, REQUESTS_RECOVERY, JOB_DATA)  VALUES('schedulerName', ?, ?, ?, ?, ?, ?, ?, ?, ?) ["mpAccountCacheRefreshJob","DEFAULT",null,"com.douyouqu.dyq.framework.quartz.core.handler.JobHandlerInvoker",false,true,true,false,"<[B>"]
2026-06-07 15:22:11.713 | [1;31mERROR 1721739[0;39m | [1;33mmain [TID: N/A][0;39m [1;36m[][0;39m [1;32mc.alibaba.druid.filter.stat.StatFilter  [0;39m [1;35m(StatFilter.java:518)[0;39m 
 slow sql 274 millis. INSERT INTO QRTZ_TRIGGERS (SCHED_NAME, TRIGGER_NAME, TRIGGER_GROUP, JOB_NAME, JOB_GROUP, DESCRIPTION, NEXT_FIRE_TIME, PREV_FIRE_TIME, TRIGGER_STATE, TRIGGER_TYPE, START_TIME, END_TIME, CALENDAR_NAME, MISFIRE_INSTR, JOB_DATA, PRIORITY)  VALUES('schedulerName', ?, ?, ?, ?, ?, ?, ?, ?, ?, ?, ?, ?, ?, ?, ?) ["mpAccountCacheRefreshJob","DEFAULT","mpAccountCacheRefreshJob","DEFAULT",null,1780816980000,-1,"WAITING","CRON",1780816931000,0,null,0,"<[B>",5]
2026-06-07 15:22:11.872 | [1;31mERROR 1721739[0;39m | [1;33mmain [TID: N/A][0;39m [1;36m[][0;39m [1;32mc.alibaba.druid.filter.stat.StatFilter  [0;39m [1;35m(StatFilter.java:518)[0;39m 
 slow sql 157 millis. INSERT INTO QRTZ_CRON_TRIGGERS (SCHED_NAME, TRIGGER_NAME, TRIGGER_GROUP, CRON_EXPRESSION, TIME_ZONE_ID)  VALUES('schedulerName', ?, ?, ?, ?) ["mpAccountCacheRefreshJob","DEFAULT","0 * * * * ?","Asia/Shanghai"]
2026-06-07 15:22:12.152 | [1;31mERROR 1721739[0;39m | [1;33mmain [TID: N/A][0;39m [1;36m[][0;39m [1;32mc.alibaba.druid.filter.stat.StatFilter  [0;39m [1;35m(StatFilter.java:518)[0;39m 
 slow sql 226 millis. UPDATE QRTZ_TRIGGERS SET TRIGGER_STATE = ? WHERE SCHED_NAME = 'schedulerName' AND TRIGGER_NAME = ? AND TRIGGER_GROUP = ? ["PAUSED","mpAccountCacheRefreshJob","DEFAULT"]
2026-06-07 15:22:12.153 | [34m INFO 1721739[0;39m | [1;33mmain [TID: N/A][0;39m [1;36m[][0;39m [1;32mc.d.d.m.i.service.job.JobServiceImpl    [0;39m [1;35m(JobServiceImpl.java:185)[0;39m 
 
[syncJob][id(300096) handlerName(mpAccountCacheRefreshJob) 同步完成]
2026-06-07 15:22:12.494 | [1;31mERROR 1721739[0;39m | [1;33mmain [TID: N/A][0;39m [1;36m[][0;39m [1;32mc.alibaba.druid.filter.stat.StatFilter  [0;39m [1;35m(StatFilter.java:518)[0;39m 
 slow sql 288 millis. DELETE FROM QRTZ_CRON_TRIGGERS WHERE SCHED_NAME = 'schedulerName' AND TRIGGER_NAME = ? AND TRIGGER_GROUP = ? ["cloudphoneNurtureTaskDispatchJob","DEFAULT"]
2026-06-07 15:22:12.738 | [1;31mERROR 1721739[0;39m | [1;33mmain [TID: N/A][0;39m [1;36m[][0;39m [1;32mc.alibaba.druid.filter.stat.StatFilter  [0;39m [1;35m(StatFilter.java:518)[0;39m 
 slow sql 244 millis. DELETE FROM QRTZ_TRIGGERS WHERE SCHED_NAME = 'schedulerName' AND TRIGGER_NAME = ? AND TRIGGER_GROUP = ? ["cloudphoneNurtureTaskDispatchJob","DEFAULT"]
2026-06-07 15:22:12.888 | [1;31mERROR 1721739[0;39m | [1;33mmain [TID: N/A][0;39m [1;36m[][0;39m [1;32mc.alibaba.druid.filter.stat.StatFilter  [0;39m [1;35m(StatFilter.java:518)[0;39m 
 slow sql 138 millis. DELETE FROM QRTZ_JOB_DETAILS WHERE SCHED_NAME = 'schedulerName' AND JOB_NAME = ? AND JOB_GROUP = ? ["cloudphoneNurtureTaskDispatchJob","DEFAULT"]
2026-06-07 15:22:13.171 | [1;31mERROR 1721739[0;39m | [1;33mmain [TID: N/A][0;39m [1;36m[][0;39m [1;32mc.alibaba.druid.filter.stat.StatFilter  [0;39m [1;35m(StatFilter.java:518)[0;39m 
 slow sql 219 millis. INSERT INTO QRTZ_JOB_DETAILS (SCHED_NAME, JOB_NAME, JOB_GROUP, DESCRIPTION, JOB_CLASS_NAME, IS_DURABLE, IS_NONCONCURRENT, IS_UPDATE_DATA, REQUESTS_RECOVERY, JOB_DATA)  VALUES('schedulerName', ?, ?, ?, ?, ?, ?, ?, ?, ?) ["cloudphoneNurtureTaskDispatchJob","DEFAULT",null,"com.douyouqu.dyq.framework.quartz.core.handler.JobHandlerInvoker",false,true,true,false,"<[B>"]
2026-06-07 15:22:13.380 | [1;31mERROR 1721739[0;39m | [1;33mmain [TID: N/A][0;39m [1;36m[][0;39m [1;32mc.alibaba.druid.filter.stat.StatFilter  [0;39m [1;35m(StatFilter.java:518)[0;39m 
 slow sql 165 millis. INSERT INTO QRTZ_TRIGGERS (SCHED_NAME, TRIGGER_NAME, TRIGGER_GROUP, JOB_NAME, JOB_GROUP, DESCRIPTION, NEXT_FIRE_TIME, PREV_FIRE_TIME, TRIGGER_STATE, TRIGGER_TYPE, START_TIME, END_TIME, CALENDAR_NAME, MISFIRE_INSTR, JOB_DATA, PRIORITY)  VALUES('schedulerName', ?, ?, ?, ?, ?, ?, ?, ?, ?, ?, ?, ?, ?, ?, ?) ["cloudphoneNurtureTaskDispatchJob","DEFAULT","cloudphoneNurtureTaskDispatchJob","DEFAULT",null,1780817100000,-1,"WAITING","CRON",1780816932000,0,null,0,"<[B>",5]
2026-06-07 15:22:13.568 | [1;31mERROR 1721739[0;39m | [1;33mmain [TID: N/A][0;39m [1;36m[][0;39m [1;32mc.alibaba.druid.filter.stat.StatFilter  [0;39m [1;35m(StatFilter.java:518)[0;39m 
 slow sql 187 millis. INSERT INTO QRTZ_CRON_TRIGGERS (SCHED_NAME, TRIGGER_NAME, TRIGGER_GROUP, CRON_EXPRESSION, TIME_ZONE_ID)  VALUES('schedulerName', ?, ?, ?, ?) ["cloudphoneNurtureTaskDispatchJob","DEFAULT","0 */5 * * * ?","Asia/Shanghai"]
2026-06-07 15:22:13.796 | [1;31mERROR 1721739[0;39m | [1;33mmain [TID: N/A][0;39m [1;36m[][0;39m [1;32mc.alibaba.druid.filter.stat.StatFilter  [0;39m [1;35m(StatFilter.java:518)[0;39m 
 slow sql 173 millis. UPDATE QRTZ_TRIGGERS SET TRIGGER_STATE = ? WHERE SCHED_NAME = 'schedulerName' AND TRIGGER_NAME = ? AND TRIGGER_GROUP = ? ["PAUSED","cloudphoneNurtureTaskDispatchJob","DEFAULT"]
2026-06-07 15:22:13.797 | [34m INFO 1721739[0;39m | [1;33mmain [TID: N/A][0;39m [1;36m[][0;39m [1;32mc.d.d.m.i.service.job.JobServiceImpl    [0;39m [1;35m(JobServiceImpl.java:185)[0;39m 
 
[syncJob][id(300100) handlerName(cloudphoneNurtureTaskDispatchJob) 同步完成]
2026-06-07 15:22:14.018 | [1;31mERROR 1721739[0;39m | [1;33mmain [TID: N/A][0;39m [1;36m[][0;39m [1;32mc.alibaba.druid.filter.stat.StatFilter  [0;39m [1;35m(StatFilter.java:518)[0;39m 
 slow sql 199 millis. UPDATE QRTZ_TRIGGERS SET TRIGGER_STATE = ? WHERE SCHED_NAME = 'schedulerName' AND TRIGGER_NAME = ? AND TRIGGER_GROUP = ? ["PAUSED","cloudphoneRecurringTaskScanJob","DEFAULT"]
2026-06-07 15:22:14.297 | [1;31mERROR 1721739[0;39m | [1;33mmain [TID: N/A][0;39m [1;36m[][0;39m [1;32mc.alibaba.druid.filter.stat.StatFilter  [0;39m [1;35m(StatFilter.java:518)[0;39m 
 slow sql 245 millis. DELETE FROM QRTZ_CRON_TRIGGERS WHERE SCHED_NAME = 'schedulerName' AND TRIGGER_NAME = ? AND TRIGGER_GROUP = ? ["cloudphoneRecurringTaskScanJob","DEFAULT"]
2026-06-07 15:22:14.480 | [1;31mERROR 1721739[0;39m | [1;33mmain [TID: N/A][0;39m [1;36m[][0;39m [1;32mc.alibaba.druid.filter.stat.StatFilter  [0;39m [1;35m(StatFilter.java:518)[0;39m 
 slow sql 182 millis. DELETE FROM QRTZ_TRIGGERS WHERE SCHED_NAME = 'schedulerName' AND TRIGGER_NAME = ? AND TRIGGER_GROUP = ? ["cloudphoneRecurringTaskScanJob","DEFAULT"]
2026-06-07 15:22:14.713 | [1;31mERROR 1721739[0;39m | [1;33mmain [TID: N/A][0;39m [1;36m[][0;39m [1;32mc.alibaba.druid.filter.stat.StatFilter  [0;39m [1;35m(StatFilter.java:518)[0;39m 
 slow sql 222 millis. DELETE FROM QRTZ_JOB_DETAILS WHERE SCHED_NAME = 'schedulerName' AND JOB_NAME = ? AND JOB_GROUP = ? ["cloudphoneRecurringTaskScanJob","DEFAULT"]
2026-06-07 15:22:14.922 | [1;31mERROR 1721739[0;39m | [1;33mmain [TID: N/A][0;39m [1;36m[][0;39m [1;32mc.alibaba.druid.filter.stat.StatFilter  [0;39m [1;35m(StatFilter.java:518)[0;39m 
 slow sql 145 millis. INSERT INTO QRTZ_JOB_DETAILS (SCHED_NAME, JOB_NAME, JOB_GROUP, DESCRIPTION, JOB_CLASS_NAME, IS_DURABLE, IS_NONCONCURRENT, IS_UPDATE_DATA, REQUESTS_RECOVERY, JOB_DATA)  VALUES('schedulerName', ?, ?, ?, ?, ?, ?, ?, ?, ?) ["cloudphoneRecurringTaskScanJob","DEFAULT",null,"com.douyouqu.dyq.framework.quartz.core.handler.JobHandlerInvoker",false,true,true,false,"<[B>"]
2026-06-07 15:22:15.196 | [1;31mERROR 1721739[0;39m | [1;33mmain [TID: N/A][0;39m [1;36m[][0;39m [1;32mc.alibaba.druid.filter.stat.StatFilter  [0;39m [1;35m(StatFilter.java:518)[0;39m 
 slow sql 232 millis. INSERT INTO QRTZ_TRIGGERS (SCHED_NAME, TRIGGER_NAME, TRIGGER_GROUP, JOB_NAME, JOB_GROUP, DESCRIPTION, NEXT_FIRE_TIME, PREV_FIRE_TIME, TRIGGER_STATE, TRIGGER_TYPE, START_TIME, END_TIME, CALENDAR_NAME, MISFIRE_INSTR, JOB_DATA, PRIORITY)  VALUES('schedulerName', ?, ?, ?, ?, ?, ?, ?, ?, ?, ?, ?, ?, ?, ?, ?) ["cloudphoneRecurringTaskScanJob","DEFAULT","cloudphoneRecurringTaskScanJob","DEFAULT",null,1780817100000,-1,"WAITING","CRON",1780816934000,0,null,0,"<[B>",5]
2026-06-07 15:22:15.421 | [1;31mERROR 1721739[0;39m | [1;33mmain [TID: N/A][0;39m [1;36m[][0;39m [1;32mc.alibaba.druid.filter.stat.StatFilter  [0;39m [1;35m(StatFilter.java:518)[0;39m 
 slow sql 224 millis. INSERT INTO QRTZ_CRON_TRIGGERS (SCHED_NAME, TRIGGER_NAME, TRIGGER_GROUP, CRON_EXPRESSION, TIME_ZONE_ID)  VALUES('schedulerName', ?, ?, ?, ?) ["cloudphoneRecurringTaskScanJob","DEFAULT","0 */5 * * * ?","Asia/Shanghai"]
2026-06-07 15:22:15.422 | [34m INFO 1721739[0;39m | [1;33mmain [TID: N/A][0;39m [1;36m[][0;39m [1;32mc.d.d.m.i.service.job.JobServiceImpl    [0;39m [1;35m(JobServiceImpl.java:185)[0;39m 
 
[syncJob][id(300101) handlerName(cloudphoneRecurringTaskScanJob) 同步完成]
2026-06-07 15:22:15.688 | [1;31mERROR 1721739[0;39m | [1;33mmain [TID: N/A][0;39m [1;36m[][0;39m [1;32mc.alibaba.druid.filter.stat.StatFilter  [0;39m [1;35m(StatFilter.java:518)[0;39m 
 slow sql 244 millis. UPDATE QRTZ_TRIGGERS SET TRIGGER_STATE = ? WHERE SCHED_NAME = 'schedulerName' AND TRIGGER_NAME = ? AND TRIGGER_GROUP = ? ["PAUSED","cloudphoneRecurringTaskTimeoutScanJob","DEFAULT"]
2026-06-07 15:22:15.896 | [1;31mERROR 1721739[0;39m | [1;33mmain [TID: N/A][0;39m [1;36m[][0;39m [1;32mc.alibaba.druid.filter.stat.StatFilter  [0;39m [1;35m(StatFilter.java:518)[0;39m 
 slow sql 176 millis. DELETE FROM QRTZ_CRON_TRIGGERS WHERE SCHED_NAME = 'schedulerName' AND TRIGGER_NAME = ? AND TRIGGER_GROUP = ? ["cloudphoneRecurringTaskTimeoutScanJob","DEFAULT"]
2026-06-07 15:22:16.088 | [1;31mERROR 1721739[0;39m | [1;33mmain [TID: N/A][0;39m [1;36m[][0;39m [1;32mc.alibaba.druid.filter.stat.StatFilter  [0;39m [1;35m(StatFilter.java:518)[0;39m 
 slow sql 191 millis. DELETE FROM QRTZ_TRIGGERS WHERE SCHED_NAME = 'schedulerName' AND TRIGGER_NAME = ? AND TRIGGER_GROUP = ? ["cloudphoneRecurringTaskTimeoutScanJob","DEFAULT"]
2026-06-07 15:22:16.346 | [1;31mERROR 1721739[0;39m | [1;33mmain [TID: N/A][0;39m [1;36m[][0;39m [1;32mc.alibaba.druid.filter.stat.StatFilter  [0;39m [1;35m(StatFilter.java:518)[0;39m 
 slow sql 246 millis. DELETE FROM QRTZ_JOB_DETAILS WHERE SCHED_NAME = 'schedulerName' AND JOB_NAME = ? AND JOB_GROUP = ? ["cloudphoneRecurringTaskTimeoutScanJob","DEFAULT"]
2026-06-07 15:22:16.679 | [1;31mERROR 1721739[0;39m | [1;33mmain [TID: N/A][0;39m [1;36m[][0;39m [1;32mc.alibaba.druid.filter.stat.StatFilter  [0;39m [1;35m(StatFilter.java:518)[0;39m 
 slow sql 268 millis. INSERT INTO QRTZ_JOB_DETAILS (SCHED_NAME, JOB_NAME, JOB_GROUP, DESCRIPTION, JOB_CLASS_NAME, IS_DURABLE, IS_NONCONCURRENT, IS_UPDATE_DATA, REQUESTS_RECOVERY, JOB_DATA)  VALUES('schedulerName', ?, ?, ?, ?, ?, ?, ?, ?, ?) ["cloudphoneRecurringTaskTimeoutScanJob","DEFAULT",null,"com.douyouqu.dyq.framework.quartz.core.handler.JobHandlerInvoker",false,true,true,false,"<[B>"]
2026-06-07 15:22:16.929 | [1;31mERROR 1721739[0;39m | [1;33mmain [TID: N/A][0;39m [1;36m[][0;39m [1;32mc.alibaba.druid.filter.stat.StatFilter  [0;39m [1;35m(StatFilter.java:518)[0;39m 
 slow sql 207 millis. INSERT INTO QRTZ_TRIGGERS (SCHED_NAME, TRIGGER_NAME, TRIGGER_GROUP, JOB_NAME, JOB_GROUP, DESCRIPTION, NEXT_FIRE_TIME, PREV_FIRE_TIME, TRIGGER_STATE, TRIGGER_TYPE, START_TIME, END_TIME, CALENDAR_NAME, MISFIRE_INSTR, JOB_DATA, PRIORITY)  VALUES('schedulerName', ?, ?, ?, ?, ?, ?, ?, ?, ?, ?, ?, ?, ?, ?, ?) ["cloudphoneRecurringTaskTimeoutScanJob","DEFAULT","cloudphoneRecurringTaskTimeoutScanJob","DEFAULT",null,1780817100000,-1,"WAITING","CRON",1780816936000,0,null,0,"<[B>",5]
2026-06-07 15:22:17.246 | [1;31mERROR 1721739[0;39m | [1;33mmain [TID: N/A][0;39m [1;36m[][0;39m [1;32mc.alibaba.druid.filter.stat.StatFilter  [0;39m [1;35m(StatFilter.java:518)[0;39m 
 slow sql 315 millis. INSERT INTO QRTZ_CRON_TRIGGERS (SCHED_NAME, TRIGGER_NAME, TRIGGER_GROUP, CRON_EXPRESSION, TIME_ZONE_ID)  VALUES('schedulerName', ?, ?, ?, ?) ["cloudphoneRecurringTaskTimeoutScanJob","DEFAULT","0 */5 * * * ?","Asia/Shanghai"]
2026-06-07 15:22:17.246 | [34m INFO 1721739[0;39m | [1;33mmain [TID: N/A][0;39m [1;36m[][0;39m [1;32mc.d.d.m.i.service.job.JobServiceImpl    [0;39m [1;35m(JobServiceImpl.java:185)[0;39m 
 
[syncJob][id(300102) handlerName(cloudphoneRecurringTaskTimeoutScanJob) 同步完成]
2026-06-07 15:22:17.554 | [1;31mERROR 1721739[0;39m | [1;33mmain [TID: N/A][0;39m [1;36m[][0;39m [1;32mc.alibaba.druid.filter.stat.StatFilter  [0;39m [1;35m(StatFilter.java:518)[0;39m 
 slow sql 254 millis. DELETE FROM QRTZ_CRON_TRIGGERS WHERE SCHED_NAME = 'schedulerName' AND TRIGGER_NAME = ? AND TRIGGER_GROUP = ? ["cloudphoneNurtureTimeoutScanJob","DEFAULT"]
2026-06-07 15:22:17.787 | [1;31mERROR 1721739[0;39m | [1;33mmain [TID: N/A][0;39m [1;36m[][0;39m [1;32mc.alibaba.druid.filter.stat.StatFilter  [0;39m [1;35m(StatFilter.java:518)[0;39m 
 slow sql 232 millis. DELETE FROM QRTZ_TRIGGERS WHERE SCHED_NAME = 'schedulerName' AND TRIGGER_NAME = ? AND TRIGGER_GROUP = ? ["cloudphoneNurtureTimeoutScanJob","DEFAULT"]
2026-06-07 15:22:18.062 | [1;31mERROR 1721739[0;39m | [1;33mmain [TID: N/A][0;39m [1;36m[][0;39m [1;32mc.alibaba.druid.filter.stat.StatFilter  [0;39m [1;35m(StatFilter.java:518)[0;39m 
 slow sql 263 millis. DELETE FROM QRTZ_JOB_DETAILS WHERE SCHED_NAME = 'schedulerName' AND JOB_NAME = ? AND JOB_GROUP = ? ["cloudphoneNurtureTimeoutScanJob","DEFAULT"]
2026-06-07 15:22:18.412 | [1;31mERROR 1721739[0;39m | [1;33mmain [TID: N/A][0;39m [1;36m[][0;39m [1;32mc.alibaba.druid.filter.stat.StatFilter  [0;39m [1;35m(StatFilter.java:518)[0;39m 
 slow sql 283 millis. INSERT INTO QRTZ_JOB_DETAILS (SCHED_NAME, JOB_NAME, JOB_GROUP, DESCRIPTION, JOB_CLASS_NAME, IS_DURABLE, IS_NONCONCURRENT, IS_UPDATE_DATA, REQUESTS_RECOVERY, JOB_DATA)  VALUES('schedulerName', ?, ?, ?, ?, ?, ?, ?, ?, ?) ["cloudphoneNurtureTimeoutScanJob","DEFAULT",null,"com.douyouqu.dyq.framework.quartz.core.handler.JobHandlerInvoker",false,true,true,false,"<[B>"]
2026-06-07 15:22:18.704 | [1;31mERROR 1721739[0;39m | [1;33mmain [TID: N/A][0;39m [1;36m[][0;39m [1;32mc.alibaba.druid.filter.stat.StatFilter  [0;39m [1;35m(StatFilter.java:518)[0;39m 
 slow sql 248 millis. INSERT INTO QRTZ_TRIGGERS (SCHED_NAME, TRIGGER_NAME, TRIGGER_GROUP, JOB_NAME, JOB_GROUP, DESCRIPTION, NEXT_FIRE_TIME, PREV_FIRE_TIME, TRIGGER_STATE, TRIGGER_TYPE, START_TIME, END_TIME, CALENDAR_NAME, MISFIRE_INSTR, JOB_DATA, PRIORITY)  VALUES('schedulerName', ?, ?, ?, ?, ?, ?, ?, ?, ?, ?, ?, ?, ?, ?, ?) ["cloudphoneNurtureTimeoutScanJob","DEFAULT","cloudphoneNurtureTimeoutScanJob","DEFAULT",null,1780817100000,-1,"WAITING","CRON",1780816938000,0,null,0,"<[B>",5]
2026-06-07 15:22:18.896 | [1;31mERROR 1721739[0;39m | [1;33mmain [TID: N/A][0;39m [1;36m[][0;39m [1;32mc.alibaba.druid.filter.stat.StatFilter  [0;39m [1;35m(StatFilter.java:518)[0;39m 
 slow sql 190 millis. INSERT INTO QRTZ_CRON_TRIGGERS (SCHED_NAME, TRIGGER_NAME, TRIGGER_GROUP, CRON_EXPRESSION, TIME_ZONE_ID)  VALUES('schedulerName', ?, ?, ?, ?) ["cloudphoneNurtureTimeoutScanJob","DEFAULT","0 */5 * * * ?","Asia/Shanghai"]
2026-06-07 15:22:18.896 | [34m INFO 1721739[0;39m | [1;33mmain [TID: N/A][0;39m [1;36m[][0;39m [1;32mc.d.d.m.i.service.job.JobServiceImpl    [0;39m [1;35m(JobServiceImpl.java:185)[0;39m 
 
[syncJob][id(300103) handlerName(cloudphoneNurtureTimeoutScanJob) 同步完成]
2026-06-07 15:22:19.237 | [1;31mERROR 1721739[0;39m | [1;33mmain [TID: N/A][0;39m [1;36m[][0;39m [1;32mc.alibaba.druid.filter.stat.StatFilter  [0;39m [1;35m(StatFilter.java:518)[0;39m 
 slow sql 288 millis. DELETE FROM QRTZ_CRON_TRIGGERS WHERE SCHED_NAME = 'schedulerName' AND TRIGGER_NAME = ? AND TRIGGER_GROUP = ? ["cloudphoneNurturePlanScheduleJob","DEFAULT"]
2026-06-07 15:22:19.537 | [1;31mERROR 1721739[0;39m | [1;33mmain [TID: N/A][0;39m [1;36m[][0;39m [1;32mc.alibaba.druid.filter.stat.StatFilter  [0;39m [1;35m(StatFilter.java:518)[0;39m 
 slow sql 299 millis. DELETE FROM QRTZ_TRIGGERS WHERE SCHED_NAME = 'schedulerName' AND TRIGGER_NAME = ? AND TRIGGER_GROUP = ? ["cloudphoneNurturePlanScheduleJob","DEFAULT"]
2026-06-07 15:22:19.871 | [1;31mERROR 1721739[0;39m | [1;33mmain [TID: N/A][0;39m [1;36m[][0;39m [1;32mc.alibaba.druid.filter.stat.StatFilter  [0;39m [1;35m(StatFilter.java:518)[0;39m 
 slow sql 321 millis. DELETE FROM QRTZ_JOB_DETAILS WHERE SCHED_NAME = 'schedulerName' AND JOB_NAME = ? AND JOB_GROUP = ? ["cloudphoneNurturePlanScheduleJob","DEFAULT"]
2026-06-07 15:22:20.078 | [1;31mERROR 1721739[0;39m | [1;33mmain [TID: N/A][0;39m [1;36m[][0;39m [1;32mc.alibaba.druid.filter.stat.StatFilter  [0;39m [1;35m(StatFilter.java:518)[0;39m 
 slow sql 144 millis. INSERT INTO QRTZ_JOB_DETAILS (SCHED_NAME, JOB_NAME, JOB_GROUP, DESCRIPTION, JOB_CLASS_NAME, IS_DURABLE, IS_NONCONCURRENT, IS_UPDATE_DATA, REQUESTS_RECOVERY, JOB_DATA)  VALUES('schedulerName', ?, ?, ?, ?, ?, ?, ?, ?, ?) ["cloudphoneNurturePlanScheduleJob","DEFAULT",null,"com.douyouqu.dyq.framework.quartz.core.handler.JobHandlerInvoker",false,true,true,false,"<[B>"]
2026-06-07 15:22:20.279 | [1;31mERROR 1721739[0;39m | [1;33mmain [TID: N/A][0;39m [1;36m[][0;39m [1;32mc.alibaba.druid.filter.stat.StatFilter  [0;39m [1;35m(StatFilter.java:518)[0;39m 
 slow sql 157 millis. INSERT INTO QRTZ_TRIGGERS (SCHED_NAME, TRIGGER_NAME, TRIGGER_GROUP, JOB_NAME, JOB_GROUP, DESCRIPTION, NEXT_FIRE_TIME, PREV_FIRE_TIME, TRIGGER_STATE, TRIGGER_TYPE, START_TIME, END_TIME, CALENDAR_NAME, MISFIRE_INSTR, JOB_DATA, PRIORITY)  VALUES('schedulerName', ?, ?, ?, ?, ?, ?, ?, ?, ?, ?, ?, ?, ?, ?, ?) ["cloudphoneNurturePlanScheduleJob","DEFAULT","cloudphoneNurturePlanScheduleJob","DEFAULT",null,1780816980000,-1,"WAITING","CRON",1780816939000,0,null,0,"<[B>",5]
2026-06-07 15:22:20.545 | [1;31mERROR 1721739[0;39m | [1;33mmain [TID: N/A][0;39m [1;36m[][0;39m [1;32mc.alibaba.druid.filter.stat.StatFilter  [0;39m [1;35m(StatFilter.java:518)[0;39m 
 slow sql 265 millis. INSERT INTO QRTZ_CRON_TRIGGERS (SCHED_NAME, TRIGGER_NAME, TRIGGER_GROUP, CRON_EXPRESSION, TIME_ZONE_ID)  VALUES('schedulerName', ?, ?, ?, ?) ["cloudphoneNurturePlanScheduleJob","DEFAULT","0 * * * * ?","Asia/Shanghai"]
2026-06-07 15:22:20.828 | [1;31mERROR 1721739[0;39m | [1;33mmain [TID: N/A][0;39m [1;36m[][0;39m [1;32mc.alibaba.druid.filter.stat.StatFilter  [0;39m [1;35m(StatFilter.java:518)[0;39m 
 slow sql 228 millis. UPDATE QRTZ_TRIGGERS SET TRIGGER_STATE = ? WHERE SCHED_NAME = 'schedulerName' AND TRIGGER_NAME = ? AND TRIGGER_GROUP = ? ["PAUSED","cloudphoneNurturePlanScheduleJob","DEFAULT"]
2026-06-07 15:22:20.829 | [34m INFO 1721739[0;39m | [1;33mmain [TID: N/A][0;39m [1;36m[][0;39m [1;32mc.d.d.m.i.service.job.JobServiceImpl    [0;39m [1;35m(JobServiceImpl.java:185)[0;39m 
 
[syncJob][id(300104) handlerName(cloudphoneNurturePlanScheduleJob) 同步完成]
2026-06-07 15:22:21.144 | [1;31mERROR 1721739[0;39m | [1;33mmain [TID: N/A][0;39m [1;36m[][0;39m [1;32mc.alibaba.druid.filter.stat.StatFilter  [0;39m [1;35m(StatFilter.java:518)[0;39m 
 slow sql 293 millis. UPDATE QRTZ_TRIGGERS SET TRIGGER_STATE = ? WHERE SCHED_NAME = 'schedulerName' AND TRIGGER_NAME = ? AND TRIGGER_GROUP = ? ["PAUSED","cloudphonePublishTaskTimeoutRecoveryJob","DEFAULT"]
2026-06-07 15:22:21.483 | [1;31mERROR 1721739[0;39m | [1;33mmain [TID: N/A][0;39m [1;36m[][0;39m [1;32mc.alibaba.druid.filter.stat.StatFilter  [0;39m [1;35m(StatFilter.java:518)[0;39m 
 slow sql 307 millis. DELETE FROM QRTZ_CRON_TRIGGERS WHERE SCHED_NAME = 'schedulerName' AND TRIGGER_NAME = ? AND TRIGGER_GROUP = ? ["cloudphonePublishTaskTimeoutRecoveryJob","DEFAULT"]
2026-06-07 15:22:21.741 | [1;31mERROR 1721739[0;39m | [1;33mmain [TID: N/A][0;39m [1;36m[][0;39m [1;32mc.alibaba.druid.filter.stat.StatFilter  [0;39m [1;35m(StatFilter.java:518)[0;39m 
 slow sql 257 millis. DELETE FROM QRTZ_TRIGGERS WHERE SCHED_NAME = 'schedulerName' AND TRIGGER_NAME = ? AND TRIGGER_GROUP = ? ["cloudphonePublishTaskTimeoutRecoveryJob","DEFAULT"]
2026-06-07 15:22:22.136 | [1;31mERROR 1721739[0;39m | [1;33mmain [TID: N/A][0;39m [1;36m[][0;39m [1;32mc.alibaba.druid.filter.stat.StatFilter  [0;39m [1;35m(StatFilter.java:518)[0;39m 
 slow sql 383 millis. DELETE FROM QRTZ_JOB_DETAILS WHERE SCHED_NAME = 'schedulerName' AND JOB_NAME = ? AND JOB_GROUP = ? ["cloudphonePublishTaskTimeoutRecoveryJob","DEFAULT"]
2026-06-07 15:22:22.458 | [1;31mERROR 1721739[0;39m | [1;33mmain [TID: N/A][0;39m [1;36m[][0;39m [1;32mc.alibaba.druid.filter.stat.StatFilter  [0;39m [1;35m(StatFilter.java:518)[0;39m 
 slow sql 255 millis. INSERT INTO QRTZ_JOB_DETAILS (SCHED_NAME, JOB_NAME, JOB_GROUP, DESCRIPTION, JOB_CLASS_NAME, IS_DURABLE, IS_NONCONCURRENT, IS_UPDATE_DATA, REQUESTS_RECOVERY, JOB_DATA)  VALUES('schedulerName', ?, ?, ?, ?, ?, ?, ?, ?, ?) ["cloudphonePublishTaskTimeoutRecoveryJob","DEFAULT",null,"com.douyouqu.dyq.framework.quartz.core.handler.JobHandlerInvoker",false,true,true,false,"<[B>"]
2026-06-07 15:22:22.745 | [1;31mERROR 1721739[0;39m | [1;33mmain [TID: N/A][0;39m [1;36m[][0;39m [1;32mc.alibaba.druid.filter.stat.StatFilter  [0;39m [1;35m(StatFilter.java:518)[0;39m 
 slow sql 242 millis. INSERT INTO QRTZ_TRIGGERS (SCHED_NAME, TRIGGER_NAME, TRIGGER_GROUP, JOB_NAME, JOB_GROUP, DESCRIPTION, NEXT_FIRE_TIME, PREV_FIRE_TIME, TRIGGER_STATE, TRIGGER_TYPE, START_TIME, END_TIME, CALENDAR_NAME, MISFIRE_INSTR, JOB_DATA, PRIORITY)  VALUES('schedulerName', ?, ?, ?, ?, ?, ?, ?, ?, ?, ?, ?, ?, ?, ?, ?) ["cloudphonePublishTaskTimeoutRecoveryJob","DEFAULT","cloudphonePublishTaskTimeoutRecoveryJob","DEFAULT",null,1780817100000,-1,"WAITING","CRON",1780816942000,0,null,0,"<[B>",5]
2026-06-07 15:22:23.045 | [1;31mERROR 1721739[0;39m | [1;33mmain [TID: N/A][0;39m [1;36m[][0;39m [1;32mc.alibaba.druid.filter.stat.StatFilter  [0;39m [1;35m(StatFilter.java:518)[0;39m 
 slow sql 299 millis. INSERT INTO QRTZ_CRON_TRIGGERS (SCHED_NAME, TRIGGER_NAME, TRIGGER_GROUP, CRON_EXPRESSION, TIME_ZONE_ID)  VALUES('schedulerName', ?, ?, ?, ?) ["cloudphonePublishTaskTimeoutRecoveryJob","DEFAULT","0 */5 * * * ?","Asia/Shanghai"]
2026-06-07 15:22:23.045 | [34m INFO 1721739[0;39m | [1;33mmain [TID: N/A][0;39m [1;36m[][0;39m [1;32mc.d.d.m.i.service.job.JobServiceImpl    [0;39m [1;35m(JobServiceImpl.java:185)[0;39m 
 
[syncJob][id(300105) handlerName(cloudphonePublishTaskTimeoutRecoveryJob) 同步完成]
2026-06-07 15:22:23.337 | [1;31mERROR 1721739[0;39m | [1;33mmain [TID: N/A][0;39m [1;36m[][0;39m [1;32mc.alibaba.druid.filter.stat.StatFilter  [0;39m [1;35m(StatFilter.java:518)[0;39m 
 slow sql 239 millis. DELETE FROM QRTZ_CRON_TRIGGERS WHERE SCHED_NAME = 'schedulerName' AND TRIGGER_NAME = ? AND TRIGGER_GROUP = ? ["accountMarketRepricingJob","DEFAULT"]
2026-06-07 15:22:23.646 | [1;31mERROR 1721739[0;39m | [1;33mmain [TID: N/A][0;39m [1;36m[][0;39m [1;32mc.alibaba.druid.filter.stat.StatFilter  [0;39m [1;35m(StatFilter.java:518)[0;39m 
 slow sql 308 millis. DELETE FROM QRTZ_TRIGGERS WHERE SCHED_NAME = 'schedulerName' AND TRIGGER_NAME = ? AND TRIGGER_GROUP = ? ["accountMarketRepricingJob","DEFAULT"]
2026-06-07 15:22:24.091 | [1;31mERROR 1721739[0;39m | [1;33mmain [TID: N/A][0;39m [1;36m[][0;39m [1;32mc.alibaba.druid.filter.stat.StatFilter  [0;39m [1;35m(StatFilter.java:518)[0;39m 
 slow sql 430 millis. DELETE FROM QRTZ_JOB_DETAILS WHERE SCHED_NAME = 'schedulerName' AND JOB_NAME = ? AND JOB_GROUP = ? ["accountMarketRepricingJob","DEFAULT"]
2026-06-07 15:22:24.436 | [1;31mERROR 1721739[0;39m | [1;33mmain [TID: N/A][0;39m [1;36m[][0;39m [1;32mc.alibaba.druid.filter.stat.StatFilter  [0;39m [1;35m(StatFilter.java:518)[0;39m 
 slow sql 269 millis. INSERT INTO QRTZ_JOB_DETAILS (SCHED_NAME, JOB_NAME, JOB_GROUP, DESCRIPTION, JOB_CLASS_NAME, IS_DURABLE, IS_NONCONCURRENT, IS_UPDATE_DATA, REQUESTS_RECOVERY, JOB_DATA)  VALUES('schedulerName', ?, ?, ?, ?, ?, ?, ?, ?, ?) ["accountMarketRepricingJob","DEFAULT",null,"com.douyouqu.dyq.framework.quartz.core.handler.JobHandlerInvoker",false,true,true,false,"<[B>"]
2026-06-07 15:22:24.658 | [1;31mERROR 1721739[0;39m | [1;33mmain [TID: N/A][0;39m [1;36m[][0;39m [1;32mc.alibaba.druid.filter.stat.StatFilter  [0;39m [1;35m(StatFilter.java:518)[0;39m 
 slow sql 180 millis. INSERT INTO QRTZ_TRIGGERS (SCHED_NAME, TRIGGER_NAME, TRIGGER_GROUP, JOB_NAME, JOB_GROUP, DESCRIPTION, NEXT_FIRE_TIME, PREV_FIRE_TIME, TRIGGER_STATE, TRIGGER_TYPE, START_TIME, END_TIME, CALENDAR_NAME, MISFIRE_INSTR, JOB_DATA, PRIORITY)  VALUES('schedulerName', ?, ?, ?, ?, ?, ?, ?, ?, ?, ?, ?, ?, ?, ?, ?) ["accountMarketRepricingJob","DEFAULT","accountMarketRepricingJob","DEFAULT",null,1780817400000,-1,"WAITING","CRON",1780816944000,0,null,0,"<[B>",5]
2026-06-07 15:22:24.961 | [1;31mERROR 1721739[0;39m | [1;33mmain [TID: N/A][0;39m [1;36m[][0;39m [1;32mc.alibaba.druid.filter.stat.StatFilter  [0;39m [1;35m(StatFilter.java:518)[0;39m 
 slow sql 302 millis. INSERT INTO QRTZ_CRON_TRIGGERS (SCHED_NAME, TRIGGER_NAME, TRIGGER_GROUP, CRON_EXPRESSION, TIME_ZONE_ID)  VALUES('schedulerName', ?, ?, ?, ?) ["accountMarketRepricingJob","DEFAULT","0 */10 * * * ?","Asia/Shanghai"]
2026-06-07 15:22:25.194 | [1;31mERROR 1721739[0;39m | [1;33mmain [TID: N/A][0;39m [1;36m[][0;39m [1;32mc.alibaba.druid.filter.stat.StatFilter  [0;39m [1;35m(StatFilter.java:518)[0;39m 
 slow sql 178 millis. UPDATE QRTZ_TRIGGERS SET TRIGGER_STATE = ? WHERE SCHED_NAME = 'schedulerName' AND TRIGGER_NAME = ? AND TRIGGER_GROUP = ? ["PAUSED","accountMarketRepricingJob","DEFAULT"]
2026-06-07 15:22:25.195 | [34m INFO 1721739[0;39m | [1;33mmain [TID: N/A][0;39m [1;36m[][0;39m [1;32mc.d.d.m.i.service.job.JobServiceImpl    [0;39m [1;35m(JobServiceImpl.java:185)[0;39m 
 
[syncJob][id(300110) handlerName(accountMarketRepricingJob) 同步完成]
2026-06-07 15:22:25.519 | [1;31mERROR 1721739[0;39m | [1;33mmain [TID: N/A][0;39m [1;36m[][0;39m [1;32mc.alibaba.druid.filter.stat.StatFilter  [0;39m [1;35m(StatFilter.java:518)[0;39m 
 slow sql 270 millis. DELETE FROM QRTZ_CRON_TRIGGERS WHERE SCHED_NAME = 'schedulerName' AND TRIGGER_NAME = ? AND TRIGGER_GROUP = ? ["accountMarketQualityRefreshJob","DEFAULT"]
2026-06-07 15:22:25.767 | [1;31mERROR 1721739[0;39m | [1;33mmain [TID: N/A][0;39m [1;36m[][0;39m [1;32mc.alibaba.druid.filter.stat.StatFilter  [0;39m [1;35m(StatFilter.java:518)[0;39m 
 slow sql 247 millis. DELETE FROM QRTZ_TRIGGERS WHERE SCHED_NAME = 'schedulerName' AND TRIGGER_NAME = ? AND TRIGGER_GROUP = ? ["accountMarketQualityRefreshJob","DEFAULT"]
2026-06-07 15:22:25.977 | [1;31mERROR 1721739[0;39m | [1;33mmain [TID: N/A][0;39m [1;36m[][0;39m [1;32mc.alibaba.druid.filter.stat.StatFilter  [0;39m [1;35m(StatFilter.java:518)[0;39m 
 slow sql 198 millis. DELETE FROM QRTZ_JOB_DETAILS WHERE SCHED_NAME = 'schedulerName' AND JOB_NAME = ? AND JOB_GROUP = ? ["accountMarketQualityRefreshJob","DEFAULT"]
2026-06-07 15:22:26.248 | [1;31mERROR 1721739[0;39m | [1;33mmain [TID: N/A][0;39m [1;36m[][0;39m [1;32mc.alibaba.druid.filter.stat.StatFilter  [0;39m [1;35m(StatFilter.java:518)[0;39m 
 slow sql 206 millis. INSERT INTO QRTZ_JOB_DETAILS (SCHED_NAME, JOB_NAME, JOB_GROUP, DESCRIPTION, JOB_CLASS_NAME, IS_DURABLE, IS_NONCONCURRENT, IS_UPDATE_DATA, REQUESTS_RECOVERY, JOB_DATA)  VALUES('schedulerName', ?, ?, ?, ?, ?, ?, ?, ?, ?) ["accountMarketQualityRefreshJob","DEFAULT",null,"com.douyouqu.dyq.framework.quartz.core.handler.JobHandlerInvoker",false,true,true,false,"<[B>"]
2026-06-07 15:22:26.527 | [1;31mERROR 1721739[0;39m | [1;33mmain [TID: N/A][0;39m [1;36m[][0;39m [1;32mc.alibaba.druid.filter.stat.StatFilter  [0;39m [1;35m(StatFilter.java:518)[0;39m 
 slow sql 235 millis. INSERT INTO QRTZ_TRIGGERS (SCHED_NAME, TRIGGER_NAME, TRIGGER_GROUP, JOB_NAME, JOB_GROUP, DESCRIPTION, NEXT_FIRE_TIME, PREV_FIRE_TIME, TRIGGER_STATE, TRIGGER_TYPE, START_TIME, END_TIME, CALENDAR_NAME, MISFIRE_INSTR, JOB_DATA, PRIORITY)  VALUES('schedulerName', ?, ?, ?, ?, ?, ?, ?, ?, ?, ?, ?, ?, ?, ?, ?) ["accountMarketQualityRefreshJob","DEFAULT","accountMarketQualityRefreshJob","DEFAULT",null,1780817400000,-1,"WAITING","CRON",1780816946000,0,null,0,"<[B>",5]
2026-06-07 15:22:26.685 | [1;31mERROR 1721739[0;39m | [1;33mmain [TID: N/A][0;39m [1;36m[][0;39m [1;32mc.alibaba.druid.filter.stat.StatFilter  [0;39m [1;35m(StatFilter.java:518)[0;39m 
 slow sql 157 millis. INSERT INTO QRTZ_CRON_TRIGGERS (SCHED_NAME, TRIGGER_NAME, TRIGGER_GROUP, CRON_EXPRESSION, TIME_ZONE_ID)  VALUES('schedulerName', ?, ?, ?, ?) ["accountMarketQualityRefreshJob","DEFAULT","0 */30 * * * ?","Asia/Shanghai"]
2026-06-07 15:22:27.027 | [1;31mERROR 1721739[0;39m | [1;33mmain [TID: N/A][0;39m [1;36m[][0;39m [1;32mc.alibaba.druid.filter.stat.StatFilter  [0;39m [1;35m(StatFilter.java:518)[0;39m 
 slow sql 288 millis. UPDATE QRTZ_TRIGGERS SET TRIGGER_STATE = ? WHERE SCHED_NAME = 'schedulerName' AND TRIGGER_NAME = ? AND TRIGGER_GROUP = ? ["PAUSED","accountMarketQualityRefreshJob","DEFAULT"]
2026-06-07 15:22:27.027 | [34m INFO 1721739[0;39m | [1;33mmain [TID: N/A][0;39m [1;36m[][0;39m [1;32mc.d.d.m.i.service.job.JobServiceImpl    [0;39m [1;35m(JobServiceImpl.java:185)[0;39m 
 
[syncJob][id(300111) handlerName(accountMarketQualityRefreshJob) 同步完成]
2026-06-07 15:22:27.292 | [1;31mERROR 1721739[0;39m | [1;33mmain [TID: N/A][0;39m [1;36m[][0;39m [1;32mc.alibaba.druid.filter.stat.StatFilter  [0;39m [1;35m(StatFilter.java:518)[0;39m 
 slow sql 211 millis. DELETE FROM QRTZ_CRON_TRIGGERS WHERE SCHED_NAME = 'schedulerName' AND TRIGGER_NAME = ? AND TRIGGER_GROUP = ? ["accountMarketInstanceValueSyncJob","DEFAULT"]
2026-06-07 15:22:27.543 | [1;31mERROR 1721739[0;39m | [1;33mmain [TID: N/A][0;39m [1;36m[][0;39m [1;32mc.alibaba.druid.filter.stat.StatFilter  [0;39m [1;35m(StatFilter.java:518)[0;39m 
 slow sql 251 millis. DELETE FROM QRTZ_TRIGGERS WHERE SCHED_NAME = 'schedulerName' AND TRIGGER_NAME = ? AND TRIGGER_GROUP = ? ["accountMarketInstanceValueSyncJob","DEFAULT"]
2026-06-07 15:22:27.818 | [1;31mERROR 1721739[0;39m | [1;33mmain [TID: N/A][0;39m [1;36m[][0;39m [1;32mc.alibaba.druid.filter.stat.StatFilter  [0;39m [1;35m(StatFilter.java:518)[0;39m 
 slow sql 263 millis. DELETE FROM QRTZ_JOB_DETAILS WHERE SCHED_NAME = 'schedulerName' AND JOB_NAME = ? AND JOB_GROUP = ? ["accountMarketInstanceValueSyncJob","DEFAULT"]
2026-06-07 15:22:28.152 | [1;31mERROR 1721739[0;39m | [1;33mmain [TID: N/A][0;39m [1;36m[][0;39m [1;32mc.alibaba.druid.filter.stat.StatFilter  [0;39m [1;35m(StatFilter.java:518)[0;39m 
 slow sql 262 millis. INSERT INTO QRTZ_JOB_DETAILS (SCHED_NAME, JOB_NAME, JOB_GROUP, DESCRIPTION, JOB_CLASS_NAME, IS_DURABLE, IS_NONCONCURRENT, IS_UPDATE_DATA, REQUESTS_RECOVERY, JOB_DATA)  VALUES('schedulerName', ?, ?, ?, ?, ?, ?, ?, ?, ?) ["accountMarketInstanceValueSyncJob","DEFAULT",null,"com.douyouqu.dyq.framework.quartz.core.handler.JobHandlerInvoker",false,true,true,false,"<[B>"]
2026-06-07 15:22:28.435 | [1;31mERROR 1721739[0;39m | [1;33mmain [TID: N/A][0;39m [1;36m[][0;39m [1;32mc.alibaba.druid.filter.stat.StatFilter  [0;39m [1;35m(StatFilter.java:518)[0;39m 
 slow sql 239 millis. INSERT INTO QRTZ_TRIGGERS (SCHED_NAME, TRIGGER_NAME, TRIGGER_GROUP, JOB_NAME, JOB_GROUP, DESCRIPTION, NEXT_FIRE_TIME, PREV_FIRE_TIME, TRIGGER_STATE, TRIGGER_TYPE, START_TIME, END_TIME, CALENDAR_NAME, MISFIRE_INSTR, JOB_DATA, PRIORITY)  VALUES('schedulerName', ?, ?, ?, ?, ?, ?, ?, ?, ?, ?, ?, ?, ?, ?, ?) ["accountMarketInstanceValueSyncJob","DEFAULT","accountMarketInstanceValueSyncJob","DEFAULT",null,1780817100000,-1,"WAITING","CRON",1780816947000,0,null,0,"<[B>",5]
2026-06-07 15:22:28.668 | [1;31mERROR 1721739[0;39m | [1;33mmain [TID: N/A][0;39m [1;36m[][0;39m [1;32mc.alibaba.druid.filter.stat.StatFilter  [0;39m [1;35m(StatFilter.java:518)[0;39m 
 slow sql 232 millis. INSERT INTO QRTZ_CRON_TRIGGERS (SCHED_NAME, TRIGGER_NAME, TRIGGER_GROUP, CRON_EXPRESSION, TIME_ZONE_ID)  VALUES('schedulerName', ?, ?, ?, ?) ["accountMarketInstanceValueSyncJob","DEFAULT","0 */5 * * * ?","Asia/Shanghai"]
2026-06-07 15:22:28.949 | [1;31mERROR 1721739[0;39m | [1;33mmain [TID: N/A][0;39m [1;36m[][0;39m [1;32mc.alibaba.druid.filter.stat.StatFilter  [0;39m [1;35m(StatFilter.java:518)[0;39m 
 slow sql 226 millis. UPDATE QRTZ_TRIGGERS SET TRIGGER_STATE = ? WHERE SCHED_NAME = 'schedulerName' AND TRIGGER_NAME = ? AND TRIGGER_GROUP = ? ["PAUSED","accountMarketInstanceValueSyncJob","DEFAULT"]
2026-06-07 15:22:28.950 | [34m INFO 1721739[0;39m | [1;33mmain [TID: N/A][0;39m [1;36m[][0;39m [1;32mc.d.d.m.i.service.job.JobServiceImpl    [0;39m [1;35m(JobServiceImpl.java:185)[0;39m 
 
[syncJob][id(300112) handlerName(accountMarketInstanceValueSyncJob) 同步完成]
2026-06-07 15:22:29.201 | [1;31mERROR 1721739[0;39m | [1;33mmain [TID: N/A][0;39m [1;36m[][0;39m [1;32mc.alibaba.druid.filter.stat.StatFilter  [0;39m [1;35m(StatFilter.java:518)[0;39m 
 slow sql 197 millis. DELETE FROM QRTZ_CRON_TRIGGERS WHERE SCHED_NAME = 'schedulerName' AND TRIGGER_NAME = ? AND TRIGGER_GROUP = ? ["accountMarketExpiredOrderCleanJob","DEFAULT"]
2026-06-07 15:22:29.426 | [1;31mERROR 1721739[0;39m | [1;33mmain [TID: N/A][0;39m [1;36m[][0;39m [1;32mc.alibaba.druid.filter.stat.StatFilter  [0;39m [1;35m(StatFilter.java:518)[0;39m 
 slow sql 224 millis. DELETE FROM QRTZ_TRIGGERS WHERE SCHED_NAME = 'schedulerName' AND TRIGGER_NAME = ? AND TRIGGER_GROUP = ? ["accountMarketExpiredOrderCleanJob","DEFAULT"]
2026-06-07 15:22:29.602 | [1;31mERROR 1721739[0;39m | [1;33mmain [TID: N/A][0;39m [1;36m[][0;39m [1;32mc.alibaba.druid.filter.stat.StatFilter  [0;39m [1;35m(StatFilter.java:518)[0;39m 
 slow sql 164 millis. DELETE FROM QRTZ_JOB_DETAILS WHERE SCHED_NAME = 'schedulerName' AND JOB_NAME = ? AND JOB_GROUP = ? ["accountMarketExpiredOrderCleanJob","DEFAULT"]
2026-06-07 15:22:29.943 | [1;31mERROR 1721739[0;39m | [1;33mmain [TID: N/A][0;39m [1;36m[][0;39m [1;32mc.alibaba.druid.filter.stat.StatFilter  [0;39m [1;35m(StatFilter.java:518)[0;39m 
 slow sql 276 millis. INSERT INTO QRTZ_JOB_DETAILS (SCHED_NAME, JOB_NAME, JOB_GROUP, DESCRIPTION, JOB_CLASS_NAME, IS_DURABLE, IS_NONCONCURRENT, IS_UPDATE_DATA, REQUESTS_RECOVERY, JOB_DATA)  VALUES('schedulerName', ?, ?, ?, ?, ?, ?, ?, ?, ?) ["accountMarketExpiredOrderCleanJob","DEFAULT",null,"com.douyouqu.dyq.framework.quartz.core.handler.JobHandlerInvoker",false,true,true,false,"<[B>"]
2026-06-07 15:22:30.284 | [1;31mERROR 1721739[0;39m | [1;33mmain [TID: N/A][0;39m [1;36m[][0;39m [1;32mc.alibaba.druid.filter.stat.StatFilter  [0;39m [1;35m(StatFilter.java:518)[0;39m 
 slow sql 299 millis. INSERT INTO QRTZ_TRIGGERS (SCHED_NAME, TRIGGER_NAME, TRIGGER_GROUP, JOB_NAME, JOB_GROUP, DESCRIPTION, NEXT_FIRE_TIME, PREV_FIRE_TIME, TRIGGER_STATE, TRIGGER_TYPE, START_TIME, END_TIME, CALENDAR_NAME, MISFIRE_INSTR, JOB_DATA, PRIORITY)  VALUES('schedulerName', ?, ?, ?, ?, ?, ?, ?, ?, ?, ?, ?, ?, ?, ?, ?) ["accountMarketExpiredOrderCleanJob","DEFAULT","accountMarketExpiredOrderCleanJob","DEFAULT",null,1780855200000,-1,"WAITING","CRON",1780816949000,0,null,0,"<[B>",5]
2026-06-07 15:22:30.526 | [1;31mERROR 1721739[0;39m | [1;33mmain [TID: N/A][0;39m [1;36m[][0;39m [1;32mc.alibaba.druid.filter.stat.StatFilter  [0;39m [1;35m(StatFilter.java:518)[0;39m 
 slow sql 241 millis. INSERT INTO QRTZ_CRON_TRIGGERS (SCHED_NAME, TRIGGER_NAME, TRIGGER_GROUP, CRON_EXPRESSION, TIME_ZONE_ID)  VALUES('schedulerName', ?, ?, ?, ?) ["accountMarketExpiredOrderCleanJob","DEFAULT","0 0 2 * * ?","Asia/Shanghai"]
2026-06-07 15:22:30.809 | [1;31mERROR 1721739[0;39m | [1;33mmain [TID: N/A][0;39m [1;36m[][0;39m [1;32mc.alibaba.druid.filter.stat.StatFilter  [0;39m [1;35m(StatFilter.java:518)[0;39m 
 slow sql 224 millis. UPDATE QRTZ_TRIGGERS SET TRIGGER_STATE = ? WHERE SCHED_NAME = 'schedulerName' AND TRIGGER_NAME = ? AND TRIGGER_GROUP = ? ["PAUSED","accountMarketExpiredOrderCleanJob","DEFAULT"]
2026-06-07 15:22:30.810 | [34m INFO 1721739[0;39m | [1;33mmain [TID: N/A][0;39m [1;36m[][0;39m [1;32mc.d.d.m.i.service.job.JobServiceImpl    [0;39m [1;35m(JobServiceImpl.java:185)[0;39m 
 
[syncJob][id(300113) handlerName(accountMarketExpiredOrderCleanJob) 同步完成]
2026-06-07 15:22:31.143 | [1;31mERROR 1721739[0;39m | [1;33mmain [TID: N/A][0;39m [1;36m[][0;39m [1;32mc.alibaba.druid.filter.stat.StatFilter  [0;39m [1;35m(StatFilter.java:518)[0;39m 
 slow sql 279 millis. DELETE FROM QRTZ_CRON_TRIGGERS WHERE SCHED_NAME = 'schedulerName' AND TRIGGER_NAME = ? AND TRIGGER_GROUP = ? ["accountMarketDeliveryExceptionAlertJob","DEFAULT"]
2026-06-07 15:22:31.293 | [1;31mERROR 1721739[0;39m | [1;33mmain [TID: N/A][0;39m [1;36m[][0;39m [1;32mc.alibaba.druid.filter.stat.StatFilter  [0;39m [1;35m(StatFilter.java:518)[0;39m 
 slow sql 149 millis. DELETE FROM QRTZ_TRIGGERS WHERE SCHED_NAME = 'schedulerName' AND TRIGGER_NAME = ? AND TRIGGER_GROUP = ? ["accountMarketDeliveryExceptionAlertJob","DEFAULT"]
2026-06-07 15:22:31.598 | [1;31mERROR 1721739[0;39m | [1;33mmain [TID: N/A][0;39m [1;36m[][0;39m [1;32mc.alibaba.druid.filter.stat.StatFilter  [0;39m [1;35m(StatFilter.java:518)[0;39m 
 slow sql 293 millis. DELETE FROM QRTZ_JOB_DETAILS WHERE SCHED_NAME = 'schedulerName' AND JOB_NAME = ? AND JOB_GROUP = ? ["accountMarketDeliveryExceptionAlertJob","DEFAULT"]
2026-06-07 15:22:31.926 | [1;31mERROR 1721739[0;39m | [1;33mmain [TID: N/A][0;39m [1;36m[][0;39m [1;32mc.alibaba.druid.filter.stat.StatFilter  [0;39m [1;35m(StatFilter.java:518)[0;39m 
 slow sql 261 millis. INSERT INTO QRTZ_JOB_DETAILS (SCHED_NAME, JOB_NAME, JOB_GROUP, DESCRIPTION, JOB_CLASS_NAME, IS_DURABLE, IS_NONCONCURRENT, IS_UPDATE_DATA, REQUESTS_RECOVERY, JOB_DATA)  VALUES('schedulerName', ?, ?, ?, ?, ?, ?, ?, ?, ?) ["accountMarketDeliveryExceptionAlertJob","DEFAULT",null,"com.douyouqu.dyq.framework.quartz.core.handler.JobHandlerInvoker",false,true,true,false,"<[B>"]
2026-06-07 15:22:32.234 | [1;31mERROR 1721739[0;39m | [1;33mmain [TID: N/A][0;39m [1;36m[][0;39m [1;32mc.alibaba.druid.filter.stat.StatFilter  [0;39m [1;35m(StatFilter.java:518)[0;39m 
 slow sql 263 millis. INSERT INTO QRTZ_TRIGGERS (SCHED_NAME, TRIGGER_NAME, TRIGGER_GROUP, JOB_NAME, JOB_GROUP, DESCRIPTION, NEXT_FIRE_TIME, PREV_FIRE_TIME, TRIGGER_STATE, TRIGGER_TYPE, START_TIME, END_TIME, CALENDAR_NAME, MISFIRE_INSTR, JOB_DATA, PRIORITY)  VALUES('schedulerName', ?, ?, ?, ?, ?, ?, ?, ?, ?, ?, ?, ?, ?, ?, ?) ["accountMarketDeliveryExceptionAlertJob","DEFAULT","accountMarketDeliveryExceptionAlertJob","DEFAULT",null,1780816955000,-1,"WAITING","CRON",1780816951000,0,null,0,"<[B>",5]
2026-06-07 15:22:32.376 | [1;31mERROR 1721739[0;39m | [1;33mmain [TID: N/A][0;39m [1;36m[][0;39m [1;32mc.alibaba.druid.filter.stat.StatFilter  [0;39m [1;35m(StatFilter.java:518)[0;39m 
 slow sql 140 millis. INSERT INTO QRTZ_CRON_TRIGGERS (SCHED_NAME, TRIGGER_NAME, TRIGGER_GROUP, CRON_EXPRESSION, TIME_ZONE_ID)  VALUES('schedulerName', ?, ?, ?, ?) ["accountMarketDeliveryExceptionAlertJob","DEFAULT","*/5 * * * * ?","Asia/Shanghai"]
2026-06-07 15:22:32.742 | [1;31mERROR 1721739[0;39m | [1;33mmain [TID: N/A][0;39m [1;36m[][0;39m [1;32mc.alibaba.druid.filter.stat.StatFilter  [0;39m [1;35m(StatFilter.java:518)[0;39m 
 slow sql 312 millis. UPDATE QRTZ_TRIGGERS SET TRIGGER_STATE = ? WHERE SCHED_NAME = 'schedulerName' AND TRIGGER_NAME = ? AND TRIGGER_GROUP = ? ["PAUSED","accountMarketDeliveryExceptionAlertJob","DEFAULT"]
2026-06-07 15:22:32.743 | [34m INFO 1721739[0;39m | [1;33mmain [TID: N/A][0;39m [1;36m[][0;39m [1;32mc.d.d.m.i.service.job.JobServiceImpl    [0;39m [1;35m(JobServiceImpl.java:185)[0;39m 
 
[syncJob][id(300114) handlerName(accountMarketDeliveryExceptionAlertJob) 同步完成]
2026-06-07 15:22:33.006 | [1;31mERROR 1721739[0;39m | [1;33mmain [TID: N/A][0;39m [1;36m[][0;39m [1;32mc.alibaba.druid.filter.stat.StatFilter  [0;39m [1;35m(StatFilter.java:518)[0;39m 
 slow sql 209 millis. DELETE FROM QRTZ_CRON_TRIGGERS WHERE SCHED_NAME = 'schedulerName' AND TRIGGER_NAME = ? AND TRIGGER_GROUP = ? ["accountMarketAutoConfirmJob","DEFAULT"]
2026-06-07 15:22:33.267 | [1;31mERROR 1721739[0;39m | [1;33mmain [TID: N/A][0;39m [1;36m[][0;39m [1;32mc.alibaba.druid.filter.stat.StatFilter  [0;39m [1;35m(StatFilter.java:518)[0;39m 
 slow sql 260 millis. DELETE FROM QRTZ_TRIGGERS WHERE SCHED_NAME = 'schedulerName' AND TRIGGER_NAME = ? AND TRIGGER_GROUP = ? ["accountMarketAutoConfirmJob","DEFAULT"]
2026-06-07 15:22:33.544 | [1;31mERROR 1721739[0;39m | [1;33mmain [TID: N/A][0;39m [1;36m[][0;39m [1;32mc.alibaba.druid.filter.stat.StatFilter  [0;39m [1;35m(StatFilter.java:518)[0;39m 
 slow sql 266 millis. DELETE FROM QRTZ_JOB_DETAILS WHERE SCHED_NAME = 'schedulerName' AND JOB_NAME = ? AND JOB_GROUP = ? ["accountMarketAutoConfirmJob","DEFAULT"]
2026-06-07 15:22:33.802 | [1;31mERROR 1721739[0;39m | [1;33mmain [TID: N/A][0;39m [1;36m[][0;39m [1;32mc.alibaba.druid.filter.stat.StatFilter  [0;39m [1;35m(StatFilter.java:518)[0;39m 
 slow sql 192 millis. INSERT INTO QRTZ_JOB_DETAILS (SCHED_NAME, JOB_NAME, JOB_GROUP, DESCRIPTION, JOB_CLASS_NAME, IS_DURABLE, IS_NONCONCURRENT, IS_UPDATE_DATA, REQUESTS_RECOVERY, JOB_DATA)  VALUES('schedulerName', ?, ?, ?, ?, ?, ?, ?, ?, ?) ["accountMarketAutoConfirmJob","DEFAULT",null,"com.douyouqu.dyq.framework.quartz.core.handler.JobHandlerInvoker",false,true,true,false,"<[B>"]
2026-06-07 15:22:34.103 | [1;31mERROR 1721739[0;39m | [1;33mmain [TID: N/A][0;39m [1;36m[][0;39m [1;32mc.alibaba.druid.filter.stat.StatFilter  [0;39m [1;35m(StatFilter.java:518)[0;39m 
 slow sql 257 millis. INSERT INTO QRTZ_TRIGGERS (SCHED_NAME, TRIGGER_NAME, TRIGGER_GROUP, JOB_NAME, JOB_GROUP, DESCRIPTION, NEXT_FIRE_TIME, PREV_FIRE_TIME, TRIGGER_STATE, TRIGGER_TYPE, START_TIME, END_TIME, CALENDAR_NAME, MISFIRE_INSTR, JOB_DATA, PRIORITY)  VALUES('schedulerName', ?, ?, ?, ?, ?, ?, ?, ?, ?, ?, ?, ?, ?, ?, ?) ["accountMarketAutoConfirmJob","DEFAULT","accountMarketAutoConfirmJob","DEFAULT",null,1780817400000,-1,"WAITING","CRON",1780816953000,0,null,0,"<[B>",5]
2026-06-07 15:22:34.336 | [1;31mERROR 1721739[0;39m | [1;33mmain [TID: N/A][0;39m [1;36m[][0;39m [1;32mc.alibaba.druid.filter.stat.StatFilter  [0;39m [1;35m(StatFilter.java:518)[0;39m 
 slow sql 232 millis. INSERT INTO QRTZ_CRON_TRIGGERS (SCHED_NAME, TRIGGER_NAME, TRIGGER_GROUP, CRON_EXPRESSION, TIME_ZONE_ID)  VALUES('schedulerName', ?, ?, ?, ?) ["accountMarketAutoConfirmJob","DEFAULT","0 */10 * * * ?","Asia/Shanghai"]
2026-06-07 15:22:34.644 | [1;31mERROR 1721739[0;39m | [1;33mmain [TID: N/A][0;39m [1;36m[][0;39m [1;32mc.alibaba.druid.filter.stat.StatFilter  [0;39m [1;35m(StatFilter.java:518)[0;39m 
 slow sql 254 millis. UPDATE QRTZ_TRIGGERS SET TRIGGER_STATE = ? WHERE SCHED_NAME = 'schedulerName' AND TRIGGER_NAME = ? AND TRIGGER_GROUP = ? ["PAUSED","accountMarketAutoConfirmJob","DEFAULT"]
2026-06-07 15:22:34.645 | [34m INFO 1721739[0;39m | [1;33mmain [TID: N/A][0;39m [1;36m[][0;39m [1;32mc.d.d.m.i.service.job.JobServiceImpl    [0;39m [1;35m(JobServiceImpl.java:185)[0;39m 
 
[syncJob][id(300115) handlerName(accountMarketAutoConfirmJob) 同步完成]
2026-06-07 15:22:34.895 | [1;31mERROR 1721739[0;39m | [1;33mmain [TID: N/A][0;39m [1;36m[][0;39m [1;32mc.alibaba.druid.filter.stat.StatFilter  [0;39m [1;35m(StatFilter.java:518)[0;39m 
 slow sql 196 millis. DELETE FROM QRTZ_CRON_TRIGGERS WHERE SCHED_NAME = 'schedulerName' AND TRIGGER_NAME = ? AND TRIGGER_GROUP = ? ["sandboxIdleCheckJob","DEFAULT"]
2026-06-07 15:22:35.111 | [1;31mERROR 1721739[0;39m | [1;33mmain [TID: N/A][0;39m [1;36m[][0;39m [1;32mc.alibaba.druid.filter.stat.StatFilter  [0;39m [1;35m(StatFilter.java:518)[0;39m 
 slow sql 215 millis. DELETE FROM QRTZ_TRIGGERS WHERE SCHED_NAME = 'schedulerName' AND TRIGGER_NAME = ? AND TRIGGER_GROUP = ? ["sandboxIdleCheckJob","DEFAULT"]
2026-06-07 15:22:35.333 | [1;31mERROR 1721739[0;39m | [1;33mmain [TID: N/A][0;39m [1;36m[][0;39m [1;32mc.alibaba.druid.filter.stat.StatFilter  [0;39m [1;35m(StatFilter.java:518)[0;39m 
 slow sql 210 millis. DELETE FROM QRTZ_JOB_DETAILS WHERE SCHED_NAME = 'schedulerName' AND JOB_NAME = ? AND JOB_GROUP = ? ["sandboxIdleCheckJob","DEFAULT"]
2026-06-07 15:22:35.594 | [1;31mERROR 1721739[0;39m | [1;33mmain [TID: N/A][0;39m [1;36m[][0;39m [1;32mc.alibaba.druid.filter.stat.StatFilter  [0;39m [1;35m(StatFilter.java:518)[0;39m 
 slow sql 194 millis. INSERT INTO QRTZ_JOB_DETAILS (SCHED_NAME, JOB_NAME, JOB_GROUP, DESCRIPTION, JOB_CLASS_NAME, IS_DURABLE, IS_NONCONCURRENT, IS_UPDATE_DATA, REQUESTS_RECOVERY, JOB_DATA)  VALUES('schedulerName', ?, ?, ?, ?, ?, ?, ?, ?, ?) ["sandboxIdleCheckJob","DEFAULT",null,"com.douyouqu.dyq.framework.quartz.core.handler.JobHandlerInvoker",false,true,true,false,"<[B>"]
2026-06-07 15:22:35.833 | [1;31mERROR 1721739[0;39m | [1;33mmain [TID: N/A][0;39m [1;36m[][0;39m [1;32mc.alibaba.druid.filter.stat.StatFilter  [0;39m [1;35m(StatFilter.java:518)[0;39m 
 slow sql 195 millis. INSERT INTO QRTZ_TRIGGERS (SCHED_NAME, TRIGGER_NAME, TRIGGER_GROUP, JOB_NAME, JOB_GROUP, DESCRIPTION, NEXT_FIRE_TIME, PREV_FIRE_TIME, TRIGGER_STATE, TRIGGER_TYPE, START_TIME, END_TIME, CALENDAR_NAME, MISFIRE_INSTR, JOB_DATA, PRIORITY)  VALUES('schedulerName', ?, ?, ?, ?, ?, ?, ?, ?, ?, ?, ?, ?, ?, ?, ?) ["sandboxIdleCheckJob","DEFAULT","sandboxIdleCheckJob","DEFAULT",null,1780817100000,-1,"WAITING","CRON",1780816955000,0,null,0,"<[B>",5]
2026-06-07 15:22:36.213 | [1;31mERROR 1721739[0;39m | [1;33mmain [TID: N/A][0;39m [1;36m[][0;39m [1;32mc.alibaba.druid.filter.stat.StatFilter  [0;39m [1;35m(StatFilter.java:518)[0;39m 
 slow sql 379 millis. INSERT INTO QRTZ_CRON_TRIGGERS (SCHED_NAME, TRIGGER_NAME, TRIGGER_GROUP, CRON_EXPRESSION, TIME_ZONE_ID)  VALUES('schedulerName', ?, ?, ?, ?) ["sandboxIdleCheckJob","DEFAULT","0 */5 * * * ?","Asia/Shanghai"]
2026-06-07 15:22:36.467 | [1;31mERROR 1721739[0;39m | [1;33mmain [TID: N/A][0;39m [1;36m[][0;39m [1;32mc.alibaba.druid.filter.stat.StatFilter  [0;39m [1;35m(StatFilter.java:518)[0;39m 
 slow sql 200 millis. UPDATE QRTZ_TRIGGERS SET TRIGGER_STATE = ? WHERE SCHED_NAME = 'schedulerName' AND TRIGGER_NAME = ? AND TRIGGER_GROUP = ? ["PAUSED","sandboxIdleCheckJob","DEFAULT"]
2026-06-07 15:22:36.467 | [34m INFO 1721739[0;39m | [1;33mmain [TID: N/A][0;39m [1;36m[][0;39m [1;32mc.d.d.m.i.service.job.JobServiceImpl    [0;39m [1;35m(JobServiceImpl.java:185)[0;39m 
 
[syncJob][id(300120) handlerName(sandboxIdleCheckJob) 同步完成]
2026-06-07 15:22:36.713 | [1;31mERROR 1721739[0;39m | [1;33mmain [TID: N/A][0;39m [1;36m[][0;39m [1;32mc.alibaba.druid.filter.stat.StatFilter  [0;39m [1;35m(StatFilter.java:518)[0;39m 
 slow sql 193 millis. DELETE FROM QRTZ_CRON_TRIGGERS WHERE SCHED_NAME = 'schedulerName' AND TRIGGER_NAME = ? AND TRIGGER_GROUP = ? ["sandboxHostHeartbeatJob","DEFAULT"]
2026-06-07 15:22:36.952 | [1;31mERROR 1721739[0;39m | [1;33mmain [TID: N/A][0;39m [1;36m[][0;39m [1;32mc.alibaba.druid.filter.stat.StatFilter  [0;39m [1;35m(StatFilter.java:518)[0;39m 
 slow sql 238 millis. DELETE FROM QRTZ_TRIGGERS WHERE SCHED_NAME = 'schedulerName' AND TRIGGER_NAME = ? AND TRIGGER_GROUP = ? ["sandboxHostHeartbeatJob","DEFAULT"]
2026-06-07 15:22:37.294 | [1;31mERROR 1721739[0;39m | [1;33mmain [TID: N/A][0;39m [1;36m[][0;39m [1;32mc.alibaba.druid.filter.stat.StatFilter  [0;39m [1;35m(StatFilter.java:518)[0;39m 
 slow sql 329 millis. DELETE FROM QRTZ_JOB_DETAILS WHERE SCHED_NAME = 'schedulerName' AND JOB_NAME = ? AND JOB_GROUP = ? ["sandboxHostHeartbeatJob","DEFAULT"]
2026-06-07 15:22:37.610 | [1;31mERROR 1721739[0;39m | [1;33mmain [TID: N/A][0;39m [1;36m[][0;39m [1;32mc.alibaba.druid.filter.stat.StatFilter  [0;39m [1;35m(StatFilter.java:518)[0;39m 
 slow sql 250 millis. INSERT INTO QRTZ_JOB_DETAILS (SCHED_NAME, JOB_NAME, JOB_GROUP, DESCRIPTION, JOB_CLASS_NAME, IS_DURABLE, IS_NONCONCURRENT, IS_UPDATE_DATA, REQUESTS_RECOVERY, JOB_DATA)  VALUES('schedulerName', ?, ?, ?, ?, ?, ?, ?, ?, ?) ["sandboxHostHeartbeatJob","DEFAULT",null,"com.douyouqu.dyq.framework.quartz.core.handler.JobHandlerInvoker",false,true,true,false,"<[B>"]
2026-06-07 15:22:37.918 | [1;31mERROR 1721739[0;39m | [1;33mmain [TID: N/A][0;39m [1;36m[][0;39m [1;32mc.alibaba.druid.filter.stat.StatFilter  [0;39m [1;35m(StatFilter.java:518)[0;39m 
 slow sql 260 millis. INSERT INTO QRTZ_TRIGGERS (SCHED_NAME, TRIGGER_NAME, TRIGGER_GROUP, JOB_NAME, JOB_GROUP, DESCRIPTION, NEXT_FIRE_TIME, PREV_FIRE_TIME, TRIGGER_STATE, TRIGGER_TYPE, START_TIME, END_TIME, CALENDAR_NAME, MISFIRE_INSTR, JOB_DATA, PRIORITY)  VALUES('schedulerName', ?, ?, ?, ?, ?, ?, ?, ?, ?, ?, ?, ?, ?, ?, ?) ["sandboxHostHeartbeatJob","DEFAULT","sandboxHostHeartbeatJob","DEFAULT",null,1780816980000,-1,"WAITING","CRON",1780816957000,0,null,0,"<[B>",5]
2026-06-07 15:22:38.143 | [1;31mERROR 1721739[0;39m | [1;33mmain [TID: N/A][0;39m [1;36m[][0;39m [1;32mc.alibaba.druid.filter.stat.StatFilter  [0;39m [1;35m(StatFilter.java:518)[0;39m 
 slow sql 224 millis. INSERT INTO QRTZ_CRON_TRIGGERS (SCHED_NAME, TRIGGER_NAME, TRIGGER_GROUP, CRON_EXPRESSION, TIME_ZONE_ID)  VALUES('schedulerName', ?, ?, ?, ?) ["sandboxHostHeartbeatJob","DEFAULT","0 * * * * ?","Asia/Shanghai"]
2026-06-07 15:22:38.472 | [1;31mERROR 1721739[0;39m | [1;33mmain [TID: N/A][0;39m [1;36m[][0;39m [1;32mc.alibaba.druid.filter.stat.StatFilter  [0;39m [1;35m(StatFilter.java:518)[0;39m 
 slow sql 275 millis. UPDATE QRTZ_TRIGGERS SET TRIGGER_STATE = ? WHERE SCHED_NAME = 'schedulerName' AND TRIGGER_NAME = ? AND TRIGGER_GROUP = ? ["PAUSED","sandboxHostHeartbeatJob","DEFAULT"]
2026-06-07 15:22:38.473 | [34m INFO 1721739[0;39m | [1;33mmain [TID: N/A][0;39m [1;36m[][0;39m [1;32mc.d.d.m.i.service.job.JobServiceImpl    [0;39m [1;35m(JobServiceImpl.java:185)[0;39m 
 
[syncJob][id(300121) handlerName(sandboxHostHeartbeatJob) 同步完成]
2026-06-07 15:22:38.799 | [1;31mERROR 1721739[0;39m | [1;33mmain [TID: N/A][0;39m [1;36m[][0;39m [1;32mc.alibaba.druid.filter.stat.StatFilter  [0;39m [1;35m(StatFilter.java:518)[0;39m 
 slow sql 273 millis. DELETE FROM QRTZ_CRON_TRIGGERS WHERE SCHED_NAME = 'schedulerName' AND TRIGGER_NAME = ? AND TRIGGER_GROUP = ? ["sandboxInstanceCleanupJob","DEFAULT"]
2026-06-07 15:22:39.079 | [1;31mERROR 1721739[0;39m | [1;33mmain [TID: N/A][0;39m [1;36m[][0;39m [1;32mc.alibaba.druid.filter.stat.StatFilter  [0;39m [1;35m(StatFilter.java:518)[0;39m 
 slow sql 278 millis. DELETE FROM QRTZ_TRIGGERS WHERE SCHED_NAME = 'schedulerName' AND TRIGGER_NAME = ? AND TRIGGER_GROUP = ? ["sandboxInstanceCleanupJob","DEFAULT"]
2026-06-07 15:22:39.383 | [1;31mERROR 1721739[0;39m | [1;33mmain [TID: N/A][0;39m [1;36m[][0;39m [1;32mc.alibaba.druid.filter.stat.StatFilter  [0;39m [1;35m(StatFilter.java:518)[0;39m 
 slow sql 292 millis. DELETE FROM QRTZ_JOB_DETAILS WHERE SCHED_NAME = 'schedulerName' AND JOB_NAME = ? AND JOB_GROUP = ? ["sandboxInstanceCleanupJob","DEFAULT"]
2026-06-07 15:22:39.849 | [1;31mERROR 1721739[0;39m | [1;33mmain [TID: N/A][0;39m [1;36m[][0;39m [1;32mc.alibaba.druid.filter.stat.StatFilter  [0;39m [1;35m(StatFilter.java:518)[0;39m 
 slow sql 400 millis. INSERT INTO QRTZ_JOB_DETAILS (SCHED_NAME, JOB_NAME, JOB_GROUP, DESCRIPTION, JOB_CLASS_NAME, IS_DURABLE, IS_NONCONCURRENT, IS_UPDATE_DATA, REQUESTS_RECOVERY, JOB_DATA)  VALUES('schedulerName', ?, ?, ?, ?, ?, ?, ?, ?, ?) ["sandboxInstanceCleanupJob","DEFAULT",null,"com.douyouqu.dyq.framework.quartz.core.handler.JobHandlerInvoker",false,true,true,false,"<[B>"]
2026-06-07 15:22:40.132 | [1;31mERROR 1721739[0;39m | [1;33mmain [TID: N/A][0;39m [1;36m[][0;39m [1;32mc.alibaba.druid.filter.stat.StatFilter  [0;39m [1;35m(StatFilter.java:518)[0;39m 
 slow sql 240 millis. INSERT INTO QRTZ_TRIGGERS (SCHED_NAME, TRIGGER_NAME, TRIGGER_GROUP, JOB_NAME, JOB_GROUP, DESCRIPTION, NEXT_FIRE_TIME, PREV_FIRE_TIME, TRIGGER_STATE, TRIGGER_TYPE, START_TIME, END_TIME, CALENDAR_NAME, MISFIRE_INSTR, JOB_DATA, PRIORITY)  VALUES('schedulerName', ?, ?, ?, ?, ?, ?, ?, ?, ?, ?, ?, ?, ?, ?, ?) ["sandboxInstanceCleanupJob","DEFAULT","sandboxInstanceCleanupJob","DEFAULT",null,1780855200000,-1,"WAITING","CRON",1780816959000,0,null,0,"<[B>",5]
2026-06-07 15:22:40.387 | [1;31mERROR 1721739[0;39m | [1;33mmain [TID: N/A][0;39m [1;36m[][0;39m [1;32mc.alibaba.druid.filter.stat.StatFilter  [0;39m [1;35m(StatFilter.java:518)[0;39m 
 slow sql 254 millis. INSERT INTO QRTZ_CRON_TRIGGERS (SCHED_NAME, TRIGGER_NAME, TRIGGER_GROUP, CRON_EXPRESSION, TIME_ZONE_ID)  VALUES('schedulerName', ?, ?, ?, ?) ["sandboxInstanceCleanupJob","DEFAULT","0 0 2 * * ?","Asia/Shanghai"]
2026-06-07 15:22:40.697 | [1;31mERROR 1721739[0;39m | [1;33mmain [TID: N/A][0;39m [1;36m[][0;39m [1;32mc.alibaba.druid.filter.stat.StatFilter  [0;39m [1;35m(StatFilter.java:518)[0;39m 
 slow sql 254 millis. UPDATE QRTZ_TRIGGERS SET TRIGGER_STATE = ? WHERE SCHED_NAME = 'schedulerName' AND TRIGGER_NAME = ? AND TRIGGER_GROUP = ? ["PAUSED","sandboxInstanceCleanupJob","DEFAULT"]
2026-06-07 15:22:40.697 | [34m INFO 1721739[0;39m | [1;33mmain [TID: N/A][0;39m [1;36m[][0;39m [1;32mc.d.d.m.i.service.job.JobServiceImpl    [0;39m [1;35m(JobServiceImpl.java:185)[0;39m 
 
[syncJob][id(300122) handlerName(sandboxInstanceCleanupJob) 同步完成]
2026-06-07 15:22:41.115 | [1;31mERROR 1721739[0;39m | [1;33mmain [TID: N/A][0;39m [1;36m[][0;39m [1;32mc.alibaba.druid.filter.stat.StatFilter  [0;39m [1;35m(StatFilter.java:518)[0;39m 
 slow sql 397 millis. UPDATE QRTZ_TRIGGERS SET TRIGGER_STATE = ? WHERE SCHED_NAME = 'schedulerName' AND TRIGGER_NAME = ? AND TRIGGER_GROUP = ? ["PAUSED","aigcSubTaskTimeoutJob","DEFAULT"]
2026-06-07 15:22:41.442 | [1;31mERROR 1721739[0;39m | [1;33mmain [TID: N/A][0;39m [1;36m[][0;39m [1;32mc.alibaba.druid.filter.stat.StatFilter  [0;39m [1;35m(StatFilter.java:518)[0;39m 
 slow sql 292 millis. DELETE FROM QRTZ_CRON_TRIGGERS WHERE SCHED_NAME = 'schedulerName' AND TRIGGER_NAME = ? AND TRIGGER_GROUP = ? ["aigcSubTaskTimeoutJob","DEFAULT"]
2026-06-07 15:22:41.715 | [1;31mERROR 1721739[0;39m | [1;33mmain [TID: N/A][0;39m [1;36m[][0;39m [1;32mc.alibaba.druid.filter.stat.StatFilter  [0;39m [1;35m(StatFilter.java:518)[0;39m 
 slow sql 273 millis. DELETE FROM QRTZ_TRIGGERS WHERE SCHED_NAME = 'schedulerName' AND TRIGGER_NAME = ? AND TRIGGER_GROUP = ? ["aigcSubTaskTimeoutJob","DEFAULT"]
2026-06-07 15:22:41.982 | [1;31mERROR 1721739[0;39m | [1;33mmain [TID: N/A][0;39m [1;36m[][0;39m [1;32mc.alibaba.druid.filter.stat.StatFilter  [0;39m [1;35m(StatFilter.java:518)[0;39m 
 slow sql 255 millis. DELETE FROM QRTZ_JOB_DETAILS WHERE SCHED_NAME = 'schedulerName' AND JOB_NAME = ? AND JOB_GROUP = ? ["aigcSubTaskTimeoutJob","DEFAULT"]
2026-06-07 15:22:42.340 | [1;31mERROR 1721739[0;39m | [1;33mmain [TID: N/A][0;39m [1;36m[][0;39m [1;32mc.alibaba.druid.filter.stat.StatFilter  [0;39m [1;35m(StatFilter.java:518)[0;39m 
 slow sql 294 millis. INSERT INTO QRTZ_JOB_DETAILS (SCHED_NAME, JOB_NAME, JOB_GROUP, DESCRIPTION, JOB_CLASS_NAME, IS_DURABLE, IS_NONCONCURRENT, IS_UPDATE_DATA, REQUESTS_RECOVERY, JOB_DATA)  VALUES('schedulerName', ?, ?, ?, ?, ?, ?, ?, ?, ?) ["aigcSubTaskTimeoutJob","DEFAULT",null,"com.douyouqu.dyq.framework.quartz.core.handler.JobHandlerInvoker",false,true,true,false,"<[B>"]
2026-06-07 15:22:42.640 | [1;31mERROR 1721739[0;39m | [1;33mmain [TID: N/A][0;39m [1;36m[][0;39m [1;32mc.alibaba.druid.filter.stat.StatFilter  [0;39m [1;35m(StatFilter.java:518)[0;39m 
 slow sql 257 millis. INSERT INTO QRTZ_TRIGGERS (SCHED_NAME, TRIGGER_NAME, TRIGGER_GROUP, JOB_NAME, JOB_GROUP, DESCRIPTION, NEXT_FIRE_TIME, PREV_FIRE_TIME, TRIGGER_STATE, TRIGGER_TYPE, START_TIME, END_TIME, CALENDAR_NAME, MISFIRE_INSTR, JOB_DATA, PRIORITY)  VALUES('schedulerName', ?, ?, ?, ?, ?, ?, ?, ?, ?, ?, ?, ?, ?, ?, ?) ["aigcSubTaskTimeoutJob","DEFAULT","aigcSubTaskTimeoutJob","DEFAULT",null,1780817100000,-1,"WAITING","CRON",1780816962000,0,null,0,"<[B>",5]
2026-06-07 15:22:42.748 | [1;31mERROR 1721739[0;39m | [1;33mmain [TID: N/A][0;39m [1;36m[][0;39m [1;32mc.alibaba.druid.filter.stat.StatFilter  [0;39m [1;35m(StatFilter.java:518)[0;39m 
 slow sql 107 millis. INSERT INTO QRTZ_CRON_TRIGGERS (SCHED_NAME, TRIGGER_NAME, TRIGGER_GROUP, CRON_EXPRESSION, TIME_ZONE_ID)  VALUES('schedulerName', ?, ?, ?, ?) ["aigcSubTaskTimeoutJob","DEFAULT","0 */5 * * * ?","Asia/Shanghai"]
2026-06-07 15:22:43.023 | [1;31mERROR 1721739[0;39m | [1;33mmain [TID: N/A][0;39m [1;36m[][0;39m [1;32mc.alibaba.druid.filter.stat.StatFilter  [0;39m [1;35m(StatFilter.java:518)[0;39m 
 slow sql 221 millis. UPDATE QRTZ_TRIGGERS SET TRIGGER_STATE = ? WHERE SCHED_NAME = 'schedulerName' AND TRIGGER_NAME = ? AND TRIGGER_GROUP = ? ["PAUSED","aigcSubTaskTimeoutJob","DEFAULT"]
2026-06-07 15:22:43.024 | [34m INFO 1721739[0;39m | [1;33mmain [TID: N/A][0;39m [1;36m[][0;39m [1;32mc.d.d.m.i.service.job.JobServiceImpl    [0;39m [1;35m(JobServiceImpl.java:185)[0;39m 
 
[syncJob][id(300130) handlerName(aigcSubTaskTimeoutJob) 同步完成]
2026-06-07 15:22:43.332 | [1;31mERROR 1721739[0;39m | [1;33mmain [TID: N/A][0;39m [1;36m[][0;39m [1;32mc.alibaba.druid.filter.stat.StatFilter  [0;39m [1;35m(StatFilter.java:518)[0;39m 
 slow sql 253 millis. DELETE FROM QRTZ_CRON_TRIGGERS WHERE SCHED_NAME = 'schedulerName' AND TRIGGER_NAME = ? AND TRIGGER_GROUP = ? ["aiComfyuiHealthCheckJob","DEFAULT"]
2026-06-07 15:22:43.565 | [1;31mERROR 1721739[0;39m | [1;33mmain [TID: N/A][0;39m [1;36m[][0;39m [1;32mc.alibaba.druid.filter.stat.StatFilter  [0;39m [1;35m(StatFilter.java:518)[0;39m 
 slow sql 232 millis. DELETE FROM QRTZ_TRIGGERS WHERE SCHED_NAME = 'schedulerName' AND TRIGGER_NAME = ? AND TRIGGER_GROUP = ? ["aiComfyuiHealthCheckJob","DEFAULT"]
2026-06-07 15:22:43.748 | [1;31mERROR 1721739[0;39m | [1;33mmain [TID: N/A][0;39m [1;36m[][0;39m [1;32mc.alibaba.druid.filter.stat.StatFilter  [0;39m [1;35m(StatFilter.java:518)[0;39m 
 slow sql 171 millis. DELETE FROM QRTZ_JOB_DETAILS WHERE SCHED_NAME = 'schedulerName' AND JOB_NAME = ? AND JOB_GROUP = ? ["aiComfyuiHealthCheckJob","DEFAULT"]
2026-06-07 15:22:44.031 | [1;31mERROR 1721739[0;39m | [1;33mmain [TID: N/A][0;39m [1;36m[][0;39m [1;32mc.alibaba.druid.filter.stat.StatFilter  [0;39m [1;35m(StatFilter.java:518)[0;39m 
 slow sql 218 millis. INSERT INTO QRTZ_JOB_DETAILS (SCHED_NAME, JOB_NAME, JOB_GROUP, DESCRIPTION, JOB_CLASS_NAME, IS_DURABLE, IS_NONCONCURRENT, IS_UPDATE_DATA, REQUESTS_RECOVERY, JOB_DATA)  VALUES('schedulerName', ?, ?, ?, ?, ?, ?, ?, ?, ?) ["aiComfyuiHealthCheckJob","DEFAULT",null,"com.douyouqu.dyq.framework.quartz.core.handler.JobHandlerInvoker",false,true,true,false,"<[B>"]
2026-06-07 15:22:44.315 | [1;31mERROR 1721739[0;39m | [1;33mmain [TID: N/A][0;39m [1;36m[][0;39m [1;32mc.alibaba.druid.filter.stat.StatFilter  [0;39m [1;35m(StatFilter.java:518)[0;39m 
 slow sql 240 millis. INSERT INTO QRTZ_TRIGGERS (SCHED_NAME, TRIGGER_NAME, TRIGGER_GROUP, JOB_NAME, JOB_GROUP, DESCRIPTION, NEXT_FIRE_TIME, PREV_FIRE_TIME, TRIGGER_STATE, TRIGGER_TYPE, START_TIME, END_TIME, CALENDAR_NAME, MISFIRE_INSTR, JOB_DATA, PRIORITY)  VALUES('schedulerName', ?, ?, ?, ?, ?, ?, ?, ?, ?, ?, ?, ?, ?, ?, ?) ["aiComfyuiHealthCheckJob","DEFAULT","aiComfyuiHealthCheckJob","DEFAULT",null,1780816980000,-1,"WAITING","CRON",1780816963000,0,null,0,"<[B>",5]
2026-06-07 15:22:44.548 | [1;31mERROR 1721739[0;39m | [1;33mmain [TID: N/A][0;39m [1;36m[][0;39m [1;32mc.alibaba.druid.filter.stat.StatFilter  [0;39m [1;35m(StatFilter.java:518)[0;39m 
 slow sql 232 millis. INSERT INTO QRTZ_CRON_TRIGGERS (SCHED_NAME, TRIGGER_NAME, TRIGGER_GROUP, CRON_EXPRESSION, TIME_ZONE_ID)  VALUES('schedulerName', ?, ?, ?, ?) ["aiComfyuiHealthCheckJob","DEFAULT","0 * * * * ?","Asia/Shanghai"]
2026-06-07 15:22:44.873 | [1;31mERROR 1721739[0;39m | [1;33mmain [TID: N/A][0;39m [1;36m[][0;39m [1;32mc.alibaba.druid.filter.stat.StatFilter  [0;39m [1;35m(StatFilter.java:518)[0;39m 
 slow sql 271 millis. UPDATE QRTZ_TRIGGERS SET TRIGGER_STATE = ? WHERE SCHED_NAME = 'schedulerName' AND TRIGGER_NAME = ? AND TRIGGER_GROUP = ? ["PAUSED","aiComfyuiHealthCheckJob","DEFAULT"]
2026-06-07 15:22:44.873 | [34m INFO 1721739[0;39m | [1;33mmain [TID: N/A][0;39m [1;36m[][0;39m [1;32mc.d.d.m.i.service.job.JobServiceImpl    [0;39m [1;35m(JobServiceImpl.java:185)[0;39m 
 
[syncJob][id(300131) handlerName(aiComfyuiHealthCheckJob) 同步完成]
2026-06-07 15:22:45.123 | [1;31mERROR 1721739[0;39m | [1;33mmain [TID: N/A][0;39m [1;36m[][0;39m [1;32mc.alibaba.druid.filter.stat.StatFilter  [0;39m [1;35m(StatFilter.java:518)[0;39m 
 slow sql 228 millis. UPDATE QRTZ_TRIGGERS SET TRIGGER_STATE = ? WHERE SCHED_NAME = 'schedulerName' AND TRIGGER_NAME = ? AND TRIGGER_GROUP = ? ["PAUSED","infraStatsPersistJob","DEFAULT"]
2026-06-07 15:22:45.356 | [1;31mERROR 1721739[0;39m | [1;33mmain [TID: N/A][0;39m [1;36m[][0;39m [1;32mc.alibaba.druid.filter.stat.StatFilter  [0;39m [1;35m(StatFilter.java:518)[0;39m 
 slow sql 200 millis. DELETE FROM QRTZ_CRON_TRIGGERS WHERE SCHED_NAME = 'schedulerName' AND TRIGGER_NAME = ? AND TRIGGER_GROUP = ? ["infraStatsPersistJob","DEFAULT"]
2026-06-07 15:22:45.656 | [1;31mERROR 1721739[0;39m | [1;33mmain [TID: N/A][0;39m [1;36m[][0;39m [1;32mc.alibaba.druid.filter.stat.StatFilter  [0;39m [1;35m(StatFilter.java:518)[0;39m 
 slow sql 299 millis. DELETE FROM QRTZ_TRIGGERS WHERE SCHED_NAME = 'schedulerName' AND TRIGGER_NAME = ? AND TRIGGER_GROUP = ? ["infraStatsPersistJob","DEFAULT"]
2026-06-07 15:22:45.806 | [1;31mERROR 1721739[0;39m | [1;33mmain [TID: N/A][0;39m [1;36m[][0;39m [1;32mc.alibaba.druid.filter.stat.StatFilter  [0;39m [1;35m(StatFilter.java:518)[0;39m 
 slow sql 138 millis. DELETE FROM QRTZ_JOB_DETAILS WHERE SCHED_NAME = 'schedulerName' AND JOB_NAME = ? AND JOB_GROUP = ? ["infraStatsPersistJob","DEFAULT"]
2026-06-07 15:22:46.077 | [1;31mERROR 1721739[0;39m | [1;33mmain [TID: N/A][0;39m [1;36m[][0;39m [1;32mc.alibaba.druid.filter.stat.StatFilter  [0;39m [1;35m(StatFilter.java:518)[0;39m 
 slow sql 207 millis. INSERT INTO QRTZ_JOB_DETAILS (SCHED_NAME, JOB_NAME, JOB_GROUP, DESCRIPTION, JOB_CLASS_NAME, IS_DURABLE, IS_NONCONCURRENT, IS_UPDATE_DATA, REQUESTS_RECOVERY, JOB_DATA)  VALUES('schedulerName', ?, ?, ?, ?, ?, ?, ?, ?, ?) ["infraStatsPersistJob","DEFAULT",null,"com.douyouqu.dyq.framework.quartz.core.handler.JobHandlerInvoker",false,true,true,false,"<[B>"]
2026-06-07 15:22:46.314 | [1;31mERROR 1721739[0;39m | [1;33mmain [TID: N/A][0;39m [1;36m[][0;39m [1;32mc.alibaba.druid.filter.stat.StatFilter  [0;39m [1;35m(StatFilter.java:518)[0;39m 
 slow sql 193 millis. INSERT INTO QRTZ_TRIGGERS (SCHED_NAME, TRIGGER_NAME, TRIGGER_GROUP, JOB_NAME, JOB_GROUP, DESCRIPTION, NEXT_FIRE_TIME, PREV_FIRE_TIME, TRIGGER_STATE, TRIGGER_TYPE, START_TIME, END_TIME, CALENDAR_NAME, MISFIRE_INSTR, JOB_DATA, PRIORITY)  VALUES('schedulerName', ?, ?, ?, ?, ?, ?, ?, ?, ?, ?, ?, ?, ?, ?, ?) ["infraStatsPersistJob","DEFAULT","infraStatsPersistJob","DEFAULT",null,1780817100000,-1,"WAITING","CRON",1780816965000,0,null,0,"<[B>",5]
2026-06-07 15:22:46.736 | [1;31mERROR 1721739[0;39m | [1;33mmain [TID: N/A][0;39m [1;36m[][0;39m [1;32mc.alibaba.druid.filter.stat.StatFilter  [0;39m [1;35m(StatFilter.java:518)[0;39m 
 slow sql 421 millis. INSERT INTO QRTZ_CRON_TRIGGERS (SCHED_NAME, TRIGGER_NAME, TRIGGER_GROUP, CRON_EXPRESSION, TIME_ZONE_ID)  VALUES('schedulerName', ?, ?, ?, ?) ["infraStatsPersistJob","DEFAULT","0 */5 * * * ?","Asia/Shanghai"]
2026-06-07 15:22:47.024 | [1;31mERROR 1721739[0;39m | [1;33mmain [TID: N/A][0;39m [1;36m[][0;39m [1;32mc.alibaba.druid.filter.stat.StatFilter  [0;39m [1;35m(StatFilter.java:518)[0;39m 
 slow sql 234 millis. UPDATE QRTZ_TRIGGERS SET TRIGGER_STATE = ? WHERE SCHED_NAME = 'schedulerName' AND TRIGGER_NAME = ? AND TRIGGER_GROUP = ? ["PAUSED","infraStatsPersistJob","DEFAULT"]
2026-06-07 15:22:47.025 | [34m INFO 1721739[0;39m | [1;33mmain [TID: N/A][0;39m [1;36m[][0;39m [1;32mc.d.d.m.i.service.job.JobServiceImpl    [0;39m [1;35m(JobServiceImpl.java:185)[0;39m 
 
[syncJob][id(300140) handlerName(infraStatsPersistJob) 同步完成]
2026-06-07 15:22:47.352 | [1;31mERROR 1721739[0;39m | [1;33mmain [TID: N/A][0;39m [1;36m[][0;39m [1;32mc.alibaba.druid.filter.stat.StatFilter  [0;39m [1;35m(StatFilter.java:518)[0;39m 
 slow sql 274 millis. DELETE FROM QRTZ_CRON_TRIGGERS WHERE SCHED_NAME = 'schedulerName' AND TRIGGER_NAME = ? AND TRIGGER_GROUP = ? ["infraStatsCalibrationJob","DEFAULT"]
2026-06-07 15:22:47.539 | [1;31mERROR 1721739[0;39m | [1;33mmain [TID: N/A][0;39m [1;36m[][0;39m [1;32mc.alibaba.druid.filter.stat.StatFilter  [0;39m [1;35m(StatFilter.java:518)[0;39m 
 slow sql 185 millis. DELETE FROM QRTZ_TRIGGERS WHERE SCHED_NAME = 'schedulerName' AND TRIGGER_NAME = ? AND TRIGGER_GROUP = ? ["infraStatsCalibrationJob","DEFAULT"]
2026-06-07 15:22:47.822 | [1;31mERROR 1721739[0;39m | [1;33mmain [TID: N/A][0;39m [1;36m[][0;39m [1;32mc.alibaba.druid.filter.stat.StatFilter  [0;39m [1;35m(StatFilter.java:518)[0;39m 
 slow sql 271 millis. DELETE FROM QRTZ_JOB_DETAILS WHERE SCHED_NAME = 'schedulerName' AND JOB_NAME = ? AND JOB_GROUP = ? ["infraStatsCalibrationJob","DEFAULT"]
2026-06-07 15:22:48.164 | [1;31mERROR 1721739[0;39m | [1;33mmain [TID: N/A][0;39m [1;36m[][0;39m [1;32mc.alibaba.druid.filter.stat.StatFilter  [0;39m [1;35m(StatFilter.java:518)[0;39m 
 slow sql 278 millis. INSERT INTO QRTZ_JOB_DETAILS (SCHED_NAME, JOB_NAME, JOB_GROUP, DESCRIPTION, JOB_CLASS_NAME, IS_DURABLE, IS_NONCONCURRENT, IS_UPDATE_DATA, REQUESTS_RECOVERY, JOB_DATA)  VALUES('schedulerName', ?, ?, ?, ?, ?, ?, ?, ?, ?) ["infraStatsCalibrationJob","DEFAULT",null,"com.douyouqu.dyq.framework.quartz.core.handler.JobHandlerInvoker",false,true,true,false,"<[B>"]
2026-06-07 15:22:48.505 | [1;31mERROR 1721739[0;39m | [1;33mmain [TID: N/A][0;39m [1;36m[][0;39m [1;32mc.alibaba.druid.filter.stat.StatFilter  [0;39m [1;35m(StatFilter.java:518)[0;39m 
 slow sql 299 millis. INSERT INTO QRTZ_TRIGGERS (SCHED_NAME, TRIGGER_NAME, TRIGGER_GROUP, JOB_NAME, JOB_GROUP, DESCRIPTION, NEXT_FIRE_TIME, PREV_FIRE_TIME, TRIGGER_STATE, TRIGGER_TYPE, START_TIME, END_TIME, CALENDAR_NAME, MISFIRE_INSTR, JOB_DATA, PRIORITY)  VALUES('schedulerName', ?, ?, ?, ?, ?, ?, ?, ?, ?, ?, ?, ?, ?, ?, ?) ["infraStatsCalibrationJob","DEFAULT","infraStatsCalibrationJob","DEFAULT",null,1780819200000,-1,"WAITING","CRON",1780816967000,0,null,0,"<[B>",5]
2026-06-07 15:22:48.780 | [1;31mERROR 1721739[0;39m | [1;33mmain [TID: N/A][0;39m [1;36m[][0;39m [1;32mc.alibaba.druid.filter.stat.StatFilter  [0;39m [1;35m(StatFilter.java:518)[0;39m 
 slow sql 274 millis. INSERT INTO QRTZ_CRON_TRIGGERS (SCHED_NAME, TRIGGER_NAME, TRIGGER_GROUP, CRON_EXPRESSION, TIME_ZONE_ID)  VALUES('schedulerName', ?, ?, ?, ?) ["infraStatsCalibrationJob","DEFAULT","0 0 * * * ?","Asia/Shanghai"]
2026-06-07 15:22:49.080 | [1;31mERROR 1721739[0;39m | [1;33mmain [TID: N/A][0;39m [1;36m[][0;39m [1;32mc.alibaba.druid.filter.stat.StatFilter  [0;39m [1;35m(StatFilter.java:518)[0;39m 
 slow sql 245 millis. UPDATE QRTZ_TRIGGERS SET TRIGGER_STATE = ? WHERE SCHED_NAME = 'schedulerName' AND TRIGGER_NAME = ? AND TRIGGER_GROUP = ? ["PAUSED","infraStatsCalibrationJob","DEFAULT"]
2026-06-07 15:22:49.081 | [34m INFO 1721739[0;39m | [1;33mmain [TID: N/A][0;39m [1;36m[][0;39m [1;32mc.d.d.m.i.service.job.JobServiceImpl    [0;39m [1;35m(JobServiceImpl.java:185)[0;39m 
 
[syncJob][id(300141) handlerName(infraStatsCalibrationJob) 同步完成]
2026-06-07 15:22:49.380 | [1;31mERROR 1721739[0;39m | [1;33mmain [TID: N/A][0;39m [1;36m[][0;39m [1;32mc.alibaba.druid.filter.stat.StatFilter  [0;39m [1;35m(StatFilter.java:518)[0;39m 
 slow sql 277 millis. UPDATE QRTZ_TRIGGERS SET TRIGGER_STATE = ? WHERE SCHED_NAME = 'schedulerName' AND TRIGGER_NAME = ? AND TRIGGER_GROUP = ? ["PAUSED","fileRecycleCleanupJob","DEFAULT"]
2026-06-07 15:22:49.705 | [1;31mERROR 1721739[0;39m | [1;33mmain [TID: N/A][0;39m [1;36m[][0;39m [1;32mc.alibaba.druid.filter.stat.StatFilter  [0;39m [1;35m(StatFilter.java:518)[0;39m 
 slow sql 292 millis. DELETE FROM QRTZ_CRON_TRIGGERS WHERE SCHED_NAME = 'schedulerName' AND TRIGGER_NAME = ? AND TRIGGER_GROUP = ? ["fileRecycleCleanupJob","DEFAULT"]
2026-06-07 15:22:49.905 | [1;31mERROR 1721739[0;39m | [1;33mmain [TID: N/A][0;39m [1;36m[][0;39m [1;32mc.alibaba.druid.filter.stat.StatFilter  [0;39m [1;35m(StatFilter.java:518)[0;39m 
 slow sql 199 millis. DELETE FROM QRTZ_TRIGGERS WHERE SCHED_NAME = 'schedulerName' AND TRIGGER_NAME = ? AND TRIGGER_GROUP = ? ["fileRecycleCleanupJob","DEFAULT"]
2026-06-07 15:22:50.111 | [1;31mERROR 1721739[0;39m | [1;33mmain [TID: N/A][0;39m [1;36m[][0;39m [1;32mc.alibaba.druid.filter.stat.StatFilter  [0;39m [1;35m(StatFilter.java:518)[0;39m 
 slow sql 194 millis. DELETE FROM QRTZ_JOB_DETAILS WHERE SCHED_NAME = 'schedulerName' AND JOB_NAME = ? AND JOB_GROUP = ? ["fileRecycleCleanupJob","DEFAULT"]
2026-06-07 15:22:50.471 | [1;31mERROR 1721739[0;39m | [1;33mmain [TID: N/A][0;39m [1;36m[][0;39m [1;32mc.alibaba.druid.filter.stat.StatFilter  [0;39m [1;35m(StatFilter.java:518)[0;39m 
 slow sql 295 millis. INSERT INTO QRTZ_JOB_DETAILS (SCHED_NAME, JOB_NAME, JOB_GROUP, DESCRIPTION, JOB_CLASS_NAME, IS_DURABLE, IS_NONCONCURRENT, IS_UPDATE_DATA, REQUESTS_RECOVERY, JOB_DATA)  VALUES('schedulerName', ?, ?, ?, ?, ?, ?, ?, ?, ?) ["fileRecycleCleanupJob","DEFAULT",null,"com.douyouqu.dyq.framework.quartz.core.handler.JobHandlerInvoker",false,true,true,false,"<[B>"]
2026-06-07 15:22:50.763 | [1;31mERROR 1721739[0;39m | [1;33mmain [TID: N/A][0;39m [1;36m[][0;39m [1;32mc.alibaba.druid.filter.stat.StatFilter  [0;39m [1;35m(StatFilter.java:518)[0;39m 
 slow sql 249 millis. INSERT INTO QRTZ_TRIGGERS (SCHED_NAME, TRIGGER_NAME, TRIGGER_GROUP, JOB_NAME, JOB_GROUP, DESCRIPTION, NEXT_FIRE_TIME, PREV_FIRE_TIME, TRIGGER_STATE, TRIGGER_TYPE, START_TIME, END_TIME, CALENDAR_NAME, MISFIRE_INSTR, JOB_DATA, PRIORITY)  VALUES('schedulerName', ?, ?, ?, ?, ?, ?, ?, ?, ?, ?, ?, ?, ?, ?, ?) ["fileRecycleCleanupJob","DEFAULT","fileRecycleCleanupJob","DEFAULT",null,1780855200000,-1,"WAITING","CRON",1780816970000,0,null,0,"<[B>",5]
2026-06-07 15:22:51.111 | [1;31mERROR 1721739[0;39m | [1;33mmain [TID: N/A][0;39m [1;36m[][0;39m [1;32mc.alibaba.druid.filter.stat.StatFilter  [0;39m [1;35m(StatFilter.java:518)[0;39m 
 slow sql 347 millis. INSERT INTO QRTZ_CRON_TRIGGERS (SCHED_NAME, TRIGGER_NAME, TRIGGER_GROUP, CRON_EXPRESSION, TIME_ZONE_ID)  VALUES('schedulerName', ?, ?, ?, ?) ["fileRecycleCleanupJob","DEFAULT","0 0 2 * * ?","Asia/Shanghai"]
2026-06-07 15:22:51.112 | [34m INFO 1721739[0;39m | [1;33mmain [TID: N/A][0;39m [1;36m[][0;39m [1;32mc.d.d.m.i.service.job.JobServiceImpl    [0;39m [1;35m(JobServiceImpl.java:185)[0;39m 
 
[syncJob][id(300142) handlerName(fileRecycleCleanupJob) 同步完成]
2026-06-07 15:22:51.371 | [1;31mERROR 1721739[0;39m | [1;33mmain [TID: N/A][0;39m [1;36m[][0;39m [1;32mc.alibaba.druid.filter.stat.StatFilter  [0;39m [1;35m(StatFilter.java:518)[0;39m 
 slow sql 237 millis. UPDATE QRTZ_TRIGGERS SET TRIGGER_STATE = ? WHERE SCHED_NAME = 'schedulerName' AND TRIGGER_NAME = ? AND TRIGGER_GROUP = ? ["PAUSED","recordLogCleanJob","DEFAULT"]
2026-06-07 15:22:51.696 | [1;31mERROR 1721739[0;39m | [1;33mmain [TID: N/A][0;39m [1;36m[][0;39m [1;32mc.alibaba.druid.filter.stat.StatFilter  [0;39m [1;35m(StatFilter.java:518)[0;39m 
 slow sql 291 millis. DELETE FROM QRTZ_CRON_TRIGGERS WHERE SCHED_NAME = 'schedulerName' AND TRIGGER_NAME = ? AND TRIGGER_GROUP = ? ["recordLogCleanJob","DEFAULT"]
2026-06-07 15:22:51.855 | [1;31mERROR 1721739[0;39m | [1;33mmain [TID: N/A][0;39m [1;36m[][0;39m [1;32mc.alibaba.druid.filter.stat.StatFilter  [0;39m [1;35m(StatFilter.java:518)[0;39m 
 slow sql 158 millis. DELETE FROM QRTZ_TRIGGERS WHERE SCHED_NAME = 'schedulerName' AND TRIGGER_NAME = ? AND TRIGGER_GROUP = ? ["recordLogCleanJob","DEFAULT"]
2026-06-07 15:22:52.154 | [1;31mERROR 1721739[0;39m | [1;33mmain [TID: N/A][0;39m [1;36m[][0;39m [1;32mc.alibaba.druid.filter.stat.StatFilter  [0;39m [1;35m(StatFilter.java:518)[0;39m 
 slow sql 287 millis. DELETE FROM QRTZ_JOB_DETAILS WHERE SCHED_NAME = 'schedulerName' AND JOB_NAME = ? AND JOB_GROUP = ? ["recordLogCleanJob","DEFAULT"]
2026-06-07 15:22:52.471 | [1;31mERROR 1721739[0;39m | [1;33mmain [TID: N/A][0;39m [1;36m[][0;39m [1;32mc.alibaba.druid.filter.stat.StatFilter  [0;39m [1;35m(StatFilter.java:518)[0;39m 
 slow sql 252 millis. INSERT INTO QRTZ_JOB_DETAILS (SCHED_NAME, JOB_NAME, JOB_GROUP, DESCRIPTION, JOB_CLASS_NAME, IS_DURABLE, IS_NONCONCURRENT, IS_UPDATE_DATA, REQUESTS_RECOVERY, JOB_DATA)  VALUES('schedulerName', ?, ?, ?, ?, ?, ?, ?, ?, ?) ["recordLogCleanJob","DEFAULT",null,"com.douyouqu.dyq.framework.quartz.core.handler.JobHandlerInvoker",false,true,true,false,"<[B>"]
2026-06-07 15:22:52.759 | [1;31mERROR 1721739[0;39m | [1;33mmain [TID: N/A][0;39m [1;36m[][0;39m [1;32mc.alibaba.druid.filter.stat.StatFilter  [0;39m [1;35m(StatFilter.java:518)[0;39m 
 slow sql 244 millis. INSERT INTO QRTZ_TRIGGERS (SCHED_NAME, TRIGGER_NAME, TRIGGER_GROUP, JOB_NAME, JOB_GROUP, DESCRIPTION, NEXT_FIRE_TIME, PREV_FIRE_TIME, TRIGGER_STATE, TRIGGER_TYPE, START_TIME, END_TIME, CALENDAR_NAME, MISFIRE_INSTR, JOB_DATA, PRIORITY)  VALUES('schedulerName', ?, ?, ?, ?, ?, ?, ?, ?, ?, ?, ?, ?, ?, ?, ?) ["recordLogCleanJob","DEFAULT","recordLogCleanJob","DEFAULT",null,1780855200000,-1,"WAITING","CRON",1780816972000,0,null,0,"<[B>",5]
2026-06-07 15:22:52.954 | [1;31mERROR 1721739[0;39m | [1;33mmain [TID: N/A][0;39m [1;36m[][0;39m [1;32mc.alibaba.druid.filter.stat.StatFilter  [0;39m [1;35m(StatFilter.java:518)[0;39m 
 slow sql 194 millis. INSERT INTO QRTZ_CRON_TRIGGERS (SCHED_NAME, TRIGGER_NAME, TRIGGER_GROUP, CRON_EXPRESSION, TIME_ZONE_ID)  VALUES('schedulerName', ?, ?, ?, ?) ["recordLogCleanJob","DEFAULT","0 0 2 * * ?","Asia/Shanghai"]
2026-06-07 15:22:52.955 | [34m INFO 1721739[0;39m | [1;33mmain [TID: N/A][0;39m [1;36m[][0;39m [1;32mc.d.d.m.i.service.job.JobServiceImpl    [0;39m [1;35m(JobServiceImpl.java:185)[0;39m 
 
[syncJob][id(300143) handlerName(recordLogCleanJob) 同步完成]
2026-06-07 15:22:53.362 | [1;31mERROR 1721739[0;39m | [1;33mmain [TID: N/A][0;39m [1;36m[][0;39m [1;32mc.alibaba.druid.filter.stat.StatFilter  [0;39m [1;35m(StatFilter.java:518)[0;39m 
 slow sql 355 millis. DELETE FROM QRTZ_CRON_TRIGGERS WHERE SCHED_NAME = 'schedulerName' AND TRIGGER_NAME = ? AND TRIGGER_GROUP = ? ["accessLogCleanJob","DEFAULT"]
2026-06-07 15:22:53.775 | [1;31mERROR 1721739[0;39m | [1;33mmain [TID: N/A][0;39m [1;36m[][0;39m [1;32mc.alibaba.druid.filter.stat.StatFilter  [0;39m [1;35m(StatFilter.java:518)[0;39m 
 slow sql 412 millis. DELETE FROM QRTZ_TRIGGERS WHERE SCHED_NAME = 'schedulerName' AND TRIGGER_NAME = ? AND TRIGGER_GROUP = ? ["accessLogCleanJob","DEFAULT"]
2026-06-07 15:22:54.121 | [1;31mERROR 1721739[0;39m | [1;33mmain [TID: N/A][0;39m [1;36m[][0;39m [1;32mc.alibaba.druid.filter.stat.StatFilter  [0;39m [1;35m(StatFilter.java:518)[0;39m 
 slow sql 333 millis. DELETE FROM QRTZ_JOB_DETAILS WHERE SCHED_NAME = 'schedulerName' AND JOB_NAME = ? AND JOB_GROUP = ? ["accessLogCleanJob","DEFAULT"]
2026-06-07 15:22:54.579 | [1;31mERROR 1721739[0;39m | [1;33mmain [TID: N/A][0;39m [1;36m[][0;39m [1;32mc.alibaba.druid.filter.stat.StatFilter  [0;39m [1;35m(StatFilter.java:518)[0;39m 
 slow sql 393 millis. INSERT INTO QRTZ_JOB_DETAILS (SCHED_NAME, JOB_NAME, JOB_GROUP, DESCRIPTION, JOB_CLASS_NAME, IS_DURABLE, IS_NONCONCURRENT, IS_UPDATE_DATA, REQUESTS_RECOVERY, JOB_DATA)  VALUES('schedulerName', ?, ?, ?, ?, ?, ?, ?, ?, ?) ["accessLogCleanJob","DEFAULT",null,"com.douyouqu.dyq.framework.quartz.core.handler.JobHandlerInvoker",false,true,true,false,"<[B>"]
2026-06-07 15:22:54.929 | [1;31mERROR 1721739[0;39m | [1;33mmain [TID: N/A][0;39m [1;36m[][0;39m [1;32mc.alibaba.druid.filter.stat.StatFilter  [0;39m [1;35m(StatFilter.java:518)[0;39m 
 slow sql 305 millis. INSERT INTO QRTZ_TRIGGERS (SCHED_NAME, TRIGGER_NAME, TRIGGER_GROUP, JOB_NAME, JOB_GROUP, DESCRIPTION, NEXT_FIRE_TIME, PREV_FIRE_TIME, TRIGGER_STATE, TRIGGER_TYPE, START_TIME, END_TIME, CALENDAR_NAME, MISFIRE_INSTR, JOB_DATA, PRIORITY)  VALUES('schedulerName', ?, ?, ?, ?, ?, ?, ?, ?, ?, ?, ?, ?, ?, ?, ?) ["accessLogCleanJob","DEFAULT","accessLogCleanJob","DEFAULT",null,1780855200000,-1,"WAITING","CRON",1780816974000,0,null,0,"<[B>",5]
2026-06-07 15:22:55.345 | [1;31mERROR 1721739[0;39m | [1;33mmain [TID: N/A][0;39m [1;36m[][0;39m [1;32mc.alibaba.druid.filter.stat.StatFilter  [0;39m [1;35m(StatFilter.java:518)[0;39m 
 slow sql 415 millis. INSERT INTO QRTZ_CRON_TRIGGERS (SCHED_NAME, TRIGGER_NAME, TRIGGER_GROUP, CRON_EXPRESSION, TIME_ZONE_ID)  VALUES('schedulerName', ?, ?, ?, ?) ["accessLogCleanJob","DEFAULT","0 0 2 * * ?","Asia/Shanghai"]
2026-06-07 15:22:55.346 | [34m INFO 1721739[0;39m | [1;33mmain [TID: N/A][0;39m [1;36m[][0;39m [1;32mc.d.d.m.i.service.job.JobServiceImpl    [0;39m [1;35m(JobServiceImpl.java:185)[0;39m 
 
[syncJob][id(300144) handlerName(accessLogCleanJob) 同步完成]
2026-06-07 15:22:55.842 | [1;31mERROR 1721739[0;39m | [1;33mmain [TID: N/A][0;39m [1;36m[][0;39m [1;32mc.alibaba.druid.filter.stat.StatFilter  [0;39m [1;35m(StatFilter.java:518)[0;39m 
 slow sql 444 millis. DELETE FROM QRTZ_CRON_TRIGGERS WHERE SCHED_NAME = 'schedulerName' AND TRIGGER_NAME = ? AND TRIGGER_GROUP = ? ["errorLogCleanJob","DEFAULT"]
2026-06-07 15:22:56.300 | [1;31mERROR 1721739[0;39m | [1;33mmain [TID: N/A][0;39m [1;36m[][0;39m [1;32mc.alibaba.druid.filter.stat.StatFilter  [0;39m [1;35m(StatFilter.java:518)[0;39m 
 slow sql 457 millis. DELETE FROM QRTZ_TRIGGERS WHERE SCHED_NAME = 'schedulerName' AND TRIGGER_NAME = ? AND TRIGGER_GROUP = ? ["errorLogCleanJob","DEFAULT"]
2026-06-07 15:22:56.650 | [1;31mERROR 1721739[0;39m | [1;33mmain [TID: N/A][0;39m [1;36m[][0;39m [1;32mc.alibaba.druid.filter.stat.StatFilter  [0;39m [1;35m(StatFilter.java:518)[0;39m 
 slow sql 338 millis. DELETE FROM QRTZ_JOB_DETAILS WHERE SCHED_NAME = 'schedulerName' AND JOB_NAME = ? AND JOB_GROUP = ? ["errorLogCleanJob","DEFAULT"]
2026-06-07 15:22:56.946 | [1;31mERROR 1721739[0;39m | [1;33mmain [TID: N/A][0;39m [1;36m[][0;39m [1;32mc.alibaba.druid.filter.stat.StatFilter  [0;39m [1;35m(StatFilter.java:518)[0;39m 
 slow sql 233 millis. INSERT INTO QRTZ_JOB_DETAILS (SCHED_NAME, JOB_NAME, JOB_GROUP, DESCRIPTION, JOB_CLASS_NAME, IS_DURABLE, IS_NONCONCURRENT, IS_UPDATE_DATA, REQUESTS_RECOVERY, JOB_DATA)  VALUES('schedulerName', ?, ?, ?, ?, ?, ?, ?, ?, ?) ["errorLogCleanJob","DEFAULT",null,"com.douyouqu.dyq.framework.quartz.core.handler.JobHandlerInvoker",false,true,true,false,"<[B>"]
2026-06-07 15:22:57.271 | [1;31mERROR 1721739[0;39m | [1;33mmain [TID: N/A][0;39m [1;36m[][0;39m [1;32mc.alibaba.druid.filter.stat.StatFilter  [0;39m [1;35m(StatFilter.java:518)[0;39m 
 slow sql 282 millis. INSERT INTO QRTZ_TRIGGERS (SCHED_NAME, TRIGGER_NAME, TRIGGER_GROUP, JOB_NAME, JOB_GROUP, DESCRIPTION, NEXT_FIRE_TIME, PREV_FIRE_TIME, TRIGGER_STATE, TRIGGER_TYPE, START_TIME, END_TIME, CALENDAR_NAME, MISFIRE_INSTR, JOB_DATA, PRIORITY)  VALUES('schedulerName', ?, ?, ?, ?, ?, ?, ?, ?, ?, ?, ?, ?, ?, ?, ?) ["errorLogCleanJob","DEFAULT","errorLogCleanJob","DEFAULT",null,1780855200000,-1,"WAITING","CRON",1780816976000,0,null,0,"<[B>",5]
2026-06-07 15:22:57.620 | [1;31mERROR 1721739[0;39m | [1;33mmain [TID: N/A][0;39m [1;36m[][0;39m [1;32mc.alibaba.druid.filter.stat.StatFilter  [0;39m [1;35m(StatFilter.java:518)[0;39m 
 slow sql 348 millis. INSERT INTO QRTZ_CRON_TRIGGERS (SCHED_NAME, TRIGGER_NAME, TRIGGER_GROUP, CRON_EXPRESSION, TIME_ZONE_ID)  VALUES('schedulerName', ?, ?, ?, ?) ["errorLogCleanJob","DEFAULT","0 0 2 * * ?","Asia/Shanghai"]
2026-06-07 15:22:57.621 | [34m INFO 1721739[0;39m | [1;33mmain [TID: N/A][0;39m [1;36m[][0;39m [1;32mc.d.d.m.i.service.job.JobServiceImpl    [0;39m [1;35m(JobServiceImpl.java:185)[0;39m 
 
[syncJob][id(300145) handlerName(errorLogCleanJob) 同步完成]
2026-06-07 15:22:57.920 | [1;31mERROR 1721739[0;39m | [1;33mmain [TID: N/A][0;39m [1;36m[][0;39m [1;32mc.alibaba.druid.filter.stat.StatFilter  [0;39m [1;35m(StatFilter.java:518)[0;39m 
 slow sql 245 millis. DELETE FROM QRTZ_CRON_TRIGGERS WHERE SCHED_NAME = 'schedulerName' AND TRIGGER_NAME = ? AND TRIGGER_GROUP = ? ["liveStreamProcessorJob","DEFAULT"]
2026-06-07 15:22:58.096 | [1;31mERROR 1721739[0;39m | [1;33mmain [TID: N/A][0;39m [1;36m[][0;39m [1;32mc.alibaba.druid.filter.stat.StatFilter  [0;39m [1;35m(StatFilter.java:518)[0;39m 
 slow sql 175 millis. DELETE FROM QRTZ_TRIGGERS WHERE SCHED_NAME = 'schedulerName' AND TRIGGER_NAME = ? AND TRIGGER_GROUP = ? ["liveStreamProcessorJob","DEFAULT"]
2026-06-07 15:22:58.292 | [1;31mERROR 1721739[0;39m | [1;33mmain [TID: N/A][0;39m [1;36m[][0;39m [1;32mc.alibaba.druid.filter.stat.StatFilter  [0;39m [1;35m(StatFilter.java:518)[0;39m 
 slow sql 184 millis. DELETE FROM QRTZ_JOB_DETAILS WHERE SCHED_NAME = 'schedulerName' AND JOB_NAME = ? AND JOB_GROUP = ? ["liveStreamProcessorJob","DEFAULT"]
2026-06-07 15:22:58.687 | [1;31mERROR 1721739[0;39m | [1;33mmain [TID: N/A][0;39m [1;36m[][0;39m [1;32mc.alibaba.druid.filter.stat.StatFilter  [0;39m [1;35m(StatFilter.java:518)[0;39m 
 slow sql 330 millis. INSERT INTO QRTZ_JOB_DETAILS (SCHED_NAME, JOB_NAME, JOB_GROUP, DESCRIPTION, JOB_CLASS_NAME, IS_DURABLE, IS_NONCONCURRENT, IS_UPDATE_DATA, REQUESTS_RECOVERY, JOB_DATA)  VALUES('schedulerName', ?, ?, ?, ?, ?, ?, ?, ?, ?) ["liveStreamProcessorJob","DEFAULT",null,"com.douyouqu.dyq.framework.quartz.core.handler.JobHandlerInvoker",false,true,true,false,"<[B>"]
2026-06-07 15:22:58.979 | [1;31mERROR 1721739[0;39m | [1;33mmain [TID: N/A][0;39m [1;36m[][0;39m [1;32mc.alibaba.druid.filter.stat.StatFilter  [0;39m [1;35m(StatFilter.java:518)[0;39m 
 slow sql 249 millis. INSERT INTO QRTZ_TRIGGERS (SCHED_NAME, TRIGGER_NAME, TRIGGER_GROUP, JOB_NAME, JOB_GROUP, DESCRIPTION, NEXT_FIRE_TIME, PREV_FIRE_TIME, TRIGGER_STATE, TRIGGER_TYPE, START_TIME, END_TIME, CALENDAR_NAME, MISFIRE_INSTR, JOB_DATA, PRIORITY)  VALUES('schedulerName', ?, ?, ?, ?, ?, ?, ?, ?, ?, ?, ?, ?, ?, ?, ?) ["liveStreamProcessorJob","DEFAULT","liveStreamProcessorJob","DEFAULT",null,1780816980000,-1,"WAITING","CRON",1780816978000,0,null,0,"<[B>",5]
2026-06-07 15:22:59.296 | [1;31mERROR 1721739[0;39m | [1;33mmain [TID: N/A][0;39m [1;36m[][0;39m [1;32mc.alibaba.druid.filter.stat.StatFilter  [0;39m [1;35m(StatFilter.java:518)[0;39m 
 slow sql 315 millis. INSERT INTO QRTZ_CRON_TRIGGERS (SCHED_NAME, TRIGGER_NAME, TRIGGER_GROUP, CRON_EXPRESSION, TIME_ZONE_ID)  VALUES('schedulerName', ?, ?, ?, ?) ["liveStreamProcessorJob","DEFAULT","*/5 * * * * ?","Asia/Shanghai"]
2026-06-07 15:22:59.512 | [1;31mERROR 1721739[0;39m | [1;33mmain [TID: N/A][0;39m [1;36m[][0;39m [1;32mc.alibaba.druid.filter.stat.StatFilter  [0;39m [1;35m(StatFilter.java:518)[0;39m 
 slow sql 163 millis. UPDATE QRTZ_TRIGGERS SET TRIGGER_STATE = ? WHERE SCHED_NAME = 'schedulerName' AND TRIGGER_NAME = ? AND TRIGGER_GROUP = ? ["PAUSED","liveStreamProcessorJob","DEFAULT"]
2026-06-07 15:22:59.513 | [34m INFO 1721739[0;39m | [1;33mmain [TID: N/A][0;39m [1;36m[][0;39m [1;32mc.d.d.m.i.service.job.JobServiceImpl    [0;39m [1;35m(JobServiceImpl.java:185)[0;39m 
 
[syncJob][id(300150) handlerName(liveStreamProcessorJob) 同步完成]
2026-06-07 15:22:59.778 | [1;31mERROR 1721739[0;39m | [1;33mmain [TID: N/A][0;39m [1;36m[][0;39m [1;32mc.alibaba.druid.filter.stat.StatFilter  [0;39m [1;35m(StatFilter.java:518)[0;39m 
 slow sql 212 millis. DELETE FROM QRTZ_CRON_TRIGGERS WHERE SCHED_NAME = 'schedulerName' AND TRIGGER_NAME = ? AND TRIGGER_GROUP = ? ["aiResourceMonitorJob","DEFAULT"]
2026-06-07 15:22:59.936 | [1;31mERROR 1721739[0;39m | [1;33mmain [TID: N/A][0;39m [1;36m[][0;39m [1;32mc.alibaba.druid.filter.stat.StatFilter  [0;39m [1;35m(StatFilter.java:518)[0;39m 
 slow sql 157 millis. DELETE FROM QRTZ_TRIGGERS WHERE SCHED_NAME = 'schedulerName' AND TRIGGER_NAME = ? AND TRIGGER_GROUP = ? ["aiResourceMonitorJob","DEFAULT"]
2026-06-07 15:23:00.146 | [1;31mERROR 1721739[0;39m | [1;33mmain [TID: N/A][0;39m [1;36m[][0;39m [1;32mc.alibaba.druid.filter.stat.StatFilter  [0;39m [1;35m(StatFilter.java:518)[0;39m 
 slow sql 197 millis. DELETE FROM QRTZ_JOB_DETAILS WHERE SCHED_NAME = 'schedulerName' AND JOB_NAME = ? AND JOB_GROUP = ? ["aiResourceMonitorJob","DEFAULT"]
2026-06-07 15:23:00.496 | [1;31mERROR 1721739[0;39m | [1;33mmain [TID: N/A][0;39m [1;36m[][0;39m [1;32mc.alibaba.druid.filter.stat.StatFilter  [0;39m [1;35m(StatFilter.java:518)[0;39m 
 slow sql 287 millis. INSERT INTO QRTZ_JOB_DETAILS (SCHED_NAME, JOB_NAME, JOB_GROUP, DESCRIPTION, JOB_CLASS_NAME, IS_DURABLE, IS_NONCONCURRENT, IS_UPDATE_DATA, REQUESTS_RECOVERY, JOB_DATA)  VALUES('schedulerName', ?, ?, ?, ?, ?, ?, ?, ?, ?) ["aiResourceMonitorJob","DEFAULT",null,"com.douyouqu.dyq.framework.quartz.core.handler.JobHandlerInvoker",false,true,true,false,"<[B>"]
2026-06-07 15:23:00.862 | [1;31mERROR 1721739[0;39m | [1;33mmain [TID: N/A][0;39m [1;36m[][0;39m [1;32mc.alibaba.druid.filter.stat.StatFilter  [0;39m [1;35m(StatFilter.java:518)[0;39m 
 slow sql 322 millis. INSERT INTO QRTZ_TRIGGERS (SCHED_NAME, TRIGGER_NAME, TRIGGER_GROUP, JOB_NAME, JOB_GROUP, DESCRIPTION, NEXT_FIRE_TIME, PREV_FIRE_TIME, TRIGGER_STATE, TRIGGER_TYPE, START_TIME, END_TIME, CALENDAR_NAME, MISFIRE_INSTR, JOB_DATA, PRIORITY)  VALUES('schedulerName', ?, ?, ?, ?, ?, ?, ?, ?, ?, ?, ?, ?, ?, ?, ?) ["aiResourceMonitorJob","DEFAULT","aiResourceMonitorJob","DEFAULT",null,1780816980000,-1,"WAITING","CRON",1780816980000,0,null,0,"<[B>",5]
2026-06-07 15:23:01.061 | [1;31mERROR 1721739[0;39m | [1;33mmain [TID: N/A][0;39m [1;36m[][0;39m [1;32mc.alibaba.druid.filter.stat.StatFilter  [0;39m [1;35m(StatFilter.java:518)[0;39m 
 slow sql 198 millis. INSERT INTO QRTZ_CRON_TRIGGERS (SCHED_NAME, TRIGGER_NAME, TRIGGER_GROUP, CRON_EXPRESSION, TIME_ZONE_ID)  VALUES('schedulerName', ?, ?, ?, ?) ["aiResourceMonitorJob","DEFAULT","*/5 * * * * ?","Asia/Shanghai"]
2026-06-07 15:23:01.361 | [1;31mERROR 1721739[0;39m | [1;33mmain [TID: N/A][0;39m [1;36m[][0;39m [1;32mc.alibaba.druid.filter.stat.StatFilter  [0;39m [1;35m(StatFilter.java:518)[0;39m 
 slow sql 245 millis. UPDATE QRTZ_TRIGGERS SET TRIGGER_STATE = ? WHERE SCHED_NAME = 'schedulerName' AND TRIGGER_NAME = ? AND TRIGGER_GROUP = ? ["PAUSED","aiResourceMonitorJob","DEFAULT"]
2026-06-07 15:23:01.362 | [34m INFO 1721739[0;39m | [1;33mmain [TID: N/A][0;39m [1;36m[][0;39m [1;32mc.d.d.m.i.service.job.JobServiceImpl    [0;39m [1;35m(JobServiceImpl.java:185)[0;39m 
 
[syncJob][id(300151) handlerName(aiResourceMonitorJob) 同步完成]
2026-06-07 15:23:01.754 | [1;31mERROR 1721739[0;39m | [1;33mmain [TID: N/A][0;39m [1;36m[][0;39m [1;32mc.alibaba.druid.filter.stat.StatFilter  [0;39m [1;35m(StatFilter.java:518)[0;39m 
 slow sql 339 millis. DELETE FROM QRTZ_CRON_TRIGGERS WHERE SCHED_NAME = 'schedulerName' AND TRIGGER_NAME = ? AND TRIGGER_GROUP = ? ["aiSunoSyncJob","DEFAULT"]
2026-06-07 15:23:01.936 | [1;31mERROR 1721739[0;39m | [1;33mmain [TID: N/A][0;39m [1;36m[][0;39m [1;32mc.alibaba.druid.filter.stat.StatFilter  [0;39m [1;35m(StatFilter.java:518)[0;39m 
 slow sql 181 millis. DELETE FROM QRTZ_TRIGGERS WHERE SCHED_NAME = 'schedulerName' AND TRIGGER_NAME = ? AND TRIGGER_GROUP = ? ["aiSunoSyncJob","DEFAULT"]
2026-06-07 15:23:02.179 | [1;31mERROR 1721739[0;39m | [1;33mmain [TID: N/A][0;39m [1;36m[][0;39m [1;32mc.alibaba.druid.filter.stat.StatFilter  [0;39m [1;35m(StatFilter.java:518)[0;39m 
 slow sql 231 millis. DELETE FROM QRTZ_JOB_DETAILS WHERE SCHED_NAME = 'schedulerName' AND JOB_NAME = ? AND JOB_GROUP = ? ["aiSunoSyncJob","DEFAULT"]
2026-06-07 15:23:02.411 | [1;31mERROR 1721739[0;39m | [1;33mmain [TID: N/A][0;39m [1;36m[][0;39m [1;32mc.alibaba.druid.filter.stat.StatFilter  [0;39m [1;35m(StatFilter.java:518)[0;39m 
 slow sql 168 millis. INSERT INTO QRTZ_JOB_DETAILS (SCHED_NAME, JOB_NAME, JOB_GROUP, DESCRIPTION, JOB_CLASS_NAME, IS_DURABLE, IS_NONCONCURRENT, IS_UPDATE_DATA, REQUESTS_RECOVERY, JOB_DATA)  VALUES('schedulerName', ?, ?, ?, ?, ?, ?, ?, ?, ?) ["aiSunoSyncJob","DEFAULT",null,"com.douyouqu.dyq.framework.quartz.core.handler.JobHandlerInvoker",false,true,true,false,"<[B>"]
2026-06-07 15:23:02.661 | [1;31mERROR 1721739[0;39m | [1;33mmain [TID: N/A][0;39m [1;36m[][0;39m [1;32mc.alibaba.druid.filter.stat.StatFilter  [0;39m [1;35m(StatFilter.java:518)[0;39m 
 slow sql 205 millis. INSERT INTO QRTZ_TRIGGERS (SCHED_NAME, TRIGGER_NAME, TRIGGER_GROUP, JOB_NAME, JOB_GROUP, DESCRIPTION, NEXT_FIRE_TIME, PREV_FIRE_TIME, TRIGGER_STATE, TRIGGER_TYPE, START_TIME, END_TIME, CALENDAR_NAME, MISFIRE_INSTR, JOB_DATA, PRIORITY)  VALUES('schedulerName', ?, ?, ?, ?, ?, ?, ?, ?, ?, ?, ?, ?, ?, ?, ?) ["aiSunoSyncJob","DEFAULT","aiSunoSyncJob","DEFAULT",null,1780816990000,-1,"WAITING","CRON",1780816982000,0,null,0,"<[B>",5]
2026-06-07 15:23:02.971 | [1;31mERROR 1721739[0;39m | [1;33mmain [TID: N/A][0;39m [1;36m[][0;39m [1;32mc.alibaba.druid.filter.stat.StatFilter  [0;39m [1;35m(StatFilter.java:518)[0;39m 
 slow sql 309 millis. INSERT INTO QRTZ_CRON_TRIGGERS (SCHED_NAME, TRIGGER_NAME, TRIGGER_GROUP, CRON_EXPRESSION, TIME_ZONE_ID)  VALUES('schedulerName', ?, ?, ?, ?) ["aiSunoSyncJob","DEFAULT","*/10 * * * * ?","Asia/Shanghai"]
2026-06-07 15:23:03.287 | [1;31mERROR 1721739[0;39m | [1;33mmain [TID: N/A][0;39m [1;36m[][0;39m [1;32mc.alibaba.druid.filter.stat.StatFilter  [0;39m [1;35m(StatFilter.java:518)[0;39m 
 slow sql 261 millis. UPDATE QRTZ_TRIGGERS SET TRIGGER_STATE = ? WHERE SCHED_NAME = 'schedulerName' AND TRIGGER_NAME = ? AND TRIGGER_GROUP = ? ["PAUSED","aiSunoSyncJob","DEFAULT"]
2026-06-07 15:23:03.287 | [34m INFO 1721739[0;39m | [1;33mmain [TID: N/A][0;39m [1;36m[][0;39m [1;32mc.d.d.m.i.service.job.JobServiceImpl    [0;39m [1;35m(JobServiceImpl.java:185)[0;39m 
 
[syncJob][id(300152) handlerName(aiSunoSyncJob) 同步完成]
2026-06-07 15:23:03.603 | [1;31mERROR 1721739[0;39m | [1;33mmain [TID: N/A][0;39m [1;36m[][0;39m [1;32mc.alibaba.druid.filter.stat.StatFilter  [0;39m [1;35m(StatFilter.java:518)[0;39m 
 slow sql 263 millis. DELETE FROM QRTZ_CRON_TRIGGERS WHERE SCHED_NAME = 'schedulerName' AND TRIGGER_NAME = ? AND TRIGGER_GROUP = ? ["aiMidjourneySyncJob","DEFAULT"]
2026-06-07 15:23:03.860 | [1;31mERROR 1721739[0;39m | [1;33mmain [TID: N/A][0;39m [1;36m[][0;39m [1;32mc.alibaba.druid.filter.stat.StatFilter  [0;39m [1;35m(StatFilter.java:518)[0;39m 
 slow sql 256 millis. DELETE FROM QRTZ_TRIGGERS WHERE SCHED_NAME = 'schedulerName' AND TRIGGER_NAME = ? AND TRIGGER_GROUP = ? ["aiMidjourneySyncJob","DEFAULT"]
2026-06-07 15:23:04.035 | [1;31mERROR 1721739[0;39m | [1;33mmain [TID: N/A][0;39m [1;36m[][0;39m [1;32mc.alibaba.druid.filter.stat.StatFilter  [0;39m [1;35m(StatFilter.java:518)[0;39m 
 slow sql 164 millis. DELETE FROM QRTZ_JOB_DETAILS WHERE SCHED_NAME = 'schedulerName' AND JOB_NAME = ? AND JOB_GROUP = ? ["aiMidjourneySyncJob","DEFAULT"]
2026-06-07 15:23:04.318 | [1;31mERROR 1721739[0;39m | [1;33mmain [TID: N/A][0;39m [1;36m[][0;39m [1;32mc.alibaba.druid.filter.stat.StatFilter  [0;39m [1;35m(StatFilter.java:518)[0;39m 
 slow sql 217 millis. INSERT INTO QRTZ_JOB_DETAILS (SCHED_NAME, JOB_NAME, JOB_GROUP, DESCRIPTION, JOB_CLASS_NAME, IS_DURABLE, IS_NONCONCURRENT, IS_UPDATE_DATA, REQUESTS_RECOVERY, JOB_DATA)  VALUES('schedulerName', ?, ?, ?, ?, ?, ?, ?, ?, ?) ["aiMidjourneySyncJob","DEFAULT",null,"com.douyouqu.dyq.framework.quartz.core.handler.JobHandlerInvoker",false,true,true,false,"<[B>"]
2026-06-07 15:23:04.585 | [1;31mERROR 1721739[0;39m | [1;33mmain [TID: N/A][0;39m [1;36m[][0;39m [1;32mc.alibaba.druid.filter.stat.StatFilter  [0;39m [1;35m(StatFilter.java:518)[0;39m 
 slow sql 222 millis. INSERT INTO QRTZ_TRIGGERS (SCHED_NAME, TRIGGER_NAME, TRIGGER_GROUP, JOB_NAME, JOB_GROUP, DESCRIPTION, NEXT_FIRE_TIME, PREV_FIRE_TIME, TRIGGER_STATE, TRIGGER_TYPE, START_TIME, END_TIME, CALENDAR_NAME, MISFIRE_INSTR, JOB_DATA, PRIORITY)  VALUES('schedulerName', ?, ?, ?, ?, ?, ?, ?, ?, ?, ?, ?, ?, ?, ?, ?) ["aiMidjourneySyncJob","DEFAULT","aiMidjourneySyncJob","DEFAULT",null,1780816990000,-1,"WAITING","CRON",1780816984000,0,null,0,"<[B>",5]
2026-06-07 15:23:04.869 | [1;31mERROR 1721739[0;39m | [1;33mmain [TID: N/A][0;39m [1;36m[][0;39m [1;32mc.alibaba.druid.filter.stat.StatFilter  [0;39m [1;35m(StatFilter.java:518)[0;39m 
 slow sql 282 millis. INSERT INTO QRTZ_CRON_TRIGGERS (SCHED_NAME, TRIGGER_NAME, TRIGGER_GROUP, CRON_EXPRESSION, TIME_ZONE_ID)  VALUES('schedulerName', ?, ?, ?, ?) ["aiMidjourneySyncJob","DEFAULT","*/10 * * * * ?","Asia/Shanghai"]
2026-06-07 15:23:05.135 | [1;31mERROR 1721739[0;39m | [1;33mmain [TID: N/A][0;39m [1;36m[][0;39m [1;32mc.alibaba.druid.filter.stat.StatFilter  [0;39m [1;35m(StatFilter.java:518)[0;39m 
 slow sql 211 millis. UPDATE QRTZ_TRIGGERS SET TRIGGER_STATE = ? WHERE SCHED_NAME = 'schedulerName' AND TRIGGER_NAME = ? AND TRIGGER_GROUP = ? ["PAUSED","aiMidjourneySyncJob","DEFAULT"]
2026-06-07 15:23:05.135 | [34m INFO 1721739[0;39m | [1;33mmain [TID: N/A][0;39m [1;36m[][0;39m [1;32mc.d.d.m.i.service.job.JobServiceImpl    [0;39m [1;35m(JobServiceImpl.java:185)[0;39m 
 
[syncJob][id(300153) handlerName(aiMidjourneySyncJob) 同步完成]
2026-06-07 15:23:05.410 | [1;31mERROR 1721739[0;39m | [1;33mmain [TID: N/A][0;39m [1;36m[][0;39m [1;32mc.alibaba.druid.filter.stat.StatFilter  [0;39m [1;35m(StatFilter.java:518)[0;39m 
 slow sql 221 millis. DELETE FROM QRTZ_CRON_TRIGGERS WHERE SCHED_NAME = 'schedulerName' AND TRIGGER_NAME = ? AND TRIGGER_GROUP = ? ["credentialExpirationJob","DEFAULT"]
2026-06-07 15:23:05.560 | [1;31mERROR 1721739[0;39m | [1;33mmain [TID: N/A][0;39m [1;36m[][0;39m [1;32mc.alibaba.druid.filter.stat.StatFilter  [0;39m [1;35m(StatFilter.java:518)[0;39m 
 slow sql 149 millis. DELETE FROM QRTZ_TRIGGERS WHERE SCHED_NAME = 'schedulerName' AND TRIGGER_NAME = ? AND TRIGGER_GROUP = ? ["credentialExpirationJob","DEFAULT"]
2026-06-07 15:23:05.743 | [1;31mERROR 1721739[0;39m | [1;33mmain [TID: N/A][0;39m [1;36m[][0;39m [1;32mc.alibaba.druid.filter.stat.StatFilter  [0;39m [1;35m(StatFilter.java:518)[0;39m 
 slow sql 172 millis. DELETE FROM QRTZ_JOB_DETAILS WHERE SCHED_NAME = 'schedulerName' AND JOB_NAME = ? AND JOB_GROUP = ? ["credentialExpirationJob","DEFAULT"]
2026-06-07 15:23:06.081 | [1;31mERROR 1721739[0;39m | [1;33mmain [TID: N/A][0;39m [1;36m[][0;39m [1;32mc.alibaba.druid.filter.stat.StatFilter  [0;39m [1;35m(StatFilter.java:518)[0;39m 
 slow sql 272 millis. INSERT INTO QRTZ_JOB_DETAILS (SCHED_NAME, JOB_NAME, JOB_GROUP, DESCRIPTION, JOB_CLASS_NAME, IS_DURABLE, IS_NONCONCURRENT, IS_UPDATE_DATA, REQUESTS_RECOVERY, JOB_DATA)  VALUES('schedulerName', ?, ?, ?, ?, ?, ?, ?, ?, ?) ["credentialExpirationJob","DEFAULT",null,"com.douyouqu.dyq.framework.quartz.core.handler.JobHandlerInvoker",false,true,true,false,"<[B>"]
2026-06-07 15:23:06.342 | [1;31mERROR 1721739[0;39m | [1;33mmain [TID: N/A][0;39m [1;36m[][0;39m [1;32mc.alibaba.druid.filter.stat.StatFilter  [0;39m [1;35m(StatFilter.java:518)[0;39m 
 slow sql 218 millis. INSERT INTO QRTZ_TRIGGERS (SCHED_NAME, TRIGGER_NAME, TRIGGER_GROUP, JOB_NAME, JOB_GROUP, DESCRIPTION, NEXT_FIRE_TIME, PREV_FIRE_TIME, TRIGGER_STATE, TRIGGER_TYPE, START_TIME, END_TIME, CALENDAR_NAME, MISFIRE_INSTR, JOB_DATA, PRIORITY)  VALUES('schedulerName', ?, ?, ?, ?, ?, ?, ?, ?, ?, ?, ?, ?, ?, ?, ?) ["credentialExpirationJob","DEFAULT","credentialExpirationJob","DEFAULT",null,1780819200000,-1,"WAITING","CRON",1780816985000,0,null,0,"<[B>",5]
2026-06-07 15:23:06.551 | [1;31mERROR 1721739[0;39m | [1;33mmain [TID: N/A][0;39m [1;36m[][0;39m [1;32mc.alibaba.druid.filter.stat.StatFilter  [0;39m [1;35m(StatFilter.java:518)[0;39m 
 slow sql 208 millis. INSERT INTO QRTZ_CRON_TRIGGERS (SCHED_NAME, TRIGGER_NAME, TRIGGER_GROUP, CRON_EXPRESSION, TIME_ZONE_ID)  VALUES('schedulerName', ?, ?, ?, ?) ["credentialExpirationJob","DEFAULT","0 0 * * * ?","Asia/Shanghai"]
2026-06-07 15:23:06.859 | [1;31mERROR 1721739[0;39m | [1;33mmain [TID: N/A][0;39m [1;36m[][0;39m [1;32mc.alibaba.druid.filter.stat.StatFilter  [0;39m [1;35m(StatFilter.java:518)[0;39m 
 slow sql 253 millis. UPDATE QRTZ_TRIGGERS SET TRIGGER_STATE = ? WHERE SCHED_NAME = 'schedulerName' AND TRIGGER_NAME = ? AND TRIGGER_GROUP = ? ["PAUSED","credentialExpirationJob","DEFAULT"]
2026-06-07 15:23:06.860 | [34m INFO 1721739[0;39m | [1;33mmain [TID: N/A][0;39m [1;36m[][0;39m [1;32mc.d.d.m.i.service.job.JobServiceImpl    [0;39m [1;35m(JobServiceImpl.java:185)[0;39m 
 
[syncJob][id(300160) handlerName(credentialExpirationJob) 同步完成]
2026-06-07 15:23:07.143 | [1;31mERROR 1721739[0;39m | [1;33mmain [TID: N/A][0;39m [1;36m[][0;39m [1;32mc.alibaba.druid.filter.stat.StatFilter  [0;39m [1;35m(StatFilter.java:518)[0;39m 
 slow sql 228 millis. DELETE FROM QRTZ_CRON_TRIGGERS WHERE SCHED_NAME = 'schedulerName' AND TRIGGER_NAME = ? AND TRIGGER_GROUP = ? ["priceParameterUpdateJob","DEFAULT"]
2026-06-07 15:23:07.364 | [1;31mERROR 1721739[0;39m | [1;33mmain [TID: N/A][0;39m [1;36m[][0;39m [1;32mc.alibaba.druid.filter.stat.StatFilter  [0;39m [1;35m(StatFilter.java:518)[0;39m 
 slow sql 220 millis. DELETE FROM QRTZ_TRIGGERS WHERE SCHED_NAME = 'schedulerName' AND TRIGGER_NAME = ? AND TRIGGER_GROUP = ? ["priceParameterUpdateJob","DEFAULT"]
2026-06-07 15:23:07.601 | [1;31mERROR 1721739[0;39m | [1;33mmain [TID: N/A][0;39m [1;36m[][0;39m [1;32mc.alibaba.druid.filter.stat.StatFilter  [0;39m [1;35m(StatFilter.java:518)[0;39m 
 slow sql 225 millis. DELETE FROM QRTZ_JOB_DETAILS WHERE SCHED_NAME = 'schedulerName' AND JOB_NAME = ? AND JOB_GROUP = ? ["priceParameterUpdateJob","DEFAULT"]
2026-06-07 15:23:07.893 | [1;31mERROR 1721739[0;39m | [1;33mmain [TID: N/A][0;39m [1;36m[][0;39m [1;32mc.alibaba.druid.filter.stat.StatFilter  [0;39m [1;35m(StatFilter.java:518)[0;39m 
 slow sql 228 millis. INSERT INTO QRTZ_JOB_DETAILS (SCHED_NAME, JOB_NAME, JOB_GROUP, DESCRIPTION, JOB_CLASS_NAME, IS_DURABLE, IS_NONCONCURRENT, IS_UPDATE_DATA, REQUESTS_RECOVERY, JOB_DATA)  VALUES('schedulerName', ?, ?, ?, ?, ?, ?, ?, ?, ?) ["priceParameterUpdateJob","DEFAULT",null,"com.douyouqu.dyq.framework.quartz.core.handler.JobHandlerInvoker",false,true,true,false,"<[B>"]
2026-06-07 15:23:08.176 | [1;31mERROR 1721739[0;39m | [1;33mmain [TID: N/A][0;39m [1;36m[][0;39m [1;32mc.alibaba.druid.filter.stat.StatFilter  [0;39m [1;35m(StatFilter.java:518)[0;39m 
 slow sql 237 millis. INSERT INTO QRTZ_TRIGGERS (SCHED_NAME, TRIGGER_NAME, TRIGGER_GROUP, JOB_NAME, JOB_GROUP, DESCRIPTION, NEXT_FIRE_TIME, PREV_FIRE_TIME, TRIGGER_STATE, TRIGGER_TYPE, START_TIME, END_TIME, CALENDAR_NAME, MISFIRE_INSTR, JOB_DATA, PRIORITY)  VALUES('schedulerName', ?, ?, ?, ?, ?, ?, ?, ?, ?, ?, ?, ?, ?, ?, ?) ["priceParameterUpdateJob","DEFAULT","priceParameterUpdateJob","DEFAULT",null,1780817400000,-1,"WAITING","CRON",1780816987000,0,null,0,"<[B>",5]
2026-06-07 15:23:08.309 | [1;31mERROR 1721739[0;39m | [1;33mmain [TID: N/A][0;39m [1;36m[][0;39m [1;32mc.alibaba.druid.filter.stat.StatFilter  [0;39m [1;35m(StatFilter.java:518)[0;39m 
 slow sql 132 millis. INSERT INTO QRTZ_CRON_TRIGGERS (SCHED_NAME, TRIGGER_NAME, TRIGGER_GROUP, CRON_EXPRESSION, TIME_ZONE_ID)  VALUES('schedulerName', ?, ?, ?, ?) ["priceParameterUpdateJob","DEFAULT","0 */10 * * * ?","Asia/Shanghai"]
2026-06-07 15:23:08.634 | [1;31mERROR 1721739[0;39m | [1;33mmain [TID: N/A][0;39m [1;36m[][0;39m [1;32mc.alibaba.druid.filter.stat.StatFilter  [0;39m [1;35m(StatFilter.java:518)[0;39m 
 slow sql 271 millis. UPDATE QRTZ_TRIGGERS SET TRIGGER_STATE = ? WHERE SCHED_NAME = 'schedulerName' AND TRIGGER_NAME = ? AND TRIGGER_GROUP = ? ["PAUSED","priceParameterUpdateJob","DEFAULT"]
2026-06-07 15:23:08.635 | [34m INFO 1721739[0;39m | [1;33mmain [TID: N/A][0;39m [1;36m[][0;39m [1;32mc.d.d.m.i.service.job.JobServiceImpl    [0;39m [1;35m(JobServiceImpl.java:185)[0;39m 
 
[syncJob][id(300170) handlerName(priceParameterUpdateJob) 同步完成]
2026-06-07 15:23:08.959 | [1;31mERROR 1721739[0;39m | [1;33mmain [TID: N/A][0;39m [1;36m[][0;39m [1;32mc.alibaba.druid.filter.stat.StatFilter  [0;39m [1;35m(StatFilter.java:518)[0;39m 
 slow sql 271 millis. DELETE FROM QRTZ_CRON_TRIGGERS WHERE SCHED_NAME = 'schedulerName' AND TRIGGER_NAME = ? AND TRIGGER_GROUP = ? ["clawTrainingTimeoutJob","DEFAULT"]
2026-06-07 15:23:09.193 | [1;31mERROR 1721739[0;39m | [1;33mmain [TID: N/A][0;39m [1;36m[][0;39m [1;32mc.alibaba.druid.filter.stat.StatFilter  [0;39m [1;35m(StatFilter.java:518)[0;39m 
 slow sql 233 millis. DELETE FROM QRTZ_TRIGGERS WHERE SCHED_NAME = 'schedulerName' AND TRIGGER_NAME = ? AND TRIGGER_GROUP = ? ["clawTrainingTimeoutJob","DEFAULT"]
2026-06-07 15:23:09.492 | [1;31mERROR 1721739[0;39m | [1;33mmain [TID: N/A][0;39m [1;36m[][0;39m [1;32mc.alibaba.druid.filter.stat.StatFilter  [0;39m [1;35m(StatFilter.java:518)[0;39m 
 slow sql 286 millis. DELETE FROM QRTZ_JOB_DETAILS WHERE SCHED_NAME = 'schedulerName' AND JOB_NAME = ? AND JOB_GROUP = ? ["clawTrainingTimeoutJob","DEFAULT"]
2026-06-07 15:23:09.788 | [1;31mERROR 1721739[0;39m | [1;33mmain [TID: N/A][0;39m [1;36m[][0;39m [1;32mc.alibaba.druid.filter.stat.StatFilter  [0;39m [1;35m(StatFilter.java:518)[0;39m 
 slow sql 232 millis. INSERT INTO QRTZ_JOB_DETAILS (SCHED_NAME, JOB_NAME, JOB_GROUP, DESCRIPTION, JOB_CLASS_NAME, IS_DURABLE, IS_NONCONCURRENT, IS_UPDATE_DATA, REQUESTS_RECOVERY, JOB_DATA)  VALUES('schedulerName', ?, ?, ?, ?, ?, ?, ?, ?, ?) ["clawTrainingTimeoutJob","DEFAULT",null,"com.douyouqu.dyq.framework.quartz.core.handler.JobHandlerInvoker",false,true,true,false,"<[B>"]
2026-06-07 15:23:10.059 | [1;31mERROR 1721739[0;39m | [1;33mmain [TID: N/A][0;39m [1;36m[][0;39m [1;32mc.alibaba.druid.filter.stat.StatFilter  [0;39m [1;35m(StatFilter.java:518)[0;39m 
 slow sql 226 millis. INSERT INTO QRTZ_TRIGGERS (SCHED_NAME, TRIGGER_NAME, TRIGGER_GROUP, JOB_NAME, JOB_GROUP, DESCRIPTION, NEXT_FIRE_TIME, PREV_FIRE_TIME, TRIGGER_STATE, TRIGGER_TYPE, START_TIME, END_TIME, CALENDAR_NAME, MISFIRE_INSTR, JOB_DATA, PRIORITY)  VALUES('schedulerName', ?, ?, ?, ?, ?, ?, ?, ?, ?, ?, ?, ?, ?, ?, ?) ["clawTrainingTimeoutJob","DEFAULT","clawTrainingTimeoutJob","DEFAULT",null,1780817100000,-1,"WAITING","CRON",1780816989000,0,null,0,"<[B>",5]
2026-06-07 15:23:10.276 | [1;31mERROR 1721739[0;39m | [1;33mmain [TID: N/A][0;39m [1;36m[][0;39m [1;32mc.alibaba.druid.filter.stat.StatFilter  [0;39m [1;35m(StatFilter.java:518)[0;39m 
 slow sql 216 millis. INSERT INTO QRTZ_CRON_TRIGGERS (SCHED_NAME, TRIGGER_NAME, TRIGGER_GROUP, CRON_EXPRESSION, TIME_ZONE_ID)  VALUES('schedulerName', ?, ?, ?, ?) ["clawTrainingTimeoutJob","DEFAULT","0 */5 * * * ?","Asia/Shanghai"]
2026-06-07 15:23:10.575 | [1;31mERROR 1721739[0;39m | [1;33mmain [TID: N/A][0;39m [1;36m[][0;39m [1;32mc.alibaba.druid.filter.stat.StatFilter  [0;39m [1;35m(StatFilter.java:518)[0;39m 
 slow sql 246 millis. UPDATE QRTZ_TRIGGERS SET TRIGGER_STATE = ? WHERE SCHED_NAME = 'schedulerName' AND TRIGGER_NAME = ? AND TRIGGER_GROUP = ? ["PAUSED","clawTrainingTimeoutJob","DEFAULT"]
2026-06-07 15:23:10.576 | [34m INFO 1721739[0;39m | [1;33mmain [TID: N/A][0;39m [1;36m[][0;39m [1;32mc.d.d.m.i.service.job.JobServiceImpl    [0;39m [1;35m(JobServiceImpl.java:185)[0;39m 
 
[syncJob][id(300180) handlerName(clawTrainingTimeoutJob) 同步完成]
2026-06-07 15:23:10.892 | [1;31mERROR 1721739[0;39m | [1;33mmain [TID: N/A][0;39m [1;36m[][0;39m [1;32mc.alibaba.druid.filter.stat.StatFilter  [0;39m [1;35m(StatFilter.java:518)[0;39m 
 slow sql 263 millis. DELETE FROM QRTZ_CRON_TRIGGERS WHERE SCHED_NAME = 'schedulerName' AND TRIGGER_NAME = ? AND TRIGGER_GROUP = ? ["clawTrainingScheduleJob","DEFAULT"]
2026-06-07 15:23:11.225 | [1;31mERROR 1721739[0;39m | [1;33mmain [TID: N/A][0;39m [1;36m[][0;39m [1;32mc.alibaba.druid.filter.stat.StatFilter  [0;39m [1;35m(StatFilter.java:518)[0;39m 
 slow sql 332 millis. DELETE FROM QRTZ_TRIGGERS WHERE SCHED_NAME = 'schedulerName' AND TRIGGER_NAME = ? AND TRIGGER_GROUP = ? ["clawTrainingScheduleJob","DEFAULT"]
2026-06-07 15:23:11.467 | [1;31mERROR 1721739[0;39m | [1;33mmain [TID: N/A][0;39m [1;36m[][0;39m [1;32mc.alibaba.druid.filter.stat.StatFilter  [0;39m [1;35m(StatFilter.java:518)[0;39m 
 slow sql 230 millis. DELETE FROM QRTZ_JOB_DETAILS WHERE SCHED_NAME = 'schedulerName' AND JOB_NAME = ? AND JOB_GROUP = ? ["clawTrainingScheduleJob","DEFAULT"]
2026-06-07 15:23:11.892 | [1;31mERROR 1721739[0;39m | [1;33mmain [TID: N/A][0;39m [1;36m[][0;39m [1;32mc.alibaba.druid.filter.stat.StatFilter  [0;39m [1;35m(StatFilter.java:518)[0;39m 
 slow sql 361 millis. INSERT INTO QRTZ_JOB_DETAILS (SCHED_NAME, JOB_NAME, JOB_GROUP, DESCRIPTION, JOB_CLASS_NAME, IS_DURABLE, IS_NONCONCURRENT, IS_UPDATE_DATA, REQUESTS_RECOVERY, JOB_DATA)  VALUES('schedulerName', ?, ?, ?, ?, ?, ?, ?, ?, ?) ["clawTrainingScheduleJob","DEFAULT",null,"com.douyouqu.dyq.framework.quartz.core.handler.JobHandlerInvoker",false,true,true,false,"<[B>"]
2026-06-07 15:23:12.209 | [1;31mERROR 1721739[0;39m | [1;33mmain [TID: N/A][0;39m [1;36m[][0;39m [1;32mc.alibaba.druid.filter.stat.StatFilter  [0;39m [1;35m(StatFilter.java:518)[0;39m 
 slow sql 273 millis. INSERT INTO QRTZ_TRIGGERS (SCHED_NAME, TRIGGER_NAME, TRIGGER_GROUP, JOB_NAME, JOB_GROUP, DESCRIPTION, NEXT_FIRE_TIME, PREV_FIRE_TIME, TRIGGER_STATE, TRIGGER_TYPE, START_TIME, END_TIME, CALENDAR_NAME, MISFIRE_INSTR, JOB_DATA, PRIORITY)  VALUES('schedulerName', ?, ?, ?, ?, ?, ?, ?, ?, ?, ?, ?, ?, ?, ?, ?) ["clawTrainingScheduleJob","DEFAULT","clawTrainingScheduleJob","DEFAULT",null,1780817040000,-1,"WAITING","CRON",1780816991000,0,null,0,"<[B>",5]
2026-06-07 15:23:12.521 | [1;31mERROR 1721739[0;39m | [1;33mmain [TID: N/A][0;39m [1;36m[][0;39m [1;32mc.alibaba.druid.filter.stat.StatFilter  [0;39m [1;35m(StatFilter.java:518)[0;39m 
 slow sql 311 millis. INSERT INTO QRTZ_CRON_TRIGGERS (SCHED_NAME, TRIGGER_NAME, TRIGGER_GROUP, CRON_EXPRESSION, TIME_ZONE_ID)  VALUES('schedulerName', ?, ?, ?, ?) ["clawTrainingScheduleJob","DEFAULT","0 * * * * ?","Asia/Shanghai"]
2026-06-07 15:23:12.825 | [1;31mERROR 1721739[0;39m | [1;33mmain [TID: N/A][0;39m [1;36m[][0;39m [1;32mc.alibaba.druid.filter.stat.StatFilter  [0;39m [1;35m(StatFilter.java:518)[0;39m 
 slow sql 250 millis. UPDATE QRTZ_TRIGGERS SET TRIGGER_STATE = ? WHERE SCHED_NAME = 'schedulerName' AND TRIGGER_NAME = ? AND TRIGGER_GROUP = ? ["PAUSED","clawTrainingScheduleJob","DEFAULT"]
2026-06-07 15:23:12.826 | [34m INFO 1721739[0;39m | [1;33mmain [TID: N/A][0;39m [1;36m[][0;39m [1;32mc.d.d.m.i.service.job.JobServiceImpl    [0;39m [1;35m(JobServiceImpl.java:185)[0;39m 
 
[syncJob][id(300181) handlerName(clawTrainingScheduleJob) 同步完成]
2026-06-07 15:23:13.150 | [1;31mERROR 1721739[0;39m | [1;33mmain [TID: N/A][0;39m [1;36m[][0;39m [1;32mc.alibaba.druid.filter.stat.StatFilter  [0;39m [1;35m(StatFilter.java:518)[0;39m 
 slow sql 271 millis. DELETE FROM QRTZ_CRON_TRIGGERS WHERE SCHED_NAME = 'schedulerName' AND TRIGGER_NAME = ? AND TRIGGER_GROUP = ? ["clawSkillEvolutionJob","DEFAULT"]
2026-06-07 15:23:13.408 | [1;31mERROR 1721739[0;39m | [1;33mmain [TID: N/A][0;39m [1;36m[][0;39m [1;32mc.alibaba.druid.filter.stat.StatFilter  [0;39m [1;35m(StatFilter.java:518)[0;39m 
 slow sql 257 millis. DELETE FROM QRTZ_TRIGGERS WHERE SCHED_NAME = 'schedulerName' AND TRIGGER_NAME = ? AND TRIGGER_GROUP = ? ["clawSkillEvolutionJob","DEFAULT"]
2026-06-07 15:23:13.651 | [1;31mERROR 1721739[0;39m | [1;33mmain [TID: N/A][0;39m [1;36m[][0;39m [1;32mc.alibaba.druid.filter.stat.StatFilter  [0;39m [1;35m(StatFilter.java:518)[0;39m 
 slow sql 230 millis. DELETE FROM QRTZ_JOB_DETAILS WHERE SCHED_NAME = 'schedulerName' AND JOB_NAME = ? AND JOB_GROUP = ? ["clawSkillEvolutionJob","DEFAULT"]
2026-06-07 15:23:14.067 | [1;31mERROR 1721739[0;39m | [1;33mmain [TID: N/A][0;39m [1;36m[][0;39m [1;32mc.alibaba.druid.filter.stat.StatFilter  [0;39m [1;35m(StatFilter.java:518)[0;39m 
 slow sql 348 millis. INSERT INTO QRTZ_JOB_DETAILS (SCHED_NAME, JOB_NAME, JOB_GROUP, DESCRIPTION, JOB_CLASS_NAME, IS_DURABLE, IS_NONCONCURRENT, IS_UPDATE_DATA, REQUESTS_RECOVERY, JOB_DATA)  VALUES('schedulerName', ?, ?, ?, ?, ?, ?, ?, ?, ?) ["clawSkillEvolutionJob","DEFAULT",null,"com.douyouqu.dyq.framework.quartz.core.handler.JobHandlerInvoker",false,true,true,false,"<[B>"]
2026-06-07 15:23:14.475 | [1;31mERROR 1721739[0;39m | [1;33mmain [TID: N/A][0;39m [1;36m[][0;39m [1;32mc.alibaba.druid.filter.stat.StatFilter  [0;39m [1;35m(StatFilter.java:518)[0;39m 
 slow sql 365 millis. INSERT INTO QRTZ_TRIGGERS (SCHED_NAME, TRIGGER_NAME, TRIGGER_GROUP, JOB_NAME, JOB_GROUP, DESCRIPTION, NEXT_FIRE_TIME, PREV_FIRE_TIME, TRIGGER_STATE, TRIGGER_TYPE, START_TIME, END_TIME, CALENDAR_NAME, MISFIRE_INSTR, JOB_DATA, PRIORITY)  VALUES('schedulerName', ?, ?, ?, ?, ?, ?, ?, ?, ?, ?, ?, ?, ?, ?, ?) ["clawSkillEvolutionJob","DEFAULT","clawSkillEvolutionJob","DEFAULT",null,1780819200000,-1,"WAITING","CRON",1780816993000,0,null,0,"<[B>",5]
2026-06-07 15:23:14.633 | [1;31mERROR 1721739[0;39m | [1;33mmain [TID: N/A][0;39m [1;36m[][0;39m [1;32mc.alibaba.druid.filter.stat.StatFilter  [0;39m [1;35m(StatFilter.java:518)[0;39m 
 slow sql 157 millis. INSERT INTO QRTZ_CRON_TRIGGERS (SCHED_NAME, TRIGGER_NAME, TRIGGER_GROUP, CRON_EXPRESSION, TIME_ZONE_ID)  VALUES('schedulerName', ?, ?, ?, ?) ["clawSkillEvolutionJob","DEFAULT","0 0 * * * ?","Asia/Shanghai"]
2026-06-07 15:23:14.983 | [1;31mERROR 1721739[0;39m | [1;33mmain [TID: N/A][0;39m [1;36m[][0;39m [1;32mc.alibaba.druid.filter.stat.StatFilter  [0;39m [1;35m(StatFilter.java:518)[0;39m 
 slow sql 296 millis. UPDATE QRTZ_TRIGGERS SET TRIGGER_STATE = ? WHERE SCHED_NAME = 'schedulerName' AND TRIGGER_NAME = ? AND TRIGGER_GROUP = ? ["PAUSED","clawSkillEvolutionJob","DEFAULT"]
2026-06-07 15:23:14.984 | [34m INFO 1721739[0;39m | [1;33mmain [TID: N/A][0;39m [1;36m[][0;39m [1;32mc.d.d.m.i.service.job.JobServiceImpl    [0;39m [1;35m(JobServiceImpl.java:185)[0;39m 
 
[syncJob][id(300182) handlerName(clawSkillEvolutionJob) 同步完成]
2026-06-07 15:23:15.254 | [1;31mERROR 1721739[0;39m | [1;33mmain [TID: N/A][0;39m [1;36m[][0;39m [1;32mc.alibaba.druid.filter.stat.StatFilter  [0;39m [1;35m(StatFilter.java:518)[0;39m 
 slow sql 216 millis. DELETE FROM QRTZ_CRON_TRIGGERS WHERE SCHED_NAME = 'schedulerName' AND TRIGGER_NAME = ? AND TRIGGER_GROUP = ? ["clawExperienceCleanupJob","DEFAULT"]
2026-06-07 15:23:15.466 | [1;31mERROR 1721739[0;39m | [1;33mmain [TID: N/A][0;39m [1;36m[][0;39m [1;32mc.alibaba.druid.filter.stat.StatFilter  [0;39m [1;35m(StatFilter.java:518)[0;39m 
 slow sql 211 millis. DELETE FROM QRTZ_TRIGGERS WHERE SCHED_NAME = 'schedulerName' AND TRIGGER_NAME = ? AND TRIGGER_GROUP = ? ["clawExperienceCleanupJob","DEFAULT"]
2026-06-07 15:23:15.666 | [1;31mERROR 1721739[0;39m | [1;33mmain [TID: N/A][0;39m [1;36m[][0;39m [1;32mc.alibaba.druid.filter.stat.StatFilter  [0;39m [1;35m(StatFilter.java:518)[0;39m 
 slow sql 188 millis. DELETE FROM QRTZ_JOB_DETAILS WHERE SCHED_NAME = 'schedulerName' AND JOB_NAME = ? AND JOB_GROUP = ? ["clawExperienceCleanupJob","DEFAULT"]
2026-06-07 15:23:16.016 | [1;31mERROR 1721739[0;39m | [1;33mmain [TID: N/A][0;39m [1;36m[][0;39m [1;32mc.alibaba.druid.filter.stat.StatFilter  [0;39m [1;35m(StatFilter.java:518)[0;39m 
 slow sql 285 millis. INSERT INTO QRTZ_JOB_DETAILS (SCHED_NAME, JOB_NAME, JOB_GROUP, DESCRIPTION, JOB_CLASS_NAME, IS_DURABLE, IS_NONCONCURRENT, IS_UPDATE_DATA, REQUESTS_RECOVERY, JOB_DATA)  VALUES('schedulerName', ?, ?, ?, ?, ?, ?, ?, ?, ?) ["clawExperienceCleanupJob","DEFAULT",null,"com.douyouqu.dyq.framework.quartz.core.handler.JobHandlerInvoker",false,true,true,false,"<[B>"]
2026-06-07 15:23:16.341 | [1;31mERROR 1721739[0;39m | [1;33mmain [TID: N/A][0;39m [1;36m[][0;39m [1;32mc.alibaba.druid.filter.stat.StatFilter  [0;39m [1;35m(StatFilter.java:518)[0;39m 
 slow sql 282 millis. INSERT INTO QRTZ_TRIGGERS (SCHED_NAME, TRIGGER_NAME, TRIGGER_GROUP, JOB_NAME, JOB_GROUP, DESCRIPTION, NEXT_FIRE_TIME, PREV_FIRE_TIME, TRIGGER_STATE, TRIGGER_TYPE, START_TIME, END_TIME, CALENDAR_NAME, MISFIRE_INSTR, JOB_DATA, PRIORITY)  VALUES('schedulerName', ?, ?, ?, ?, ?, ?, ?, ?, ?, ?, ?, ?, ?, ?, ?) ["clawExperienceCleanupJob","DEFAULT","clawExperienceCleanupJob","DEFAULT",null,1780855200000,-1,"WAITING","CRON",1780816995000,0,null,0,"<[B>",5]
2026-06-07 15:23:16.699 | [1;31mERROR 1721739[0;39m | [1;33mmain [TID: N/A][0;39m [1;36m[][0;39m [1;32mc.alibaba.druid.filter.stat.StatFilter  [0;39m [1;35m(StatFilter.java:518)[0;39m 
 slow sql 357 millis. INSERT INTO QRTZ_CRON_TRIGGERS (SCHED_NAME, TRIGGER_NAME, TRIGGER_GROUP, CRON_EXPRESSION, TIME_ZONE_ID)  VALUES('schedulerName', ?, ?, ?, ?) ["clawExperienceCleanupJob","DEFAULT","0 0 2 * * ?","Asia/Shanghai"]
2026-06-07 15:23:16.928 | [1;31mERROR 1721739[0;39m | [1;33mmain [TID: N/A][0;39m [1;36m[][0;39m [1;32mc.alibaba.druid.filter.stat.StatFilter  [0;39m [1;35m(StatFilter.java:518)[0;39m 
 slow sql 174 millis. UPDATE QRTZ_TRIGGERS SET TRIGGER_STATE = ? WHERE SCHED_NAME = 'schedulerName' AND TRIGGER_NAME = ? AND TRIGGER_GROUP = ? ["PAUSED","clawExperienceCleanupJob","DEFAULT"]
2026-06-07 15:23:16.928 | [34m INFO 1721739[0;39m | [1;33mmain [TID: N/A][0;39m [1;36m[][0;39m [1;32mc.d.d.m.i.service.job.JobServiceImpl    [0;39m [1;35m(JobServiceImpl.java:185)[0;39m 
 
[syncJob][id(300183) handlerName(clawExperienceCleanupJob) 同步完成]
2026-06-07 15:23:17.291 | [1;31mERROR 1721739[0;39m | [1;33mmain [TID: N/A][0;39m [1;36m[][0;39m [1;32mc.alibaba.druid.filter.stat.StatFilter  [0;39m [1;35m(StatFilter.java:518)[0;39m 
 slow sql 310 millis. DELETE FROM QRTZ_CRON_TRIGGERS WHERE SCHED_NAME = 'schedulerName' AND TRIGGER_NAME = ? AND TRIGGER_GROUP = ? ["membershipExpireCheckJob","DEFAULT"]
2026-06-07 15:23:17.453 | [1;31mERROR 1721739[0;39m | [1;33mmain [TID: N/A][0;39m [1;36m[][0;39m [1;32mc.alibaba.druid.filter.stat.StatFilter  [0;39m [1;35m(StatFilter.java:518)[0;39m 
 slow sql 161 millis. DELETE FROM QRTZ_TRIGGERS WHERE SCHED_NAME = 'schedulerName' AND TRIGGER_NAME = ? AND TRIGGER_GROUP = ? ["membershipExpireCheckJob","DEFAULT"]
2026-06-07 15:23:17.652 | [1;31mERROR 1721739[0;39m | [1;33mmain [TID: N/A][0;39m [1;36m[][0;39m [1;32mc.alibaba.druid.filter.stat.StatFilter  [0;39m [1;35m(StatFilter.java:518)[0;39m 
 slow sql 187 millis. DELETE FROM QRTZ_JOB_DETAILS WHERE SCHED_NAME = 'schedulerName' AND JOB_NAME = ? AND JOB_GROUP = ? ["membershipExpireCheckJob","DEFAULT"]
2026-06-07 15:23:17.957 | [1;31mERROR 1721739[0;39m | [1;33mmain [TID: N/A][0;39m [1;36m[][0;39m [1;32mc.alibaba.druid.filter.stat.StatFilter  [0;39m [1;35m(StatFilter.java:518)[0;39m 
 slow sql 239 millis. INSERT INTO QRTZ_JOB_DETAILS (SCHED_NAME, JOB_NAME, JOB_GROUP, DESCRIPTION, JOB_CLASS_NAME, IS_DURABLE, IS_NONCONCURRENT, IS_UPDATE_DATA, REQUESTS_RECOVERY, JOB_DATA)  VALUES('schedulerName', ?, ?, ?, ?, ?, ?, ?, ?, ?) ["membershipExpireCheckJob","DEFAULT",null,"com.douyouqu.dyq.framework.quartz.core.handler.JobHandlerInvoker",false,true,true,false,"<[B>"]
2026-06-07 15:23:18.232 | [1;31mERROR 1721739[0;39m | [1;33mmain [TID: N/A][0;39m [1;36m[][0;39m [1;32mc.alibaba.druid.filter.stat.StatFilter  [0;39m [1;35m(StatFilter.java:518)[0;39m 
 slow sql 231 millis. INSERT INTO QRTZ_TRIGGERS (SCHED_NAME, TRIGGER_NAME, TRIGGER_GROUP, JOB_NAME, JOB_GROUP, DESCRIPTION, NEXT_FIRE_TIME, PREV_FIRE_TIME, TRIGGER_STATE, TRIGGER_TYPE, START_TIME, END_TIME, CALENDAR_NAME, MISFIRE_INSTR, JOB_DATA, PRIORITY)  VALUES('schedulerName', ?, ?, ?, ?, ?, ?, ?, ?, ?, ?, ?, ?, ?, ?, ?) ["membershipExpireCheckJob","DEFAULT","membershipExpireCheckJob","DEFAULT",null,1780819200000,-1,"WAITING","CRON",1780816997000,0,null,0,"<[B>",5]
2026-06-07 15:23:18.466 | [1;31mERROR 1721739[0;39m | [1;33mmain [TID: N/A][0;39m [1;36m[][0;39m [1;32mc.alibaba.druid.filter.stat.StatFilter  [0;39m [1;35m(StatFilter.java:518)[0;39m 
 slow sql 232 millis. INSERT INTO QRTZ_CRON_TRIGGERS (SCHED_NAME, TRIGGER_NAME, TRIGGER_GROUP, CRON_EXPRESSION, TIME_ZONE_ID)  VALUES('schedulerName', ?, ?, ?, ?) ["membershipExpireCheckJob","DEFAULT","0 0 * * * ?","Asia/Shanghai"]
2026-06-07 15:23:18.824 | [1;31mERROR 1721739[0;39m | [1;33mmain [TID: N/A][0;39m [1;36m[][0;39m [1;32mc.alibaba.druid.filter.stat.StatFilter  [0;39m [1;35m(StatFilter.java:518)[0;39m 
 slow sql 304 millis. UPDATE QRTZ_TRIGGERS SET TRIGGER_STATE = ? WHERE SCHED_NAME = 'schedulerName' AND TRIGGER_NAME = ? AND TRIGGER_GROUP = ? ["PAUSED","membershipExpireCheckJob","DEFAULT"]
2026-06-07 15:23:18.824 | [34m INFO 1721739[0;39m | [1;33mmain [TID: N/A][0;39m [1;36m[][0;39m [1;32mc.d.d.m.i.service.job.JobServiceImpl    [0;39m [1;35m(JobServiceImpl.java:185)[0;39m 
 
[syncJob][id(300190) handlerName(membershipExpireCheckJob) 同步完成]
2026-06-07 15:23:19.093 | [1;31mERROR 1721739[0;39m | [1;33mmain [TID: N/A][0;39m [1;36m[][0;39m [1;32mc.alibaba.druid.filter.stat.StatFilter  [0;39m [1;35m(StatFilter.java:518)[0;39m 
 slow sql 215 millis. DELETE FROM QRTZ_CRON_TRIGGERS WHERE SCHED_NAME = 'schedulerName' AND TRIGGER_NAME = ? AND TRIGGER_GROUP = ? ["tradeOrderAutoCommentJob","DEFAULT"]
2026-06-07 15:23:19.340 | [1;31mERROR 1721739[0;39m | [1;33mmain [TID: N/A][0;39m [1;36m[][0;39m [1;32mc.alibaba.druid.filter.stat.StatFilter  [0;39m [1;35m(StatFilter.java:518)[0;39m 
 slow sql 246 millis. DELETE FROM QRTZ_TRIGGERS WHERE SCHED_NAME = 'schedulerName' AND TRIGGER_NAME = ? AND TRIGGER_GROUP = ? ["tradeOrderAutoCommentJob","DEFAULT"]
2026-06-07 15:23:19.574 | [1;31mERROR 1721739[0;39m | [1;33mmain [TID: N/A][0;39m [1;36m[][0;39m [1;32mc.alibaba.druid.filter.stat.StatFilter  [0;39m [1;35m(StatFilter.java:518)[0;39m 
 slow sql 221 millis. DELETE FROM QRTZ_JOB_DETAILS WHERE SCHED_NAME = 'schedulerName' AND JOB_NAME = ? AND JOB_GROUP = ? ["tradeOrderAutoCommentJob","DEFAULT"]
2026-06-07 15:23:19.907 | [1;31mERROR 1721739[0;39m | [1;33mmain [TID: N/A][0;39m [1;36m[][0;39m [1;32mc.alibaba.druid.filter.stat.StatFilter  [0;39m [1;35m(StatFilter.java:518)[0;39m 
 slow sql 269 millis. INSERT INTO QRTZ_JOB_DETAILS (SCHED_NAME, JOB_NAME, JOB_GROUP, DESCRIPTION, JOB_CLASS_NAME, IS_DURABLE, IS_NONCONCURRENT, IS_UPDATE_DATA, REQUESTS_RECOVERY, JOB_DATA)  VALUES('schedulerName', ?, ?, ?, ?, ?, ?, ?, ?, ?) ["tradeOrderAutoCommentJob","DEFAULT",null,"com.douyouqu.dyq.framework.quartz.core.handler.JobHandlerInvoker",false,true,true,false,"<[B>"]
2026-06-07 15:23:20.140 | [1;31mERROR 1721739[0;39m | [1;33mmain [TID: N/A][0;39m [1;36m[][0;39m [1;32mc.alibaba.druid.filter.stat.StatFilter  [0;39m [1;35m(StatFilter.java:518)[0;39m 
 slow sql 189 millis. INSERT INTO QRTZ_TRIGGERS (SCHED_NAME, TRIGGER_NAME, TRIGGER_GROUP, JOB_NAME, JOB_GROUP, DESCRIPTION, NEXT_FIRE_TIME, PREV_FIRE_TIME, TRIGGER_STATE, TRIGGER_TYPE, START_TIME, END_TIME, CALENDAR_NAME, MISFIRE_INSTR, JOB_DATA, PRIORITY)  VALUES('schedulerName', ?, ?, ?, ?, ?, ?, ?, ?, ?, ?, ?, ?, ?, ?, ?) ["tradeOrderAutoCommentJob","DEFAULT","tradeOrderAutoCommentJob","DEFAULT",null,1780817400000,-1,"WAITING","CRON",1780816999000,0,null,0,"<[B>",5]
2026-06-07 15:23:20.390 | [1;31mERROR 1721739[0;39m | [1;33mmain [TID: N/A][0;39m [1;36m[][0;39m [1;32mc.alibaba.druid.filter.stat.StatFilter  [0;39m [1;35m(StatFilter.java:518)[0;39m 
 slow sql 249 millis. INSERT INTO QRTZ_CRON_TRIGGERS (SCHED_NAME, TRIGGER_NAME, TRIGGER_GROUP, CRON_EXPRESSION, TIME_ZONE_ID)  VALUES('schedulerName', ?, ?, ?, ?) ["tradeOrderAutoCommentJob","DEFAULT","0 */10 * * * ?","Asia/Shanghai"]
2026-06-07 15:23:20.699 | [1;31mERROR 1721739[0;39m | [1;33mmain [TID: N/A][0;39m [1;36m[][0;39m [1;32mc.alibaba.druid.filter.stat.StatFilter  [0;39m [1;35m(StatFilter.java:518)[0;39m 
 slow sql 253 millis. UPDATE QRTZ_TRIGGERS SET TRIGGER_STATE = ? WHERE SCHED_NAME = 'schedulerName' AND TRIGGER_NAME = ? AND TRIGGER_GROUP = ? ["PAUSED","tradeOrderAutoCommentJob","DEFAULT"]
2026-06-07 15:23:20.699 | [34m INFO 1721739[0;39m | [1;33mmain [TID: N/A][0;39m [1;36m[][0;39m [1;32mc.d.d.m.i.service.job.JobServiceImpl    [0;39m [1;35m(JobServiceImpl.java:185)[0;39m 
 
[syncJob][id(300200) handlerName(tradeOrderAutoCommentJob) 同步完成]
2026-06-07 15:23:20.961 | [1;31mERROR 1721739[0;39m | [1;33mmain [TID: N/A][0;39m [1;36m[][0;39m [1;32mc.alibaba.druid.filter.stat.StatFilter  [0;39m [1;35m(StatFilter.java:518)[0;39m 
 slow sql 194 millis. DELETE FROM QRTZ_CRON_TRIGGERS WHERE SCHED_NAME = 'schedulerName' AND TRIGGER_NAME = ? AND TRIGGER_GROUP = ? ["tradeOrderAutoReceiveJob","DEFAULT"]
2026-06-07 15:23:21.198 | [1;31mERROR 1721739[0;39m | [1;33mmain [TID: N/A][0;39m [1;36m[][0;39m [1;32mc.alibaba.druid.filter.stat.StatFilter  [0;39m [1;35m(StatFilter.java:518)[0;39m 
 slow sql 236 millis. DELETE FROM QRTZ_TRIGGERS WHERE SCHED_NAME = 'schedulerName' AND TRIGGER_NAME = ? AND TRIGGER_GROUP = ? ["tradeOrderAutoReceiveJob","DEFAULT"]
2026-06-07 15:23:21.548 | [1;31mERROR 1721739[0;39m | [1;33mmain [TID: N/A][0;39m [1;36m[][0;39m [1;32mc.alibaba.druid.filter.stat.StatFilter  [0;39m [1;35m(StatFilter.java:518)[0;39m 
 slow sql 338 millis. DELETE FROM QRTZ_JOB_DETAILS WHERE SCHED_NAME = 'schedulerName' AND JOB_NAME = ? AND JOB_GROUP = ? ["tradeOrderAutoReceiveJob","DEFAULT"]
2026-06-07 15:23:21.781 | [1;31mERROR 1721739[0;39m | [1;33mmain [TID: N/A][0;39m [1;36m[][0;39m [1;32mc.alibaba.druid.filter.stat.StatFilter  [0;39m [1;35m(StatFilter.java:518)[0;39m 
 slow sql 168 millis. INSERT INTO QRTZ_JOB_DETAILS (SCHED_NAME, JOB_NAME, JOB_GROUP, DESCRIPTION, JOB_CLASS_NAME, IS_DURABLE, IS_NONCONCURRENT, IS_UPDATE_DATA, REQUESTS_RECOVERY, JOB_DATA)  VALUES('schedulerName', ?, ?, ?, ?, ?, ?, ?, ?, ?) ["tradeOrderAutoReceiveJob","DEFAULT",null,"com.douyouqu.dyq.framework.quartz.core.handler.JobHandlerInvoker",false,true,true,false,"<[B>"]
2026-06-07 15:23:22.040 | [1;31mERROR 1721739[0;39m | [1;33mmain [TID: N/A][0;39m [1;36m[][0;39m [1;32mc.alibaba.druid.filter.stat.StatFilter  [0;39m [1;35m(StatFilter.java:518)[0;39m 
 slow sql 215 millis. INSERT INTO QRTZ_TRIGGERS (SCHED_NAME, TRIGGER_NAME, TRIGGER_GROUP, JOB_NAME, JOB_GROUP, DESCRIPTION, NEXT_FIRE_TIME, PREV_FIRE_TIME, TRIGGER_STATE, TRIGGER_TYPE, START_TIME, END_TIME, CALENDAR_NAME, MISFIRE_INSTR, JOB_DATA, PRIORITY)  VALUES('schedulerName', ?, ?, ?, ?, ?, ?, ?, ?, ?, ?, ?, ?, ?, ?, ?) ["tradeOrderAutoReceiveJob","DEFAULT","tradeOrderAutoReceiveJob","DEFAULT",null,1780817400000,-1,"WAITING","CRON",1780817001000,0,null,0,"<[B>",5]
2026-06-07 15:23:22.240 | [1;31mERROR 1721739[0;39m | [1;33mmain [TID: N/A][0;39m [1;36m[][0;39m [1;32mc.alibaba.druid.filter.stat.StatFilter  [0;39m [1;35m(StatFilter.java:518)[0;39m 
 slow sql 199 millis. INSERT INTO QRTZ_CRON_TRIGGERS (SCHED_NAME, TRIGGER_NAME, TRIGGER_GROUP, CRON_EXPRESSION, TIME_ZONE_ID)  VALUES('schedulerName', ?, ?, ?, ?) ["tradeOrderAutoReceiveJob","DEFAULT","0 */10 * * * ?","Asia/Shanghai"]
2026-06-07 15:23:22.656 | [1;31mERROR 1721739[0;39m | [1;33mmain [TID: N/A][0;39m [1;36m[][0;39m [1;32mc.alibaba.druid.filter.stat.StatFilter  [0;39m [1;35m(StatFilter.java:518)[0;39m 
 slow sql 363 millis. UPDATE QRTZ_TRIGGERS SET TRIGGER_STATE = ? WHERE SCHED_NAME = 'schedulerName' AND TRIGGER_NAME = ? AND TRIGGER_GROUP = ? ["PAUSED","tradeOrderAutoReceiveJob","DEFAULT"]
2026-06-07 15:23:22.657 | [34m INFO 1721739[0;39m | [1;33mmain [TID: N/A][0;39m [1;36m[][0;39m [1;32mc.d.d.m.i.service.job.JobServiceImpl    [0;39m [1;35m(JobServiceImpl.java:185)[0;39m 
 
[syncJob][id(300201) handlerName(tradeOrderAutoReceiveJob) 同步完成]
2026-06-07 15:23:23.034 | [1;31mERROR 1721739[0;39m | [1;33mmain [TID: N/A][0;39m [1;36m[][0;39m [1;32mc.alibaba.druid.filter.stat.StatFilter  [0;39m [1;35m(StatFilter.java:518)[0;39m 
 slow sql 324 millis. DELETE FROM QRTZ_CRON_TRIGGERS WHERE SCHED_NAME = 'schedulerName' AND TRIGGER_NAME = ? AND TRIGGER_GROUP = ? ["tradeOrderAutoCancelJob","DEFAULT"]
2026-06-07 15:23:23.422 | [1;31mERROR 1721739[0;39m | [1;33mmain [TID: N/A][0;39m [1;36m[][0;39m [1;32mc.alibaba.druid.filter.stat.StatFilter  [0;39m [1;35m(StatFilter.java:518)[0;39m 
 slow sql 387 millis. DELETE FROM QRTZ_TRIGGERS WHERE SCHED_NAME = 'schedulerName' AND TRIGGER_NAME = ? AND TRIGGER_GROUP = ? ["tradeOrderAutoCancelJob","DEFAULT"]
2026-06-07 15:23:24.005 | [1;31mERROR 1721739[0;39m | [1;33mmain [TID: N/A][0;39m [1;36m[][0;39m [1;32mc.alibaba.druid.filter.stat.StatFilter  [0;39m [1;35m(StatFilter.java:518)[0;39m 
 slow sql 571 millis. DELETE FROM QRTZ_JOB_DETAILS WHERE SCHED_NAME = 'schedulerName' AND JOB_NAME = ? AND JOB_GROUP = ? ["tradeOrderAutoCancelJob","DEFAULT"]
2026-06-07 15:23:24.472 | [1;31mERROR 1721739[0;39m | [1;33mmain [TID: N/A][0;39m [1;36m[][0;39m [1;32mc.alibaba.druid.filter.stat.StatFilter  [0;39m [1;35m(StatFilter.java:518)[0;39m 
 slow sql 396 millis. INSERT INTO QRTZ_JOB_DETAILS (SCHED_NAME, JOB_NAME, JOB_GROUP, DESCRIPTION, JOB_CLASS_NAME, IS_DURABLE, IS_NONCONCURRENT, IS_UPDATE_DATA, REQUESTS_RECOVERY, JOB_DATA)  VALUES('schedulerName', ?, ?, ?, ?, ?, ?, ?, ?, ?) ["tradeOrderAutoCancelJob","DEFAULT",null,"com.douyouqu.dyq.framework.quartz.core.handler.JobHandlerInvoker",false,true,true,false,"<[B>"]
2026-06-07 15:23:24.806 | [1;31mERROR 1721739[0;39m | [1;33mmain [TID: N/A][0;39m [1;36m[][0;39m [1;32mc.alibaba.druid.filter.stat.StatFilter  [0;39m [1;35m(StatFilter.java:518)[0;39m 
 slow sql 292 millis. INSERT INTO QRTZ_TRIGGERS (SCHED_NAME, TRIGGER_NAME, TRIGGER_GROUP, JOB_NAME, JOB_GROUP, DESCRIPTION, NEXT_FIRE_TIME, PREV_FIRE_TIME, TRIGGER_STATE, TRIGGER_TYPE, START_TIME, END_TIME, CALENDAR_NAME, MISFIRE_INSTR, JOB_DATA, PRIORITY)  VALUES('schedulerName', ?, ?, ?, ?, ?, ?, ?, ?, ?, ?, ?, ?, ?, ?, ?) ["tradeOrderAutoCancelJob","DEFAULT","tradeOrderAutoCancelJob","DEFAULT",null,1780817400000,-1,"WAITING","CRON",1780817004000,0,null,0,"<[B>",5]
2026-06-07 15:23:25.072 | [1;31mERROR 1721739[0;39m | [1;33mmain [TID: N/A][0;39m [1;36m[][0;39m [1;32mc.alibaba.druid.filter.stat.StatFilter  [0;39m [1;35m(StatFilter.java:518)[0;39m 
 slow sql 265 millis. INSERT INTO QRTZ_CRON_TRIGGERS (SCHED_NAME, TRIGGER_NAME, TRIGGER_GROUP, CRON_EXPRESSION, TIME_ZONE_ID)  VALUES('schedulerName', ?, ?, ?, ?) ["tradeOrderAutoCancelJob","DEFAULT","0 */10 * * * ?","Asia/Shanghai"]
2026-06-07 15:23:25.380 | [1;31mERROR 1721739[0;39m | [1;33mmain [TID: N/A][0;39m [1;36m[][0;39m [1;32mc.alibaba.druid.filter.stat.StatFilter  [0;39m [1;35m(StatFilter.java:518)[0;39m 
 slow sql 252 millis. UPDATE QRTZ_TRIGGERS SET TRIGGER_STATE = ? WHERE SCHED_NAME = 'schedulerName' AND TRIGGER_NAME = ? AND TRIGGER_GROUP = ? ["PAUSED","tradeOrderAutoCancelJob","DEFAULT"]
2026-06-07 15:23:25.381 | [34m INFO 1721739[0;39m | [1;33mmain [TID: N/A][0;39m [1;36m[][0;39m [1;32mc.d.d.m.i.service.job.JobServiceImpl    [0;39m [1;35m(JobServiceImpl.java:185)[0;39m 
 
[syncJob][id(300202) handlerName(tradeOrderAutoCancelJob) 同步完成]
2026-06-07 15:23:25.631 | [1;31mERROR 1721739[0;39m | [1;33mmain [TID: N/A][0;39m [1;36m[][0;39m [1;32mc.alibaba.druid.filter.stat.StatFilter  [0;39m [1;35m(StatFilter.java:518)[0;39m 
 slow sql 197 millis. DELETE FROM QRTZ_CRON_TRIGGERS WHERE SCHED_NAME = 'schedulerName' AND TRIGGER_NAME = ? AND TRIGGER_GROUP = ? ["brokerageRecordUnfreezeJob","DEFAULT"]
2026-06-07 15:23:25.872 | [1;31mERROR 1721739[0;39m | [1;33mmain [TID: N/A][0;39m [1;36m[][0;39m [1;32mc.alibaba.druid.filter.stat.StatFilter  [0;39m [1;35m(StatFilter.java:518)[0;39m 
 slow sql 240 millis. DELETE FROM QRTZ_TRIGGERS WHERE SCHED_NAME = 'schedulerName' AND TRIGGER_NAME = ? AND TRIGGER_GROUP = ? ["brokerageRecordUnfreezeJob","DEFAULT"]
2026-06-07 15:23:26.080 | [1;31mERROR 1721739[0;39m | [1;33mmain [TID: N/A][0;39m [1;36m[][0;39m [1;32mc.alibaba.druid.filter.stat.StatFilter  [0;39m [1;35m(StatFilter.java:518)[0;39m 
 slow sql 196 millis. DELETE FROM QRTZ_JOB_DETAILS WHERE SCHED_NAME = 'schedulerName' AND JOB_NAME = ? AND JOB_GROUP = ? ["brokerageRecordUnfreezeJob","DEFAULT"]
2026-06-07 15:23:26.347 | [1;31mERROR 1721739[0;39m | [1;33mmain [TID: N/A][0;39m [1;36m[][0;39m [1;32mc.alibaba.druid.filter.stat.StatFilter  [0;39m [1;35m(StatFilter.java:518)[0;39m 
 slow sql 200 millis. INSERT INTO QRTZ_JOB_DETAILS (SCHED_NAME, JOB_NAME, JOB_GROUP, DESCRIPTION, JOB_CLASS_NAME, IS_DURABLE, IS_NONCONCURRENT, IS_UPDATE_DATA, REQUESTS_RECOVERY, JOB_DATA)  VALUES('schedulerName', ?, ?, ?, ?, ?, ?, ?, ?, ?) ["brokerageRecordUnfreezeJob","DEFAULT",null,"com.douyouqu.dyq.framework.quartz.core.handler.JobHandlerInvoker",false,true,true,false,"<[B>"]
2026-06-07 15:23:26.647 | [1;31mERROR 1721739[0;39m | [1;33mmain [TID: N/A][0;39m [1;36m[][0;39m [1;32mc.alibaba.druid.filter.stat.StatFilter  [0;39m [1;35m(StatFilter.java:518)[0;39m 
 slow sql 256 millis. INSERT INTO QRTZ_TRIGGERS (SCHED_NAME, TRIGGER_NAME, TRIGGER_GROUP, JOB_NAME, JOB_GROUP, DESCRIPTION, NEXT_FIRE_TIME, PREV_FIRE_TIME, TRIGGER_STATE, TRIGGER_TYPE, START_TIME, END_TIME, CALENDAR_NAME, MISFIRE_INSTR, JOB_DATA, PRIORITY)  VALUES('schedulerName', ?, ?, ?, ?, ?, ?, ?, ?, ?, ?, ?, ?, ?, ?, ?) ["brokerageRecordUnfreezeJob","DEFAULT","brokerageRecordUnfreezeJob","DEFAULT",null,1780819200000,-1,"WAITING","CRON",1780817006000,0,null,0,"<[B>",5]
2026-06-07 15:23:26.872 | [1;31mERROR 1721739[0;39m | [1;33mmain [TID: N/A][0;39m [1;36m[][0;39m [1;32mc.alibaba.druid.filter.stat.StatFilter  [0;39m [1;35m(StatFilter.java:518)[0;39m 
 slow sql 224 millis. INSERT INTO QRTZ_CRON_TRIGGERS (SCHED_NAME, TRIGGER_NAME, TRIGGER_GROUP, CRON_EXPRESSION, TIME_ZONE_ID)  VALUES('schedulerName', ?, ?, ?, ?) ["brokerageRecordUnfreezeJob","DEFAULT","0 0 * * * ?","Asia/Shanghai"]
2026-06-07 15:23:27.180 | [1;31mERROR 1721739[0;39m | [1;33mmain [TID: N/A][0;39m [1;36m[][0;39m [1;32mc.alibaba.druid.filter.stat.StatFilter  [0;39m [1;35m(StatFilter.java:518)[0;39m 
 slow sql 254 millis. UPDATE QRTZ_TRIGGERS SET TRIGGER_STATE = ? WHERE SCHED_NAME = 'schedulerName' AND TRIGGER_NAME = ? AND TRIGGER_GROUP = ? ["PAUSED","brokerageRecordUnfreezeJob","DEFAULT"]
2026-06-07 15:23:27.180 | [34m INFO 1721739[0;39m | [1;33mmain [TID: N/A][0;39m [1;36m[][0;39m [1;32mc.d.d.m.i.service.job.JobServiceImpl    [0;39m [1;35m(JobServiceImpl.java:185)[0;39m 
 
[syncJob][id(300203) handlerName(brokerageRecordUnfreezeJob) 同步完成]
2026-06-07 15:23:27.489 | [1;31mERROR 1721739[0;39m | [1;33mmain [TID: N/A][0;39m [1;36m[][0;39m [1;32mc.alibaba.druid.filter.stat.StatFilter  [0;39m [1;35m(StatFilter.java:518)[0;39m 
 slow sql 256 millis. DELETE FROM QRTZ_CRON_TRIGGERS WHERE SCHED_NAME = 'schedulerName' AND TRIGGER_NAME = ? AND TRIGGER_GROUP = ? ["tradeStatisticsJob","DEFAULT"]
2026-06-07 15:23:27.622 | [1;31mERROR 1721739[0;39m | [1;33mmain [TID: N/A][0;39m [1;36m[][0;39m [1;32mc.alibaba.druid.filter.stat.StatFilter  [0;39m [1;35m(StatFilter.java:518)[0;39m 
 slow sql 132 millis. DELETE FROM QRTZ_TRIGGERS WHERE SCHED_NAME = 'schedulerName' AND TRIGGER_NAME = ? AND TRIGGER_GROUP = ? ["tradeStatisticsJob","DEFAULT"]
2026-06-07 15:23:27.900 | [1;31mERROR 1721739[0;39m | [1;33mmain [TID: N/A][0;39m [1;36m[][0;39m [1;32mc.alibaba.druid.filter.stat.StatFilter  [0;39m [1;35m(StatFilter.java:518)[0;39m 
 slow sql 266 millis. DELETE FROM QRTZ_JOB_DETAILS WHERE SCHED_NAME = 'schedulerName' AND JOB_NAME = ? AND JOB_GROUP = ? ["tradeStatisticsJob","DEFAULT"]
2026-06-07 15:23:28.172 | [1;31mERROR 1721739[0;39m | [1;33mmain [TID: N/A][0;39m [1;36m[][0;39m [1;32mc.alibaba.druid.filter.stat.StatFilter  [0;39m [1;35m(StatFilter.java:518)[0;39m 
 slow sql 196 millis. INSERT INTO QRTZ_JOB_DETAILS (SCHED_NAME, JOB_NAME, JOB_GROUP, DESCRIPTION, JOB_CLASS_NAME, IS_DURABLE, IS_NONCONCURRENT, IS_UPDATE_DATA, REQUESTS_RECOVERY, JOB_DATA)  VALUES('schedulerName', ?, ?, ?, ?, ?, ?, ?, ?, ?) ["tradeStatisticsJob","DEFAULT",null,"com.douyouqu.dyq.framework.quartz.core.handler.JobHandlerInvoker",false,true,true,false,"<[B>"]
2026-06-07 15:23:28.505 | [1;31mERROR 1721739[0;39m | [1;33mmain [TID: N/A][0;39m [1;36m[][0;39m [1;32mc.alibaba.druid.filter.stat.StatFilter  [0;39m [1;35m(StatFilter.java:518)[0;39m 
 slow sql 288 millis. INSERT INTO QRTZ_TRIGGERS (SCHED_NAME, TRIGGER_NAME, TRIGGER_GROUP, JOB_NAME, JOB_GROUP, DESCRIPTION, NEXT_FIRE_TIME, PREV_FIRE_TIME, TRIGGER_STATE, TRIGGER_TYPE, START_TIME, END_TIME, CALENDAR_NAME, MISFIRE_INSTR, JOB_DATA, PRIORITY)  VALUES('schedulerName', ?, ?, ?, ?, ?, ?, ?, ?, ?, ?, ?, ?, ?, ?, ?) ["tradeStatisticsJob","DEFAULT","tradeStatisticsJob","DEFAULT",null,1780817400000,-1,"WAITING","CRON",1780817007000,0,null,0,"<[B>",5]
2026-06-07 15:23:28.804 | [1;31mERROR 1721739[0;39m | [1;33mmain [TID: N/A][0;39m [1;36m[][0;39m [1;32mc.alibaba.druid.filter.stat.StatFilter  [0;39m [1;35m(StatFilter.java:518)[0;39m 
 slow sql 298 millis. INSERT INTO QRTZ_CRON_TRIGGERS (SCHED_NAME, TRIGGER_NAME, TRIGGER_GROUP, CRON_EXPRESSION, TIME_ZONE_ID)  VALUES('schedulerName', ?, ?, ?, ?) ["tradeStatisticsJob","DEFAULT","0 */30 * * * ?","Asia/Shanghai"]
2026-06-07 15:23:29.130 | [1;31mERROR 1721739[0;39m | [1;33mmain [TID: N/A][0;39m [1;36m[][0;39m [1;32mc.alibaba.druid.filter.stat.StatFilter  [0;39m [1;35m(StatFilter.java:518)[0;39m 
 slow sql 271 millis. UPDATE QRTZ_TRIGGERS SET TRIGGER_STATE = ? WHERE SCHED_NAME = 'schedulerName' AND TRIGGER_NAME = ? AND TRIGGER_GROUP = ? ["PAUSED","tradeStatisticsJob","DEFAULT"]
2026-06-07 15:23:29.130 | [34m INFO 1721739[0;39m | [1;33mmain [TID: N/A][0;39m [1;36m[][0;39m [1;32mc.d.d.m.i.service.job.JobServiceImpl    [0;39m [1;35m(JobServiceImpl.java:185)[0;39m 
 
[syncJob][id(300210) handlerName(tradeStatisticsJob) 同步完成]
2026-06-07 15:23:29.430 | [1;31mERROR 1721739[0;39m | [1;33mmain [TID: N/A][0;39m [1;36m[][0;39m [1;32mc.alibaba.druid.filter.stat.StatFilter  [0;39m [1;35m(StatFilter.java:518)[0;39m 
 slow sql 248 millis. DELETE FROM QRTZ_CRON_TRIGGERS WHERE SCHED_NAME = 'schedulerName' AND TRIGGER_NAME = ? AND TRIGGER_GROUP = ? ["productStatisticsJob","DEFAULT"]
2026-06-07 15:23:29.724 | [1;31mERROR 1721739[0;39m | [1;33mmain [TID: N/A][0;39m [1;36m[][0;39m [1;32mc.alibaba.druid.filter.stat.StatFilter  [0;39m [1;35m(StatFilter.java:518)[0;39m 
 slow sql 293 millis. DELETE FROM QRTZ_TRIGGERS WHERE SCHED_NAME = 'schedulerName' AND TRIGGER_NAME = ? AND TRIGGER_GROUP = ? ["productStatisticsJob","DEFAULT"]
2026-06-07 15:23:29.946 | [1;31mERROR 1721739[0;39m | [1;33mmain [TID: N/A][0;39m [1;36m[][0;39m [1;32mc.alibaba.druid.filter.stat.StatFilter  [0;39m [1;35m(StatFilter.java:518)[0;39m 
 slow sql 210 millis. DELETE FROM QRTZ_JOB_DETAILS WHERE SCHED_NAME = 'schedulerName' AND JOB_NAME = ? AND JOB_GROUP = ? ["productStatisticsJob","DEFAULT"]
2026-06-07 15:23:30.271 | [1;31mERROR 1721739[0;39m | [1;33mmain [TID: N/A][0;39m [1;36m[][0;39m [1;32mc.alibaba.druid.filter.stat.StatFilter  [0;39m [1;35m(StatFilter.java:518)[0;39m 
 slow sql 253 millis. INSERT INTO QRTZ_JOB_DETAILS (SCHED_NAME, JOB_NAME, JOB_GROUP, DESCRIPTION, JOB_CLASS_NAME, IS_DURABLE, IS_NONCONCURRENT, IS_UPDATE_DATA, REQUESTS_RECOVERY, JOB_DATA)  VALUES('schedulerName', ?, ?, ?, ?, ?, ?, ?, ?, ?) ["productStatisticsJob","DEFAULT",null,"com.douyouqu.dyq.framework.quartz.core.handler.JobHandlerInvoker",false,true,true,false,"<[B>"]
2026-06-07 15:23:30.580 | [1;31mERROR 1721739[0;39m | [1;33mmain [TID: N/A][0;39m [1;36m[][0;39m [1;32mc.alibaba.druid.filter.stat.StatFilter  [0;39m [1;35m(StatFilter.java:518)[0;39m 
 slow sql 264 millis. INSERT INTO QRTZ_TRIGGERS (SCHED_NAME, TRIGGER_NAME, TRIGGER_GROUP, JOB_NAME, JOB_GROUP, DESCRIPTION, NEXT_FIRE_TIME, PREV_FIRE_TIME, TRIGGER_STATE, TRIGGER_TYPE, START_TIME, END_TIME, CALENDAR_NAME, MISFIRE_INSTR, JOB_DATA, PRIORITY)  VALUES('schedulerName', ?, ?, ?, ?, ?, ?, ?, ?, ?, ?, ?, ?, ?, ?, ?) ["productStatisticsJob","DEFAULT","productStatisticsJob","DEFAULT",null,1780817400000,-1,"WAITING","CRON",1780817009000,0,null,0,"<[B>",5]
2026-06-07 15:23:30.939 | [1;31mERROR 1721739[0;39m | [1;33mmain [TID: N/A][0;39m [1;36m[][0;39m [1;32mc.alibaba.druid.filter.stat.StatFilter  [0;39m [1;35m(StatFilter.java:518)[0;39m 
 slow sql 358 millis. INSERT INTO QRTZ_CRON_TRIGGERS (SCHED_NAME, TRIGGER_NAME, TRIGGER_GROUP, CRON_EXPRESSION, TIME_ZONE_ID)  VALUES('schedulerName', ?, ?, ?, ?) ["productStatisticsJob","DEFAULT","0 */30 * * * ?","Asia/Shanghai"]
2026-06-07 15:23:31.271 | [1;31mERROR 1721739[0;39m | [1;33mmain [TID: N/A][0;39m [1;36m[][0;39m [1;32mc.alibaba.druid.filter.stat.StatFilter  [0;39m [1;35m(StatFilter.java:518)[0;39m 
 slow sql 278 millis. UPDATE QRTZ_TRIGGERS SET TRIGGER_STATE = ? WHERE SCHED_NAME = 'schedulerName' AND TRIGGER_NAME = ? AND TRIGGER_GROUP = ? ["PAUSED","productStatisticsJob","DEFAULT"]
2026-06-07 15:23:31.272 | [34m INFO 1721739[0;39m | [1;33mmain [TID: N/A][0;39m [1;36m[][0;39m [1;32mc.d.d.m.i.service.job.JobServiceImpl    [0;39m [1;35m(JobServiceImpl.java:185)[0;39m 
 
[syncJob][id(300211) handlerName(productStatisticsJob) 同步完成]
2026-06-07 15:23:31.904 | [1;31mERROR 1721739[0;39m | [1;33mmain [TID: N/A][0;39m [1;36m[][0;39m [1;32mc.alibaba.druid.filter.stat.StatFilter  [0;39m [1;35m(StatFilter.java:518)[0;39m 
 slow sql 579 millis. DELETE FROM QRTZ_CRON_TRIGGERS WHERE SCHED_NAME = 'schedulerName' AND TRIGGER_NAME = ? AND TRIGGER_GROUP = ? ["couponExpireJob","DEFAULT"]
2026-06-07 15:23:32.163 | [1;31mERROR 1721739[0;39m | [1;33mmain [TID: N/A][0;39m [1;36m[][0;39m [1;32mc.alibaba.druid.filter.stat.StatFilter  [0;39m [1;35m(StatFilter.java:518)[0;39m 
 slow sql 257 millis. DELETE FROM QRTZ_TRIGGERS WHERE SCHED_NAME = 'schedulerName' AND TRIGGER_NAME = ? AND TRIGGER_GROUP = ? ["couponExpireJob","DEFAULT"]
2026-06-07 15:23:32.412 | [1;31mERROR 1721739[0;39m | [1;33mmain [TID: N/A][0;39m [1;36m[][0;39m [1;32mc.alibaba.druid.filter.stat.StatFilter  [0;39m [1;35m(StatFilter.java:518)[0;39m 
 slow sql 238 millis. DELETE FROM QRTZ_JOB_DETAILS WHERE SCHED_NAME = 'schedulerName' AND JOB_NAME = ? AND JOB_GROUP = ? ["couponExpireJob","DEFAULT"]
2026-06-07 15:23:32.746 | [1;31mERROR 1721739[0;39m | [1;33mmain [TID: N/A][0;39m [1;36m[][0;39m [1;32mc.alibaba.druid.filter.stat.StatFilter  [0;39m [1;35m(StatFilter.java:518)[0;39m 
 slow sql 268 millis. INSERT INTO QRTZ_JOB_DETAILS (SCHED_NAME, JOB_NAME, JOB_GROUP, DESCRIPTION, JOB_CLASS_NAME, IS_DURABLE, IS_NONCONCURRENT, IS_UPDATE_DATA, REQUESTS_RECOVERY, JOB_DATA)  VALUES('schedulerName', ?, ?, ?, ?, ?, ?, ?, ?, ?) ["couponExpireJob","DEFAULT",null,"com.douyouqu.dyq.framework.quartz.core.handler.JobHandlerInvoker",false,true,true,false,"<[B>"]
2026-06-07 15:23:33.004 | [1;31mERROR 1721739[0;39m | [1;33mmain [TID: N/A][0;39m [1;36m[][0;39m [1;32mc.alibaba.druid.filter.stat.StatFilter  [0;39m [1;35m(StatFilter.java:518)[0;39m 
 slow sql 215 millis. INSERT INTO QRTZ_TRIGGERS (SCHED_NAME, TRIGGER_NAME, TRIGGER_GROUP, JOB_NAME, JOB_GROUP, DESCRIPTION, NEXT_FIRE_TIME, PREV_FIRE_TIME, TRIGGER_STATE, TRIGGER_TYPE, START_TIME, END_TIME, CALENDAR_NAME, MISFIRE_INSTR, JOB_DATA, PRIORITY)  VALUES('schedulerName', ?, ?, ?, ?, ?, ?, ?, ?, ?, ?, ?, ?, ?, ?, ?) ["couponExpireJob","DEFAULT","couponExpireJob","DEFAULT",null,1780819200000,-1,"WAITING","CRON",1780817012000,0,null,0,"<[B>",5]
2026-06-07 15:23:33.162 | [1;31mERROR 1721739[0;39m | [1;33mmain [TID: N/A][0;39m [1;36m[][0;39m [1;32mc.alibaba.druid.filter.stat.StatFilter  [0;39m [1;35m(StatFilter.java:518)[0;39m 
 slow sql 157 millis. INSERT INTO QRTZ_CRON_TRIGGERS (SCHED_NAME, TRIGGER_NAME, TRIGGER_GROUP, CRON_EXPRESSION, TIME_ZONE_ID)  VALUES('schedulerName', ?, ?, ?, ?) ["couponExpireJob","DEFAULT","0 0 * * * ?","Asia/Shanghai"]
2026-06-07 15:23:33.484 | [1;31mERROR 1721739[0;39m | [1;33mmain [TID: N/A][0;39m [1;36m[][0;39m [1;32mc.alibaba.druid.filter.stat.StatFilter  [0;39m [1;35m(StatFilter.java:518)[0;39m 
 slow sql 269 millis. UPDATE QRTZ_TRIGGERS SET TRIGGER_STATE = ? WHERE SCHED_NAME = 'schedulerName' AND TRIGGER_NAME = ? AND TRIGGER_GROUP = ? ["PAUSED","couponExpireJob","DEFAULT"]
2026-06-07 15:23:33.484 | [34m INFO 1721739[0;39m | [1;33mmain [TID: N/A][0;39m [1;36m[][0;39m [1;32mc.d.d.m.i.service.job.JobServiceImpl    [0;39m [1;35m(JobServiceImpl.java:185)[0;39m 
 
[syncJob][id(300220) handlerName(couponExpireJob) 同步完成]
2026-06-07 15:23:33.776 | [1;31mERROR 1721739[0;39m | [1;33mmain [TID: N/A][0;39m [1;36m[][0;39m [1;32mc.alibaba.druid.filter.stat.StatFilter  [0;39m [1;35m(StatFilter.java:518)[0;39m 
 slow sql 239 millis. DELETE FROM QRTZ_CRON_TRIGGERS WHERE SCHED_NAME = 'schedulerName' AND TRIGGER_NAME = ? AND TRIGGER_GROUP = ? ["combinationRecordExpireJob","DEFAULT"]
2026-06-07 15:23:34.029 | [1;31mERROR 1721739[0;39m | [1;33mmain [TID: N/A][0;39m [1;36m[][0;39m [1;32mc.alibaba.druid.filter.stat.StatFilter  [0;39m [1;35m(StatFilter.java:518)[0;39m 
 slow sql 252 millis. DELETE FROM QRTZ_TRIGGERS WHERE SCHED_NAME = 'schedulerName' AND TRIGGER_NAME = ? AND TRIGGER_GROUP = ? ["combinationRecordExpireJob","DEFAULT"]
2026-06-07 15:23:34.254 | [1;31mERROR 1721739[0;39m | [1;33mmain [TID: N/A][0;39m [1;36m[][0;39m [1;32mc.alibaba.druid.filter.stat.StatFilter  [0;39m [1;35m(StatFilter.java:518)[0;39m 
 slow sql 213 millis. DELETE FROM QRTZ_JOB_DETAILS WHERE SCHED_NAME = 'schedulerName' AND JOB_NAME = ? AND JOB_GROUP = ? ["combinationRecordExpireJob","DEFAULT"]
2026-06-07 15:23:34.612 | [1;31mERROR 1721739[0;39m | [1;33mmain [TID: N/A][0;39m [1;36m[][0;39m [1;32mc.alibaba.druid.filter.stat.StatFilter  [0;39m [1;35m(StatFilter.java:518)[0;39m 
 slow sql 292 millis. INSERT INTO QRTZ_JOB_DETAILS (SCHED_NAME, JOB_NAME, JOB_GROUP, DESCRIPTION, JOB_CLASS_NAME, IS_DURABLE, IS_NONCONCURRENT, IS_UPDATE_DATA, REQUESTS_RECOVERY, JOB_DATA)  VALUES('schedulerName', ?, ?, ?, ?, ?, ?, ?, ?, ?) ["combinationRecordExpireJob","DEFAULT",null,"com.douyouqu.dyq.framework.quartz.core.handler.JobHandlerInvoker",false,true,true,false,"<[B>"]
2026-06-07 15:23:34.904 | [1;31mERROR 1721739[0;39m | [1;33mmain [TID: N/A][0;39m [1;36m[][0;39m [1;32mc.alibaba.druid.filter.stat.StatFilter  [0;39m [1;35m(StatFilter.java:518)[0;39m 
 slow sql 246 millis. INSERT INTO QRTZ_TRIGGERS (SCHED_NAME, TRIGGER_NAME, TRIGGER_GROUP, JOB_NAME, JOB_GROUP, DESCRIPTION, NEXT_FIRE_TIME, PREV_FIRE_TIME, TRIGGER_STATE, TRIGGER_TYPE, START_TIME, END_TIME, CALENDAR_NAME, MISFIRE_INSTR, JOB_DATA, PRIORITY)  VALUES('schedulerName', ?, ?, ?, ?, ?, ?, ?, ?, ?, ?, ?, ?, ?, ?, ?) ["combinationRecordExpireJob","DEFAULT","combinationRecordExpireJob","DEFAULT",null,1780817400000,-1,"WAITING","CRON",1780817014000,0,null,0,"<[B>",5]
2026-06-07 15:23:35.045 | [1;31mERROR 1721739[0;39m | [1;33mmain [TID: N/A][0;39m [1;36m[][0;39m [1;32mc.alibaba.druid.filter.stat.StatFilter  [0;39m [1;35m(StatFilter.java:518)[0;39m 
 slow sql 141 millis. INSERT INTO QRTZ_CRON_TRIGGERS (SCHED_NAME, TRIGGER_NAME, TRIGGER_GROUP, CRON_EXPRESSION, TIME_ZONE_ID)  VALUES('schedulerName', ?, ?, ?, ?) ["combinationRecordExpireJob","DEFAULT","0 */10 * * * ?","Asia/Shanghai"]
2026-06-07 15:23:35.312 | [1;31mERROR 1721739[0;39m | [1;33mmain [TID: N/A][0;39m [1;36m[][0;39m [1;32mc.alibaba.druid.filter.stat.StatFilter  [0;39m [1;35m(StatFilter.java:518)[0;39m 
 slow sql 212 millis. UPDATE QRTZ_TRIGGERS SET TRIGGER_STATE = ? WHERE SCHED_NAME = 'schedulerName' AND TRIGGER_NAME = ? AND TRIGGER_GROUP = ? ["PAUSED","combinationRecordExpireJob","DEFAULT"]
2026-06-07 15:23:35.312 | [34m INFO 1721739[0;39m | [1;33mmain [TID: N/A][0;39m [1;36m[][0;39m [1;32mc.d.d.m.i.service.job.JobServiceImpl    [0;39m [1;35m(JobServiceImpl.java:185)[0;39m 
 
[syncJob][id(300221) handlerName(combinationRecordExpireJob) 同步完成]
2026-06-07 15:23:35.645 | [1;31mERROR 1721739[0;39m | [1;33mmain [TID: N/A][0;39m [1;36m[][0;39m [1;32mc.alibaba.druid.filter.stat.StatFilter  [0;39m [1;35m(StatFilter.java:518)[0;39m 
 slow sql 279 millis. DELETE FROM QRTZ_CRON_TRIGGERS WHERE SCHED_NAME = 'schedulerName' AND TRIGGER_NAME = ? AND TRIGGER_GROUP = ? ["payRefundSyncJob","DEFAULT"]
2026-06-07 15:23:35.930 | [1;31mERROR 1721739[0;39m | [1;33mmain [TID: N/A][0;39m [1;36m[][0;39m [1;32mc.alibaba.druid.filter.stat.StatFilter  [0;39m [1;35m(StatFilter.java:518)[0;39m 
 slow sql 284 millis. DELETE FROM QRTZ_TRIGGERS WHERE SCHED_NAME = 'schedulerName' AND TRIGGER_NAME = ? AND TRIGGER_GROUP = ? ["payRefundSyncJob","DEFAULT"]
2026-06-07 15:23:36.187 | [1;31mERROR 1721739[0;39m | [1;33mmain [TID: N/A][0;39m [1;36m[][0;39m [1;32mc.alibaba.druid.filter.stat.StatFilter  [0;39m [1;35m(StatFilter.java:518)[0;39m 
 slow sql 245 millis. DELETE FROM QRTZ_JOB_DETAILS WHERE SCHED_NAME = 'schedulerName' AND JOB_NAME = ? AND JOB_GROUP = ? ["payRefundSyncJob","DEFAULT"]
2026-06-07 15:23:36.511 | [1;31mERROR 1721739[0;39m | [1;33mmain [TID: N/A][0;39m [1;36m[][0;39m [1;32mc.alibaba.druid.filter.stat.StatFilter  [0;39m [1;35m(StatFilter.java:518)[0;39m 
 slow sql 261 millis. INSERT INTO QRTZ_JOB_DETAILS (SCHED_NAME, JOB_NAME, JOB_GROUP, DESCRIPTION, JOB_CLASS_NAME, IS_DURABLE, IS_NONCONCURRENT, IS_UPDATE_DATA, REQUESTS_RECOVERY, JOB_DATA)  VALUES('schedulerName', ?, ?, ?, ?, ?, ?, ?, ?, ?) ["payRefundSyncJob","DEFAULT",null,"com.douyouqu.dyq.framework.quartz.core.handler.JobHandlerInvoker",false,true,true,false,"<[B>"]
2026-06-07 15:23:36.795 | [1;31mERROR 1721739[0;39m | [1;33mmain [TID: N/A][0;39m [1;36m[][0;39m [1;32mc.alibaba.druid.filter.stat.StatFilter  [0;39m [1;35m(StatFilter.java:518)[0;39m 
 slow sql 240 millis. INSERT INTO QRTZ_TRIGGERS (SCHED_NAME, TRIGGER_NAME, TRIGGER_GROUP, JOB_NAME, JOB_GROUP, DESCRIPTION, NEXT_FIRE_TIME, PREV_FIRE_TIME, TRIGGER_STATE, TRIGGER_TYPE, START_TIME, END_TIME, CALENDAR_NAME, MISFIRE_INSTR, JOB_DATA, PRIORITY)  VALUES('schedulerName', ?, ?, ?, ?, ?, ?, ?, ?, ?, ?, ?, ?, ?, ?, ?) ["payRefundSyncJob","DEFAULT","payRefundSyncJob","DEFAULT",null,1780817020000,-1,"WAITING","CRON",1780817016000,0,null,0,"<[B>",5]
2026-06-07 15:23:37.095 | [1;31mERROR 1721739[0;39m | [1;33mmain [TID: N/A][0;39m [1;36m[][0;39m [1;32mc.alibaba.druid.filter.stat.StatFilter  [0;39m [1;35m(StatFilter.java:518)[0;39m 
 slow sql 299 millis. INSERT INTO QRTZ_CRON_TRIGGERS (SCHED_NAME, TRIGGER_NAME, TRIGGER_GROUP, CRON_EXPRESSION, TIME_ZONE_ID)  VALUES('schedulerName', ?, ?, ?, ?) ["payRefundSyncJob","DEFAULT","*/5 * * * * ?","Asia/Shanghai"]
2026-06-07 15:23:37.386 | [1;31mERROR 1721739[0;39m | [1;33mmain [TID: N/A][0;39m [1;36m[][0;39m [1;32mc.alibaba.druid.filter.stat.StatFilter  [0;39m [1;35m(StatFilter.java:518)[0;39m 
 slow sql 237 millis. UPDATE QRTZ_TRIGGERS SET TRIGGER_STATE = ? WHERE SCHED_NAME = 'schedulerName' AND TRIGGER_NAME = ? AND TRIGGER_GROUP = ? ["PAUSED","payRefundSyncJob","DEFAULT"]
2026-06-07 15:23:37.387 | [34m INFO 1721739[0;39m | [1;33mmain [TID: N/A][0;39m [1;36m[][0;39m [1;32mc.d.d.m.i.service.job.JobServiceImpl    [0;39m [1;35m(JobServiceImpl.java:185)[0;39m 
 
[syncJob][id(300230) handlerName(payRefundSyncJob) 同步完成]
2026-06-07 15:23:37.686 | [1;31mERROR 1721739[0;39m | [1;33mmain [TID: N/A][0;39m [1;36m[][0;39m [1;32mc.alibaba.druid.filter.stat.StatFilter  [0;39m [1;35m(StatFilter.java:518)[0;39m 
 slow sql 246 millis. DELETE FROM QRTZ_CRON_TRIGGERS WHERE SCHED_NAME = 'schedulerName' AND TRIGGER_NAME = ? AND TRIGGER_GROUP = ? ["payTransferSyncJob","DEFAULT"]
2026-06-07 15:23:37.978 | [1;31mERROR 1721739[0;39m | [1;33mmain [TID: N/A][0;39m [1;36m[][0;39m [1;32mc.alibaba.druid.filter.stat.StatFilter  [0;39m [1;35m(StatFilter.java:518)[0;39m 
 slow sql 291 millis. DELETE FROM QRTZ_TRIGGERS WHERE SCHED_NAME = 'schedulerName' AND TRIGGER_NAME = ? AND TRIGGER_GROUP = ? ["payTransferSyncJob","DEFAULT"]
2026-06-07 15:23:38.325 | [1;31mERROR 1721739[0;39m | [1;33mmain [TID: N/A][0;39m [1;36m[][0;39m [1;32mc.alibaba.druid.filter.stat.StatFilter  [0;39m [1;35m(StatFilter.java:518)[0;39m 
 slow sql 336 millis. DELETE FROM QRTZ_JOB_DETAILS WHERE SCHED_NAME = 'schedulerName' AND JOB_NAME = ? AND JOB_GROUP = ? ["payTransferSyncJob","DEFAULT"]
2026-06-07 15:23:38.544 | [1;31mERROR 1721739[0;39m | [1;33mmain [TID: N/A][0;39m [1;36m[][0;39m [1;32mc.alibaba.druid.filter.stat.StatFilter  [0;39m [1;35m(StatFilter.java:518)[0;39m 
 slow sql 154 millis. INSERT INTO QRTZ_JOB_DETAILS (SCHED_NAME, JOB_NAME, JOB_GROUP, DESCRIPTION, JOB_CLASS_NAME, IS_DURABLE, IS_NONCONCURRENT, IS_UPDATE_DATA, REQUESTS_RECOVERY, JOB_DATA)  VALUES('schedulerName', ?, ?, ?, ?, ?, ?, ?, ?, ?) ["payTransferSyncJob","DEFAULT",null,"com.douyouqu.dyq.framework.quartz.core.handler.JobHandlerInvoker",false,true,true,false,"<[B>"]
2026-06-07 15:23:38.778 | [1;31mERROR 1721739[0;39m | [1;33mmain [TID: N/A][0;39m [1;36m[][0;39m [1;32mc.alibaba.druid.filter.stat.StatFilter  [0;39m [1;35m(StatFilter.java:518)[0;39m 
 slow sql 190 millis. INSERT INTO QRTZ_TRIGGERS (SCHED_NAME, TRIGGER_NAME, TRIGGER_GROUP, JOB_NAME, JOB_GROUP, DESCRIPTION, NEXT_FIRE_TIME, PREV_FIRE_TIME, TRIGGER_STATE, TRIGGER_TYPE, START_TIME, END_TIME, CALENDAR_NAME, MISFIRE_INSTR, JOB_DATA, PRIORITY)  VALUES('schedulerName', ?, ?, ?, ?, ?, ?, ?, ?, ?, ?, ?, ?, ?, ?, ?) ["payTransferSyncJob","DEFAULT","payTransferSyncJob","DEFAULT",null,1780817020000,-1,"WAITING","CRON",1780817018000,0,null,0,"<[B>",5]
2026-06-07 15:23:38.996 | [1;31mERROR 1721739[0;39m | [1;33mmain [TID: N/A][0;39m [1;36m[][0;39m [1;32mc.alibaba.druid.filter.stat.StatFilter  [0;39m [1;35m(StatFilter.java:518)[0;39m 
 slow sql 217 millis. INSERT INTO QRTZ_CRON_TRIGGERS (SCHED_NAME, TRIGGER_NAME, TRIGGER_GROUP, CRON_EXPRESSION, TIME_ZONE_ID)  VALUES('schedulerName', ?, ?, ?, ?) ["payTransferSyncJob","DEFAULT","*/5 * * * * ?","Asia/Shanghai"]
2026-06-07 15:23:39.336 | [1;31mERROR 1721739[0;39m | [1;33mmain [TID: N/A][0;39m [1;36m[][0;39m [1;32mc.alibaba.druid.filter.stat.StatFilter  [0;39m [1;35m(StatFilter.java:518)[0;39m 
 slow sql 284 millis. UPDATE QRTZ_TRIGGERS SET TRIGGER_STATE = ? WHERE SCHED_NAME = 'schedulerName' AND TRIGGER_NAME = ? AND TRIGGER_GROUP = ? ["PAUSED","payTransferSyncJob","DEFAULT"]
2026-06-07 15:23:39.336 | [34m INFO 1721739[0;39m | [1;33mmain [TID: N/A][0;39m [1;36m[][0;39m [1;32mc.d.d.m.i.service.job.JobServiceImpl    [0;39m [1;35m(JobServiceImpl.java:185)[0;39m 
 
[syncJob][id(300231) handlerName(payTransferSyncJob) 同步完成]
2026-06-07 15:23:39.636 | [1;31mERROR 1721739[0;39m | [1;33mmain [TID: N/A][0;39m [1;36m[][0;39m [1;32mc.alibaba.druid.filter.stat.StatFilter  [0;39m [1;35m(StatFilter.java:518)[0;39m 
 slow sql 246 millis. DELETE FROM QRTZ_CRON_TRIGGERS WHERE SCHED_NAME = 'schedulerName' AND TRIGGER_NAME = ? AND TRIGGER_GROUP = ? ["payOrderSyncJob","DEFAULT"]
2026-06-07 15:23:39.894 | [1;31mERROR 1721739[0;39m | [1;33mmain [TID: N/A][0;39m [1;36m[][0;39m [1;32mc.alibaba.druid.filter.stat.StatFilter  [0;39m [1;35m(StatFilter.java:518)[0;39m 
 slow sql 257 millis. DELETE FROM QRTZ_TRIGGERS WHERE SCHED_NAME = 'schedulerName' AND TRIGGER_NAME = ? AND TRIGGER_GROUP = ? ["payOrderSyncJob","DEFAULT"]
2026-06-07 15:23:40.169 | [1;31mERROR 1721739[0;39m | [1;33mmain [TID: N/A][0;39m [1;36m[][0;39m [1;32mc.alibaba.druid.filter.stat.StatFilter  [0;39m [1;35m(StatFilter.java:518)[0;39m 
 slow sql 263 millis. DELETE FROM QRTZ_JOB_DETAILS WHERE SCHED_NAME = 'schedulerName' AND JOB_NAME = ? AND JOB_GROUP = ? ["payOrderSyncJob","DEFAULT"]
2026-06-07 15:23:40.496 | [1;31mERROR 1721739[0;39m | [1;33mmain [TID: N/A][0;39m [1;36m[][0;39m [1;32mc.alibaba.druid.filter.stat.StatFilter  [0;39m [1;35m(StatFilter.java:518)[0;39m 
 slow sql 262 millis. INSERT INTO QRTZ_JOB_DETAILS (SCHED_NAME, JOB_NAME, JOB_GROUP, DESCRIPTION, JOB_CLASS_NAME, IS_DURABLE, IS_NONCONCURRENT, IS_UPDATE_DATA, REQUESTS_RECOVERY, JOB_DATA)  VALUES('schedulerName', ?, ?, ?, ?, ?, ?, ?, ?, ?) ["payOrderSyncJob","DEFAULT",null,"com.douyouqu.dyq.framework.quartz.core.handler.JobHandlerInvoker",false,true,true,false,"<[B>"]
2026-06-07 15:23:40.810 | [1;31mERROR 1721739[0;39m | [1;33mmain [TID: N/A][0;39m [1;36m[][0;39m [1;32mc.alibaba.druid.filter.stat.StatFilter  [0;39m [1;35m(StatFilter.java:518)[0;39m 
 slow sql 271 millis. INSERT INTO QRTZ_TRIGGERS (SCHED_NAME, TRIGGER_NAME, TRIGGER_GROUP, JOB_NAME, JOB_GROUP, DESCRIPTION, NEXT_FIRE_TIME, PREV_FIRE_TIME, TRIGGER_STATE, TRIGGER_TYPE, START_TIME, END_TIME, CALENDAR_NAME, MISFIRE_INSTR, JOB_DATA, PRIORITY)  VALUES('schedulerName', ?, ?, ?, ?, ?, ?, ?, ?, ?, ?, ?, ?, ?, ?, ?) ["payOrderSyncJob","DEFAULT","payOrderSyncJob","DEFAULT",null,1780817020000,-1,"WAITING","CRON",1780817020000,0,null,0,"<[B>",5]
2026-06-07 15:23:40.952 | [1;31mERROR 1721739[0;39m | [1;33mmain [TID: N/A][0;39m [1;36m[][0;39m [1;32mc.alibaba.druid.filter.stat.StatFilter  [0;39m [1;35m(StatFilter.java:518)[0;39m 
 slow sql 140 millis. INSERT INTO QRTZ_CRON_TRIGGERS (SCHED_NAME, TRIGGER_NAME, TRIGGER_GROUP, CRON_EXPRESSION, TIME_ZONE_ID)  VALUES('schedulerName', ?, ?, ?, ?) ["payOrderSyncJob","DEFAULT","*/5 * * * * ?","Asia/Shanghai"]
2026-06-07 15:23:41.310 | [1;31mERROR 1721739[0;39m | [1;33mmain [TID: N/A][0;39m [1;36m[][0;39m [1;32mc.alibaba.druid.filter.stat.StatFilter  [0;39m [1;35m(StatFilter.java:518)[0;39m 
 slow sql 304 millis. UPDATE QRTZ_TRIGGERS SET TRIGGER_STATE = ? WHERE SCHED_NAME = 'schedulerName' AND TRIGGER_NAME = ? AND TRIGGER_GROUP = ? ["PAUSED","payOrderSyncJob","DEFAULT"]
2026-06-07 15:23:41.311 | [34m INFO 1721739[0;39m | [1;33mmain [TID: N/A][0;39m [1;36m[][0;39m [1;32mc.d.d.m.i.service.job.JobServiceImpl    [0;39m [1;35m(JobServiceImpl.java:185)[0;39m 
 
[syncJob][id(300232) handlerName(payOrderSyncJob) 同步完成]
2026-06-07 15:23:41.594 | [1;31mERROR 1721739[0;39m | [1;33mmain [TID: N/A][0;39m [1;36m[][0;39m [1;32mc.alibaba.druid.filter.stat.StatFilter  [0;39m [1;35m(StatFilter.java:518)[0;39m 
 slow sql 230 millis. DELETE FROM QRTZ_CRON_TRIGGERS WHERE SCHED_NAME = 'schedulerName' AND TRIGGER_NAME = ? AND TRIGGER_GROUP = ? ["priceRuleExecJob","DEFAULT"]
2026-06-07 15:23:41.819 | [1;31mERROR 1721739[0;39m | [1;33mmain [TID: N/A][0;39m [1;36m[][0;39m [1;32mc.alibaba.druid.filter.stat.StatFilter  [0;39m [1;35m(StatFilter.java:518)[0;39m 
 slow sql 224 millis. DELETE FROM QRTZ_TRIGGERS WHERE SCHED_NAME = 'schedulerName' AND TRIGGER_NAME = ? AND TRIGGER_GROUP = ? ["priceRuleExecJob","DEFAULT"]
2026-06-07 15:23:42.144 | [1;31mERROR 1721739[0;39m | [1;33mmain [TID: N/A][0;39m [1;36m[][0;39m [1;32mc.alibaba.druid.filter.stat.StatFilter  [0;39m [1;35m(StatFilter.java:518)[0;39m 
 slow sql 314 millis. DELETE FROM QRTZ_JOB_DETAILS WHERE SCHED_NAME = 'schedulerName' AND JOB_NAME = ? AND JOB_GROUP = ? ["priceRuleExecJob","DEFAULT"]
2026-06-07 15:23:42.427 | [1;31mERROR 1721739[0;39m | [1;33mmain [TID: N/A][0;39m [1;36m[][0;39m [1;32mc.alibaba.druid.filter.stat.StatFilter  [0;39m [1;35m(StatFilter.java:518)[0;39m 
 slow sql 219 millis. INSERT INTO QRTZ_JOB_DETAILS (SCHED_NAME, JOB_NAME, JOB_GROUP, DESCRIPTION, JOB_CLASS_NAME, IS_DURABLE, IS_NONCONCURRENT, IS_UPDATE_DATA, REQUESTS_RECOVERY, JOB_DATA)  VALUES('schedulerName', ?, ?, ?, ?, ?, ?, ?, ?, ?) ["priceRuleExecJob","DEFAULT",null,"com.douyouqu.dyq.framework.quartz.core.handler.JobHandlerInvoker",false,true,true,false,"<[B>"]
2026-06-07 15:23:42.702 | [1;31mERROR 1721739[0;39m | [1;33mmain [TID: N/A][0;39m [1;36m[][0;39m [1;32mc.alibaba.druid.filter.stat.StatFilter  [0;39m [1;35m(StatFilter.java:518)[0;39m 
 slow sql 233 millis. INSERT INTO QRTZ_TRIGGERS (SCHED_NAME, TRIGGER_NAME, TRIGGER_GROUP, JOB_NAME, JOB_GROUP, DESCRIPTION, NEXT_FIRE_TIME, PREV_FIRE_TIME, TRIGGER_STATE, TRIGGER_TYPE, START_TIME, END_TIME, CALENDAR_NAME, MISFIRE_INSTR, JOB_DATA, PRIORITY)  VALUES('schedulerName', ?, ?, ?, ?, ?, ?, ?, ?, ?, ?, ?, ?, ?, ?, ?) ["priceRuleExecJob","DEFAULT","priceRuleExecJob","DEFAULT",null,1780817400000,-1,"WAITING","CRON",1780817022000,0,null,0,"<[B>",5]
2026-06-07 15:23:42.843 | [1;31mERROR 1721739[0;39m | [1;33mmain [TID: N/A][0;39m [1;36m[][0;39m [1;32mc.alibaba.druid.filter.stat.StatFilter  [0;39m [1;35m(StatFilter.java:518)[0;39m 
 slow sql 140 millis. INSERT INTO QRTZ_CRON_TRIGGERS (SCHED_NAME, TRIGGER_NAME, TRIGGER_GROUP, CRON_EXPRESSION, TIME_ZONE_ID)  VALUES('schedulerName', ?, ?, ?, ?) ["priceRuleExecJob","DEFAULT","0 */10 * * * ?","Asia/Shanghai"]
2026-06-07 15:23:43.168 | [1;31mERROR 1721739[0;39m | [1;33mmain [TID: N/A][0;39m [1;36m[][0;39m [1;32mc.alibaba.druid.filter.stat.StatFilter  [0;39m [1;35m(StatFilter.java:518)[0;39m 
 slow sql 271 millis. UPDATE QRTZ_TRIGGERS SET TRIGGER_STATE = ? WHERE SCHED_NAME = 'schedulerName' AND TRIGGER_NAME = ? AND TRIGGER_GROUP = ? ["PAUSED","priceRuleExecJob","DEFAULT"]
2026-06-07 15:23:43.169 | [34m INFO 1721739[0;39m | [1;33mmain [TID: N/A][0;39m [1;36m[][0;39m [1;32mc.d.d.m.i.service.job.JobServiceImpl    [0;39m [1;35m(JobServiceImpl.java:185)[0;39m 
 
[syncJob][id(300240) handlerName(priceRuleExecJob) 同步完成]
2026-06-07 15:23:43.465 | [1;31mERROR 1721739[0;39m | [1;33mmain [TID: N/A][0;39m [1;36m[][0;39m [1;32mc.alibaba.druid.filter.stat.StatFilter  [0;39m [1;35m(StatFilter.java:518)[0;39m 
 slow sql 242 millis. DELETE FROM QRTZ_CRON_TRIGGERS WHERE SCHED_NAME = 'schedulerName' AND TRIGGER_NAME = ? AND TRIGGER_GROUP = ? ["crmCustomerAutoPutPoolJob","DEFAULT"]
2026-06-07 15:23:43.732 | [1;31mERROR 1721739[0;39m | [1;33mmain [TID: N/A][0;39m [1;36m[][0;39m [1;32mc.alibaba.druid.filter.stat.StatFilter  [0;39m [1;35m(StatFilter.java:518)[0;39m 
 slow sql 265 millis. DELETE FROM QRTZ_TRIGGERS WHERE SCHED_NAME = 'schedulerName' AND TRIGGER_NAME = ? AND TRIGGER_GROUP = ? ["crmCustomerAutoPutPoolJob","DEFAULT"]
2026-06-07 15:23:43.977 | [1;31mERROR 1721739[0;39m | [1;33mmain [TID: N/A][0;39m [1;36m[][0;39m [1;32mc.alibaba.druid.filter.stat.StatFilter  [0;39m [1;35m(StatFilter.java:518)[0;39m 
 slow sql 233 millis. DELETE FROM QRTZ_JOB_DETAILS WHERE SCHED_NAME = 'schedulerName' AND JOB_NAME = ? AND JOB_GROUP = ? ["crmCustomerAutoPutPoolJob","DEFAULT"]
2026-06-07 15:23:44.276 | [1;31mERROR 1721739[0;39m | [1;33mmain [TID: N/A][0;39m [1;36m[][0;39m [1;32mc.alibaba.druid.filter.stat.StatFilter  [0;39m [1;35m(StatFilter.java:518)[0;39m 
 slow sql 235 millis. INSERT INTO QRTZ_JOB_DETAILS (SCHED_NAME, JOB_NAME, JOB_GROUP, DESCRIPTION, JOB_CLASS_NAME, IS_DURABLE, IS_NONCONCURRENT, IS_UPDATE_DATA, REQUESTS_RECOVERY, JOB_DATA)  VALUES('schedulerName', ?, ?, ?, ?, ?, ?, ?, ?, ?) ["crmCustomerAutoPutPoolJob","DEFAULT",null,"com.douyouqu.dyq.framework.quartz.core.handler.JobHandlerInvoker",false,true,true,false,"<[B>"]
2026-06-07 15:23:44.615 | [1;31mERROR 1721739[0;39m | [1;33mmain [TID: N/A][0;39m [1;36m[][0;39m [1;32mc.alibaba.druid.filter.stat.StatFilter  [0;39m [1;35m(StatFilter.java:518)[0;39m 
 slow sql 296 millis. INSERT INTO QRTZ_TRIGGERS (SCHED_NAME, TRIGGER_NAME, TRIGGER_GROUP, JOB_NAME, JOB_GROUP, DESCRIPTION, NEXT_FIRE_TIME, PREV_FIRE_TIME, TRIGGER_STATE, TRIGGER_TYPE, START_TIME, END_TIME, CALENDAR_NAME, MISFIRE_INSTR, JOB_DATA, PRIORITY)  VALUES('schedulerName', ?, ?, ?, ?, ?, ?, ?, ?, ?, ?, ?, ?, ?, ?, ?) ["crmCustomerAutoPutPoolJob","DEFAULT","crmCustomerAutoPutPoolJob","DEFAULT",null,1780817400000,-1,"WAITING","CRON",1780817024000,0,null,0,"<[B>",5]
2026-06-07 15:23:44.818 | [1;31mERROR 1721739[0;39m | [1;33mmain [TID: N/A][0;39m [1;36m[][0;39m [1;32mc.alibaba.druid.filter.stat.StatFilter  [0;39m [1;35m(StatFilter.java:518)[0;39m 
 slow sql 201 millis. INSERT INTO QRTZ_CRON_TRIGGERS (SCHED_NAME, TRIGGER_NAME, TRIGGER_GROUP, CRON_EXPRESSION, TIME_ZONE_ID)  VALUES('schedulerName', ?, ?, ?, ?) ["crmCustomerAutoPutPoolJob","DEFAULT","0 */30 * * * ?","Asia/Shanghai"]
2026-06-07 15:23:45.118 | [1;31mERROR 1721739[0;39m | [1;33mmain [TID: N/A][0;39m [1;36m[][0;39m [1;32mc.alibaba.druid.filter.stat.StatFilter  [0;39m [1;35m(StatFilter.java:518)[0;39m 
 slow sql 244 millis. UPDATE QRTZ_TRIGGERS SET TRIGGER_STATE = ? WHERE SCHED_NAME = 'schedulerName' AND TRIGGER_NAME = ? AND TRIGGER_GROUP = ? ["PAUSED","crmCustomerAutoPutPoolJob","DEFAULT"]
2026-06-07 15:23:45.118 | [34m INFO 1721739[0;39m | [1;33mmain [TID: N/A][0;39m [1;36m[][0;39m [1;32mc.d.d.m.i.service.job.JobServiceImpl    [0;39m [1;35m(JobServiceImpl.java:185)[0;39m 
 
[syncJob][id(300250) handlerName(crmCustomerAutoPutPoolJob) 同步完成]
2026-06-07 15:23:45.432 | [1;31mERROR 1721739[0;39m | [1;33mmain [TID: N/A][0;39m [1;36m[][0;39m [1;32mc.alibaba.druid.filter.stat.StatFilter  [0;39m [1;35m(StatFilter.java:518)[0;39m 
 slow sql 260 millis. DELETE FROM QRTZ_CRON_TRIGGERS WHERE SCHED_NAME = 'schedulerName' AND TRIGGER_NAME = ? AND TRIGGER_GROUP = ? ["demoJob","DEFAULT"]
2026-06-07 15:23:45.651 | [1;31mERROR 1721739[0;39m | [1;33mmain [TID: N/A][0;39m [1;36m[][0;39m [1;32mc.alibaba.druid.filter.stat.StatFilter  [0;39m [1;35m(StatFilter.java:518)[0;39m 
 slow sql 218 millis. DELETE FROM QRTZ_TRIGGERS WHERE SCHED_NAME = 'schedulerName' AND TRIGGER_NAME = ? AND TRIGGER_GROUP = ? ["demoJob","DEFAULT"]
2026-06-07 15:23:46.059 | [1;31mERROR 1721739[0;39m | [1;33mmain [TID: N/A][0;39m [1;36m[][0;39m [1;32mc.alibaba.druid.filter.stat.StatFilter  [0;39m [1;35m(StatFilter.java:518)[0;39m 
 slow sql 397 millis. DELETE FROM QRTZ_JOB_DETAILS WHERE SCHED_NAME = 'schedulerName' AND JOB_NAME = ? AND JOB_GROUP = ? ["demoJob","DEFAULT"]
2026-06-07 15:23:46.468 | [1;31mERROR 1721739[0;39m | [1;33mmain [TID: N/A][0;39m [1;36m[][0;39m [1;32mc.alibaba.druid.filter.stat.StatFilter  [0;39m [1;35m(StatFilter.java:518)[0;39m 
 slow sql 345 millis. INSERT INTO QRTZ_JOB_DETAILS (SCHED_NAME, JOB_NAME, JOB_GROUP, DESCRIPTION, JOB_CLASS_NAME, IS_DURABLE, IS_NONCONCURRENT, IS_UPDATE_DATA, REQUESTS_RECOVERY, JOB_DATA)  VALUES('schedulerName', ?, ?, ?, ?, ?, ?, ?, ?, ?) ["demoJob","DEFAULT",null,"com.douyouqu.dyq.framework.quartz.core.handler.JobHandlerInvoker",false,true,true,false,"<[B>"]
2026-06-07 15:23:46.838 | [1;31mERROR 1721739[0;39m | [1;33mmain [TID: N/A][0;39m [1;36m[][0;39m [1;32mc.alibaba.druid.filter.stat.StatFilter  [0;39m [1;35m(StatFilter.java:518)[0;39m 
 slow sql 329 millis. INSERT INTO QRTZ_TRIGGERS (SCHED_NAME, TRIGGER_NAME, TRIGGER_GROUP, JOB_NAME, JOB_GROUP, DESCRIPTION, NEXT_FIRE_TIME, PREV_FIRE_TIME, TRIGGER_STATE, TRIGGER_TYPE, START_TIME, END_TIME, CALENDAR_NAME, MISFIRE_INSTR, JOB_DATA, PRIORITY)  VALUES('schedulerName', ?, ?, ?, ?, ?, ?, ?, ?, ?, ?, ?, ?, ?, ?, ?) ["demoJob","DEFAULT","demoJob","DEFAULT",null,1780819200000,-1,"WAITING","CRON",1780817026000,0,null,0,"<[B>",5]
2026-06-07 15:23:47.184 | [1;31mERROR 1721739[0;39m | [1;33mmain [TID: N/A][0;39m [1;36m[][0;39m [1;32mc.alibaba.druid.filter.stat.StatFilter  [0;39m [1;35m(StatFilter.java:518)[0;39m 
 slow sql 345 millis. INSERT INTO QRTZ_CRON_TRIGGERS (SCHED_NAME, TRIGGER_NAME, TRIGGER_GROUP, CRON_EXPRESSION, TIME_ZONE_ID)  VALUES('schedulerName', ?, ?, ?, ?) ["demoJob","DEFAULT","0 0 * * * ?","Asia/Shanghai"]
2026-06-07 15:23:47.476 | [1;31mERROR 1721739[0;39m | [1;33mmain [TID: N/A][0;39m [1;36m[][0;39m [1;32mc.alibaba.druid.filter.stat.StatFilter  [0;39m [1;35m(StatFilter.java:518)[0;39m 
 slow sql 231 millis. UPDATE QRTZ_TRIGGERS SET TRIGGER_STATE = ? WHERE SCHED_NAME = 'schedulerName' AND TRIGGER_NAME = ? AND TRIGGER_GROUP = ? ["PAUSED","demoJob","DEFAULT"]
2026-06-07 15:23:47.476 | [34m INFO 1721739[0;39m | [1;33mmain [TID: N/A][0;39m [1;36m[][0;39m [1;32mc.d.d.m.i.service.job.JobServiceImpl    [0;39m [1;35m(JobServiceImpl.java:185)[0;39m 
 
[syncJob][id(300260) handlerName(demoJob) 同步完成]
2026-06-07 15:23:47.766 | [1;31mERROR 1721739[0;39m | [1;33mmain [TID: N/A][0;39m [1;36m[][0;39m [1;32mc.alibaba.druid.filter.stat.StatFilter  [0;39m [1;35m(StatFilter.java:518)[0;39m 
 slow sql 267 millis. UPDATE QRTZ_TRIGGERS SET TRIGGER_STATE = ? WHERE SCHED_NAME = 'schedulerName' AND TRIGGER_NAME = ? AND TRIGGER_GROUP = ? ["PAUSED","jobLogCleanJob","DEFAULT"]
2026-06-07 15:23:48.084 | [1;31mERROR 1721739[0;39m | [1;33mmain [TID: N/A][0;39m [1;36m[][0;39m [1;32mc.alibaba.druid.filter.stat.StatFilter  [0;39m [1;35m(StatFilter.java:518)[0;39m 
 slow sql 285 millis. DELETE FROM QRTZ_CRON_TRIGGERS WHERE SCHED_NAME = 'schedulerName' AND TRIGGER_NAME = ? AND TRIGGER_GROUP = ? ["jobLogCleanJob","DEFAULT"]
2026-06-07 15:23:48.257 | [1;31mERROR 1721739[0;39m | [1;33mmain [TID: N/A][0;39m [1;36m[][0;39m [1;32mc.alibaba.druid.filter.stat.StatFilter  [0;39m [1;35m(StatFilter.java:518)[0;39m 
 slow sql 172 millis. DELETE FROM QRTZ_TRIGGERS WHERE SCHED_NAME = 'schedulerName' AND TRIGGER_NAME = ? AND TRIGGER_GROUP = ? ["jobLogCleanJob","DEFAULT"]
2026-06-07 15:23:48.777 | [1;31mERROR 1721739[0;39m | [1;33mmain [TID: N/A][0;39m [1;36m[][0;39m [1;32mc.alibaba.druid.filter.stat.StatFilter  [0;39m [1;35m(StatFilter.java:518)[0;39m 
 slow sql 507 millis. DELETE FROM QRTZ_JOB_DETAILS WHERE SCHED_NAME = 'schedulerName' AND JOB_NAME = ? AND JOB_GROUP = ? ["jobLogCleanJob","DEFAULT"]
2026-06-07 15:23:49.050 | [1;31mERROR 1721739[0;39m | [1;33mmain [TID: N/A][0;39m [1;36m[][0;39m [1;32mc.alibaba.druid.filter.stat.StatFilter  [0;39m [1;35m(StatFilter.java:518)[0;39m 
 slow sql 209 millis. INSERT INTO QRTZ_JOB_DETAILS (SCHED_NAME, JOB_NAME, JOB_GROUP, DESCRIPTION, JOB_CLASS_NAME, IS_DURABLE, IS_NONCONCURRENT, IS_UPDATE_DATA, REQUESTS_RECOVERY, JOB_DATA)  VALUES('schedulerName', ?, ?, ?, ?, ?, ?, ?, ?, ?) ["jobLogCleanJob","DEFAULT",null,"com.douyouqu.dyq.framework.quartz.core.handler.JobHandlerInvoker",false,true,true,false,"<[B>"]
2026-06-07 15:23:49.259 | [1;31mERROR 1721739[0;39m | [1;33mmain [TID: N/A][0;39m [1;36m[][0;39m [1;32mc.alibaba.druid.filter.stat.StatFilter  [0;39m [1;35m(StatFilter.java:518)[0;39m 
 slow sql 165 millis. INSERT INTO QRTZ_TRIGGERS (SCHED_NAME, TRIGGER_NAME, TRIGGER_GROUP, JOB_NAME, JOB_GROUP, DESCRIPTION, NEXT_FIRE_TIME, PREV_FIRE_TIME, TRIGGER_STATE, TRIGGER_TYPE, START_TIME, END_TIME, CALENDAR_NAME, MISFIRE_INSTR, JOB_DATA, PRIORITY)  VALUES('schedulerName', ?, ?, ?, ?, ?, ?, ?, ?, ?, ?, ?, ?, ?, ?, ?) ["jobLogCleanJob","DEFAULT","jobLogCleanJob","DEFAULT",null,1780855200000,-1,"WAITING","CRON",1780817028000,0,null,0,"<[B>",5]
2026-06-07 15:23:49.442 | [1;31mERROR 1721739[0;39m | [1;33mmain [TID: N/A][0;39m [1;36m[][0;39m [1;32mc.alibaba.druid.filter.stat.StatFilter  [0;39m [1;35m(StatFilter.java:518)[0;39m 
 slow sql 182 millis. INSERT INTO QRTZ_CRON_TRIGGERS (SCHED_NAME, TRIGGER_NAME, TRIGGER_GROUP, CRON_EXPRESSION, TIME_ZONE_ID)  VALUES('schedulerName', ?, ?, ?, ?) ["jobLogCleanJob","DEFAULT","0 0 2 * * ?","Asia/Shanghai"]
2026-06-07 15:23:49.442 | [34m INFO 1721739[0;39m | [1;33mmain [TID: N/A][0;39m [1;36m[][0;39m [1;32mc.d.d.m.i.service.job.JobServiceImpl    [0;39m [1;35m(JobServiceImpl.java:185)[0;39m 
 
[syncJob][id(300261) handlerName(jobLogCleanJob) 同步完成]
2026-06-07 15:23:49.694 | [1;31mERROR 1721739[0;39m | [1;33mmain [TID: N/A][0;39m [1;36m[][0;39m [1;32mc.alibaba.druid.filter.stat.StatFilter  [0;39m [1;35m(StatFilter.java:518)[0;39m 
 slow sql 198 millis. DELETE FROM QRTZ_CRON_TRIGGERS WHERE SCHED_NAME = 'schedulerName' AND TRIGGER_NAME = ? AND TRIGGER_GROUP = ? ["cloudphoneProxyBindingRepairJob","DEFAULT"]
2026-06-07 15:23:49.860 | [1;31mERROR 1721739[0;39m | [1;33mmain [TID: N/A][0;39m [1;36m[][0;39m [1;32mc.alibaba.druid.filter.stat.StatFilter  [0;39m [1;35m(StatFilter.java:518)[0;39m 
 slow sql 165 millis. DELETE FROM QRTZ_TRIGGERS WHERE SCHED_NAME = 'schedulerName' AND TRIGGER_NAME = ? AND TRIGGER_GROUP = ? ["cloudphoneProxyBindingRepairJob","DEFAULT"]
2026-06-07 15:23:50.083 | [1;31mERROR 1721739[0;39m | [1;33mmain [TID: N/A][0;39m [1;36m[][0;39m [1;32mc.alibaba.druid.filter.stat.StatFilter  [0;39m [1;35m(StatFilter.java:518)[0;39m 
 slow sql 212 millis. DELETE FROM QRTZ_JOB_DETAILS WHERE SCHED_NAME = 'schedulerName' AND JOB_NAME = ? AND JOB_GROUP = ? ["cloudphoneProxyBindingRepairJob","DEFAULT"]
2026-06-07 15:23:50.267 | [1;31mERROR 1721739[0;39m | [1;33mmain [TID: N/A][0;39m [1;36m[][0;39m [1;32mc.alibaba.druid.filter.stat.StatFilter  [0;39m [1;35m(StatFilter.java:518)[0;39m 
 slow sql 118 millis. INSERT INTO QRTZ_JOB_DETAILS (SCHED_NAME, JOB_NAME, JOB_GROUP, DESCRIPTION, JOB_CLASS_NAME, IS_DURABLE, IS_NONCONCURRENT, IS_UPDATE_DATA, REQUESTS_RECOVERY, JOB_DATA)  VALUES('schedulerName', ?, ?, ?, ?, ?, ?, ?, ?, ?) ["cloudphoneProxyBindingRepairJob","DEFAULT",null,"com.douyouqu.dyq.framework.quartz.core.handler.JobHandlerInvoker",false,true,true,false,"<[B>"]
2026-06-07 15:23:50.625 | [1;31mERROR 1721739[0;39m | [1;33mmain [TID: N/A][0;39m [1;36m[][0;39m [1;32mc.alibaba.druid.filter.stat.StatFilter  [0;39m [1;35m(StatFilter.java:518)[0;39m 
 slow sql 316 millis. INSERT INTO QRTZ_TRIGGERS (SCHED_NAME, TRIGGER_NAME, TRIGGER_GROUP, JOB_NAME, JOB_GROUP, DESCRIPTION, NEXT_FIRE_TIME, PREV_FIRE_TIME, TRIGGER_STATE, TRIGGER_TYPE, START_TIME, END_TIME, CALENDAR_NAME, MISFIRE_INSTR, JOB_DATA, PRIORITY)  VALUES('schedulerName', ?, ?, ?, ?, ?, ?, ?, ?, ?, ?, ?, ?, ?, ?, ?) ["cloudphoneProxyBindingRepairJob","DEFAULT","cloudphoneProxyBindingRepairJob","DEFAULT",null,1780817100000,-1,"WAITING","CRON",1780817030000,0,null,0,"<[B>",5]
2026-06-07 15:23:50.767 | [1;31mERROR 1721739[0;39m | [1;33mmain [TID: N/A][0;39m [1;36m[][0;39m [1;32mc.alibaba.druid.filter.stat.StatFilter  [0;39m [1;35m(StatFilter.java:518)[0;39m 
 slow sql 140 millis. INSERT INTO QRTZ_CRON_TRIGGERS (SCHED_NAME, TRIGGER_NAME, TRIGGER_GROUP, CRON_EXPRESSION, TIME_ZONE_ID)  VALUES('schedulerName', ?, ?, ?, ?) ["cloudphoneProxyBindingRepairJob","DEFAULT","0 */5 * * * ?","Asia/Shanghai"]
2026-06-07 15:23:51.133 | [1;31mERROR 1721739[0;39m | [1;33mmain [TID: N/A][0;39m [1;36m[][0;39m [1;32mc.alibaba.druid.filter.stat.StatFilter  [0;39m [1;35m(StatFilter.java:518)[0;39m 
 slow sql 313 millis. UPDATE QRTZ_TRIGGERS SET TRIGGER_STATE = ? WHERE SCHED_NAME = 'schedulerName' AND TRIGGER_NAME = ? AND TRIGGER_GROUP = ? ["PAUSED","cloudphoneProxyBindingRepairJob","DEFAULT"]
2026-06-07 15:23:51.133 | [34m INFO 1721739[0;39m | [1;33mmain [TID: N/A][0;39m [1;36m[][0;39m [1;32mc.d.d.m.i.service.job.JobServiceImpl    [0;39m [1;35m(JobServiceImpl.java:185)[0;39m 
 
[syncJob][id(300300) handlerName(cloudphoneProxyBindingRepairJob) 同步完成]
2026-06-07 15:23:51.475 | [1;31mERROR 1721739[0;39m | [1;33mmain [TID: N/A][0;39m [1;36m[][0;39m [1;32mc.alibaba.druid.filter.stat.StatFilter  [0;39m [1;35m(StatFilter.java:518)[0;39m 
 slow sql 287 millis. DELETE FROM QRTZ_CRON_TRIGGERS WHERE SCHED_NAME = 'schedulerName' AND TRIGGER_NAME = ? AND TRIGGER_GROUP = ? ["oneClickExecutionTimeoutJob","DEFAULT"]
2026-06-07 15:23:51.750 | [1;31mERROR 1721739[0;39m | [1;33mmain [TID: N/A][0;39m [1;36m[][0;39m [1;32mc.alibaba.druid.filter.stat.StatFilter  [0;39m [1;35m(StatFilter.java:518)[0;39m 
 slow sql 274 millis. DELETE FROM QRTZ_TRIGGERS WHERE SCHED_NAME = 'schedulerName' AND TRIGGER_NAME = ? AND TRIGGER_GROUP = ? ["oneClickExecutionTimeoutJob","DEFAULT"]
2026-06-07 15:23:51.933 | [1;31mERROR 1721739[0;39m | [1;33mmain [TID: N/A][0;39m [1;36m[][0;39m [1;32mc.alibaba.druid.filter.stat.StatFilter  [0;39m [1;35m(StatFilter.java:518)[0;39m 
 slow sql 171 millis. DELETE FROM QRTZ_JOB_DETAILS WHERE SCHED_NAME = 'schedulerName' AND JOB_NAME = ? AND JOB_GROUP = ? ["oneClickExecutionTimeoutJob","DEFAULT"]
2026-06-07 15:23:52.224 | [1;31mERROR 1721739[0;39m | [1;33mmain [TID: N/A][0;39m [1;36m[][0;39m [1;32mc.alibaba.druid.filter.stat.StatFilter  [0;39m [1;35m(StatFilter.java:518)[0;39m 
 slow sql 226 millis. INSERT INTO QRTZ_JOB_DETAILS (SCHED_NAME, JOB_NAME, JOB_GROUP, DESCRIPTION, JOB_CLASS_NAME, IS_DURABLE, IS_NONCONCURRENT, IS_UPDATE_DATA, REQUESTS_RECOVERY, JOB_DATA)  VALUES('schedulerName', ?, ?, ?, ?, ?, ?, ?, ?, ?) ["oneClickExecutionTimeoutJob","DEFAULT",null,"com.douyouqu.dyq.framework.quartz.core.handler.JobHandlerInvoker",false,true,true,false,"<[B>"]
2026-06-07 15:23:52.599 | [1;31mERROR 1721739[0;39m | [1;33mmain [TID: N/A][0;39m [1;36m[][0;39m [1;32mc.alibaba.druid.filter.stat.StatFilter  [0;39m [1;35m(StatFilter.java:518)[0;39m 
 slow sql 330 millis. INSERT INTO QRTZ_TRIGGERS (SCHED_NAME, TRIGGER_NAME, TRIGGER_GROUP, JOB_NAME, JOB_GROUP, DESCRIPTION, NEXT_FIRE_TIME, PREV_FIRE_TIME, TRIGGER_STATE, TRIGGER_TYPE, START_TIME, END_TIME, CALENDAR_NAME, MISFIRE_INSTR, JOB_DATA, PRIORITY)  VALUES('schedulerName', ?, ?, ?, ?, ?, ?, ?, ?, ?, ?, ?, ?, ?, ?, ?) ["oneClickExecutionTimeoutJob","DEFAULT","oneClickExecutionTimeoutJob","DEFAULT",null,1780817100000,-1,"WAITING","CRON",1780817031000,0,null,0,"<[B>",5]
2026-06-07 15:23:52.858 | [1;31mERROR 1721739[0;39m | [1;33mmain [TID: N/A][0;39m [1;36m[][0;39m [1;32mc.alibaba.druid.filter.stat.StatFilter  [0;39m [1;35m(StatFilter.java:518)[0;39m 
 slow sql 257 millis. INSERT INTO QRTZ_CRON_TRIGGERS (SCHED_NAME, TRIGGER_NAME, TRIGGER_GROUP, CRON_EXPRESSION, TIME_ZONE_ID)  VALUES('schedulerName', ?, ?, ?, ?) ["oneClickExecutionTimeoutJob","DEFAULT","0 */5 * * * ?","Asia/Shanghai"]
2026-06-07 15:23:53.116 | [1;31mERROR 1721739[0;39m | [1;33mmain [TID: N/A][0;39m [1;36m[][0;39m [1;32mc.alibaba.druid.filter.stat.StatFilter  [0;39m [1;35m(StatFilter.java:518)[0;39m 
 slow sql 203 millis. UPDATE QRTZ_TRIGGERS SET TRIGGER_STATE = ? WHERE SCHED_NAME = 'schedulerName' AND TRIGGER_NAME = ? AND TRIGGER_GROUP = ? ["PAUSED","oneClickExecutionTimeoutJob","DEFAULT"]
2026-06-07 15:23:53.116 | [34m INFO 1721739[0;39m | [1;33mmain [TID: N/A][0;39m [1;36m[][0;39m [1;32mc.d.d.m.i.service.job.JobServiceImpl    [0;39m [1;35m(JobServiceImpl.java:185)[0;39m 
 
[syncJob][id(300310) handlerName(oneClickExecutionTimeoutJob) 同步完成]
2026-06-07 15:23:53.590 | [1;31mERROR 1721739[0;39m | [1;33mmain [TID: N/A][0;39m [1;36m[][0;39m [1;32mc.alibaba.druid.filter.stat.StatFilter  [0;39m [1;35m(StatFilter.java:518)[0;39m 
 slow sql 420 millis. DELETE FROM QRTZ_CRON_TRIGGERS WHERE SCHED_NAME = 'schedulerName' AND TRIGGER_NAME = ? AND TRIGGER_GROUP = ? ["aigcTerminalEventOutboxDispatchJob","DEFAULT"]
2026-06-07 15:23:53.898 | [1;31mERROR 1721739[0;39m | [1;33mmain [TID: N/A][0;39m [1;36m[][0;39m [1;32mc.alibaba.druid.filter.stat.StatFilter  [0;39m [1;35m(StatFilter.java:518)[0;39m 
 slow sql 307 millis. DELETE FROM QRTZ_TRIGGERS WHERE SCHED_NAME = 'schedulerName' AND TRIGGER_NAME = ? AND TRIGGER_GROUP = ? ["aigcTerminalEventOutboxDispatchJob","DEFAULT"]
2026-06-07 15:23:54.390 | [1;31mERROR 1721739[0;39m | [1;33mmain [TID: N/A][0;39m [1;36m[][0;39m [1;32mc.alibaba.druid.filter.stat.StatFilter  [0;39m [1;35m(StatFilter.java:518)[0;39m 
 slow sql 480 millis. DELETE FROM QRTZ_JOB_DETAILS WHERE SCHED_NAME = 'schedulerName' AND JOB_NAME = ? AND JOB_GROUP = ? ["aigcTerminalEventOutboxDispatchJob","DEFAULT"]
2026-06-07 15:23:54.724 | [1;31mERROR 1721739[0;39m | [1;33mmain [TID: N/A][0;39m [1;36m[][0;39m [1;32mc.alibaba.druid.filter.stat.StatFilter  [0;39m [1;35m(StatFilter.java:518)[0;39m 
 slow sql 271 millis. INSERT INTO QRTZ_JOB_DETAILS (SCHED_NAME, JOB_NAME, JOB_GROUP, DESCRIPTION, JOB_CLASS_NAME, IS_DURABLE, IS_NONCONCURRENT, IS_UPDATE_DATA, REQUESTS_RECOVERY, JOB_DATA)  VALUES('schedulerName', ?, ?, ?, ?, ?, ?, ?, ?, ?) ["aigcTerminalEventOutboxDispatchJob","DEFAULT",null,"com.douyouqu.dyq.framework.quartz.core.handler.JobHandlerInvoker",false,true,true,false,"<[B>"]
2026-06-07 15:23:55.110 | [1;31mERROR 1721739[0;39m | [1;33mmain [TID: N/A][0;39m [1;36m[][0;39m [1;32mc.alibaba.druid.filter.stat.StatFilter  [0;39m [1;35m(StatFilter.java:518)[0;39m 
 slow sql 340 millis. INSERT INTO QRTZ_TRIGGERS (SCHED_NAME, TRIGGER_NAME, TRIGGER_GROUP, JOB_NAME, JOB_GROUP, DESCRIPTION, NEXT_FIRE_TIME, PREV_FIRE_TIME, TRIGGER_STATE, TRIGGER_TYPE, START_TIME, END_TIME, CALENDAR_NAME, MISFIRE_INSTR, JOB_DATA, PRIORITY)  VALUES('schedulerName', ?, ?, ?, ?, ?, ?, ?, ?, ?, ?, ?, ?, ?, ?, ?) ["aigcTerminalEventOutboxDispatchJob","DEFAULT","aigcTerminalEventOutboxDispatchJob","DEFAULT",null,1780817100000,-1,"WAITING","CRON",1780817034000,0,null,0,"<[B>",5]
2026-06-07 15:23:55.315 | [1;31mERROR 1721739[0;39m | [1;33mmain [TID: N/A][0;39m [1;36m[][0;39m [1;32mc.alibaba.druid.filter.stat.StatFilter  [0;39m [1;35m(StatFilter.java:518)[0;39m 
 slow sql 204 millis. INSERT INTO QRTZ_CRON_TRIGGERS (SCHED_NAME, TRIGGER_NAME, TRIGGER_GROUP, CRON_EXPRESSION, TIME_ZONE_ID)  VALUES('schedulerName', ?, ?, ?, ?) ["aigcTerminalEventOutboxDispatchJob","DEFAULT","0 */5 * * * ?","Asia/Shanghai"]
2026-06-07 15:23:55.691 | [1;31mERROR 1721739[0;39m | [1;33mmain [TID: N/A][0;39m [1;36m[][0;39m [1;32mc.alibaba.druid.filter.stat.StatFilter  [0;39m [1;35m(StatFilter.java:518)[0;39m 
 slow sql 316 millis. UPDATE QRTZ_TRIGGERS SET TRIGGER_STATE = ? WHERE SCHED_NAME = 'schedulerName' AND TRIGGER_NAME = ? AND TRIGGER_GROUP = ? ["PAUSED","aigcTerminalEventOutboxDispatchJob","DEFAULT"]
2026-06-07 15:23:55.692 | [34m INFO 1721739[0;39m | [1;33mmain [TID: N/A][0;39m [1;36m[][0;39m [1;32mc.d.d.m.i.service.job.JobServiceImpl    [0;39m [1;35m(JobServiceImpl.java:185)[0;39m 
 
[syncJob][id(300311) handlerName(aigcTerminalEventOutboxDispatchJob) 同步完成]
2026-06-07 15:23:55.999 | [1;31mERROR 1721739[0;39m | [1;33mmain [TID: N/A][0;39m [1;36m[][0;39m [1;32mc.alibaba.druid.filter.stat.StatFilter  [0;39m [1;35m(StatFilter.java:518)[0;39m 
 slow sql 256 millis. DELETE FROM QRTZ_CRON_TRIGGERS WHERE SCHED_NAME = 'schedulerName' AND TRIGGER_NAME = ? AND TRIGGER_GROUP = ? ["aigcTemporaryTemplateCleanJob","DEFAULT"]
2026-06-07 15:23:56.382 | [1;31mERROR 1721739[0;39m | [1;33mmain [TID: N/A][0;39m [1;36m[][0;39m [1;32mc.alibaba.druid.filter.stat.StatFilter  [0;39m [1;35m(StatFilter.java:518)[0;39m 
 slow sql 382 millis. DELETE FROM QRTZ_TRIGGERS WHERE SCHED_NAME = 'schedulerName' AND TRIGGER_NAME = ? AND TRIGGER_GROUP = ? ["aigcTemporaryTemplateCleanJob","DEFAULT"]
2026-06-07 15:23:56.768 | [1;31mERROR 1721739[0;39m | [1;33mmain [TID: N/A][0;39m [1;36m[][0;39m [1;32mc.alibaba.druid.filter.stat.StatFilter  [0;39m [1;35m(StatFilter.java:518)[0;39m 
 slow sql 375 millis. DELETE FROM QRTZ_JOB_DETAILS WHERE SCHED_NAME = 'schedulerName' AND JOB_NAME = ? AND JOB_GROUP = ? ["aigcTemporaryTemplateCleanJob","DEFAULT"]
2026-06-07 15:23:57.157 | [1;31mERROR 1721739[0;39m | [1;33mmain [TID: N/A][0;39m [1;36m[][0;39m [1;32mc.alibaba.druid.filter.stat.StatFilter  [0;39m [1;35m(StatFilter.java:518)[0;39m 
 slow sql 320 millis. INSERT INTO QRTZ_JOB_DETAILS (SCHED_NAME, JOB_NAME, JOB_GROUP, DESCRIPTION, JOB_CLASS_NAME, IS_DURABLE, IS_NONCONCURRENT, IS_UPDATE_DATA, REQUESTS_RECOVERY, JOB_DATA)  VALUES('schedulerName', ?, ?, ?, ?, ?, ?, ?, ?, ?) ["aigcTemporaryTemplateCleanJob","DEFAULT",null,"com.douyouqu.dyq.framework.quartz.core.handler.JobHandlerInvoker",false,true,true,false,"<[B>"]
2026-06-07 15:23:57.640 | [1;31mERROR 1721739[0;39m | [1;33mmain [TID: N/A][0;39m [1;36m[][0;39m [1;32mc.alibaba.druid.filter.stat.StatFilter  [0;39m [1;35m(StatFilter.java:518)[0;39m 
 slow sql 441 millis. INSERT INTO QRTZ_TRIGGERS (SCHED_NAME, TRIGGER_NAME, TRIGGER_GROUP, JOB_NAME, JOB_GROUP, DESCRIPTION, NEXT_FIRE_TIME, PREV_FIRE_TIME, TRIGGER_STATE, TRIGGER_TYPE, START_TIME, END_TIME, CALENDAR_NAME, MISFIRE_INSTR, JOB_DATA, PRIORITY)  VALUES('schedulerName', ?, ?, ?, ?, ?, ?, ?, ?, ?, ?, ?, ?, ?, ?, ?) ["aigcTemporaryTemplateCleanJob","DEFAULT","aigcTemporaryTemplateCleanJob","DEFAULT",null,1780855200000,-1,"WAITING","CRON",1780817036000,0,null,0,"<[B>",5]
2026-06-07 15:23:57.915 | [1;31mERROR 1721739[0;39m | [1;33mmain [TID: N/A][0;39m [1;36m[][0;39m [1;32mc.alibaba.druid.filter.stat.StatFilter  [0;39m [1;35m(StatFilter.java:518)[0;39m 
 slow sql 274 millis. INSERT INTO QRTZ_CRON_TRIGGERS (SCHED_NAME, TRIGGER_NAME, TRIGGER_GROUP, CRON_EXPRESSION, TIME_ZONE_ID)  VALUES('schedulerName', ?, ?, ?, ?) ["aigcTemporaryTemplateCleanJob","DEFAULT","0 0 2 * * ?","Asia/Shanghai"]
2026-06-07 15:23:58.270 | [1;31mERROR 1721739[0;39m | [1;33mmain [TID: N/A][0;39m [1;36m[][0;39m [1;32mc.alibaba.druid.filter.stat.StatFilter  [0;39m [1;35m(StatFilter.java:518)[0;39m 
 slow sql 301 millis. UPDATE QRTZ_TRIGGERS SET TRIGGER_STATE = ? WHERE SCHED_NAME = 'schedulerName' AND TRIGGER_NAME = ? AND TRIGGER_GROUP = ? ["PAUSED","aigcTemporaryTemplateCleanJob","DEFAULT"]
2026-06-07 15:23:58.270 | [34m INFO 1721739[0;39m | [1;33mmain [TID: N/A][0;39m [1;36m[][0;39m [1;32mc.d.d.m.i.service.job.JobServiceImpl    [0;39m [1;35m(JobServiceImpl.java:185)[0;39m 
 
[syncJob][id(300312) handlerName(aigcTemporaryTemplateCleanJob) 同步完成]
2026-06-07 15:23:58.631 | [1;31mERROR 1721739[0;39m | [1;33mmain [TID: N/A][0;39m [1;36m[][0;39m [1;32mc.alibaba.druid.filter.stat.StatFilter  [0;39m [1;35m(StatFilter.java:518)[0;39m 
 slow sql 309 millis. DELETE FROM QRTZ_CRON_TRIGGERS WHERE SCHED_NAME = 'schedulerName' AND TRIGGER_NAME = ? AND TRIGGER_GROUP = ? ["billingFlowHealthCheckJob","DEFAULT"]
2026-06-07 15:23:59.031 | [1;31mERROR 1721739[0;39m | [1;33mmain [TID: N/A][0;39m [1;36m[][0;39m [1;32mc.alibaba.druid.filter.stat.StatFilter  [0;39m [1;35m(StatFilter.java:518)[0;39m 
 slow sql 399 millis. DELETE FROM QRTZ_TRIGGERS WHERE SCHED_NAME = 'schedulerName' AND TRIGGER_NAME = ? AND TRIGGER_GROUP = ? ["billingFlowHealthCheckJob","DEFAULT"]
2026-06-07 15:23:59.373 | [1;31mERROR 1721739[0;39m | [1;33mmain [TID: N/A][0;39m [1;36m[][0;39m [1;32mc.alibaba.druid.filter.stat.StatFilter  [0;39m [1;35m(StatFilter.java:518)[0;39m 
 slow sql 330 millis. DELETE FROM QRTZ_JOB_DETAILS WHERE SCHED_NAME = 'schedulerName' AND JOB_NAME = ? AND JOB_GROUP = ? ["billingFlowHealthCheckJob","DEFAULT"]
2026-06-07 15:23:59.823 | [1;31mERROR 1721739[0;39m | [1;33mmain [TID: N/A][0;39m [1;36m[][0;39m [1;32mc.alibaba.druid.filter.stat.StatFilter  [0;39m [1;35m(StatFilter.java:518)[0;39m 
 slow sql 384 millis. INSERT INTO QRTZ_JOB_DETAILS (SCHED_NAME, JOB_NAME, JOB_GROUP, DESCRIPTION, JOB_CLASS_NAME, IS_DURABLE, IS_NONCONCURRENT, IS_UPDATE_DATA, REQUESTS_RECOVERY, JOB_DATA)  VALUES('schedulerName', ?, ?, ?, ?, ?, ?, ?, ?, ?) ["billingFlowHealthCheckJob","DEFAULT",null,"com.douyouqu.dyq.framework.quartz.core.handler.JobHandlerInvoker",false,true,true,false,"<[B>"]
2026-06-07 15:24:00.231 | [1;31mERROR 1721739[0;39m | [1;33mmain [TID: N/A][0;39m [1;36m[][0;39m [1;32mc.alibaba.druid.filter.stat.StatFilter  [0;39m [1;35m(StatFilter.java:518)[0;39m 
 slow sql 365 millis. INSERT INTO QRTZ_TRIGGERS (SCHED_NAME, TRIGGER_NAME, TRIGGER_GROUP, JOB_NAME, JOB_GROUP, DESCRIPTION, NEXT_FIRE_TIME, PREV_FIRE_TIME, TRIGGER_STATE, TRIGGER_TYPE, START_TIME, END_TIME, CALENDAR_NAME, MISFIRE_INSTR, JOB_DATA, PRIORITY)  VALUES('schedulerName', ?, ?, ?, ?, ?, ?, ?, ?, ?, ?, ?, ?, ?, ?, ?) ["billingFlowHealthCheckJob","DEFAULT","billingFlowHealthCheckJob","DEFAULT",null,1780817100000,-1,"WAITING","CRON",1780817039000,0,null,0,"<[B>",5]
2026-06-07 15:24:00.631 | [1;31mERROR 1721739[0;39m | [1;33mmain [TID: N/A][0;39m [1;36m[][0;39m [1;32mc.alibaba.druid.filter.stat.StatFilter  [0;39m [1;35m(StatFilter.java:518)[0;39m 
 slow sql 399 millis. INSERT INTO QRTZ_CRON_TRIGGERS (SCHED_NAME, TRIGGER_NAME, TRIGGER_GROUP, CRON_EXPRESSION, TIME_ZONE_ID)  VALUES('schedulerName', ?, ?, ?, ?) ["billingFlowHealthCheckJob","DEFAULT","0 */5 * * * ?","Asia/Shanghai"]
2026-06-07 15:24:00.840 | [1;31mERROR 1721739[0;39m | [1;33mmain [TID: N/A][0;39m [1;36m[][0;39m [1;32mc.alibaba.druid.filter.stat.StatFilter  [0;39m [1;35m(StatFilter.java:518)[0;39m 
 slow sql 153 millis. UPDATE QRTZ_TRIGGERS SET TRIGGER_STATE = ? WHERE SCHED_NAME = 'schedulerName' AND TRIGGER_NAME = ? AND TRIGGER_GROUP = ? ["PAUSED","billingFlowHealthCheckJob","DEFAULT"]
2026-06-07 15:24:00.840 | [34m INFO 1721739[0;39m | [1;33mmain [TID: N/A][0;39m [1;36m[][0;39m [1;32mc.d.d.m.i.service.job.JobServiceImpl    [0;39m [1;35m(JobServiceImpl.java:185)[0;39m 
 
[syncJob][id(300320) handlerName(billingFlowHealthCheckJob) 同步完成]
2026-06-07 15:24:01.056 | [1;31mERROR 1721739[0;39m | [1;33mmain [TID: N/A][0;39m [1;36m[][0;39m [1;32mc.alibaba.druid.filter.stat.StatFilter  [0;39m [1;35m(StatFilter.java:518)[0;39m 
 slow sql 157 millis. DELETE FROM QRTZ_CRON_TRIGGERS WHERE SCHED_NAME = 'schedulerName' AND TRIGGER_NAME = ? AND TRIGGER_GROUP = ? ["billingWithdrawTransferSyncJob","DEFAULT"]
2026-06-07 15:24:01.263 | [1;31mERROR 1721739[0;39m | [1;33mmain [TID: N/A][0;39m [1;36m[][0;39m [1;32mc.alibaba.druid.filter.stat.StatFilter  [0;39m [1;35m(StatFilter.java:518)[0;39m 
 slow sql 206 millis. DELETE FROM QRTZ_TRIGGERS WHERE SCHED_NAME = 'schedulerName' AND TRIGGER_NAME = ? AND TRIGGER_GROUP = ? ["billingWithdrawTransferSyncJob","DEFAULT"]
2026-06-07 15:24:01.572 | [1;31mERROR 1721739[0;39m | [1;33mmain [TID: N/A][0;39m [1;36m[][0;39m [1;32mc.alibaba.druid.filter.stat.StatFilter  [0;39m [1;35m(StatFilter.java:518)[0;39m 
 slow sql 297 millis. DELETE FROM QRTZ_JOB_DETAILS WHERE SCHED_NAME = 'schedulerName' AND JOB_NAME = ? AND JOB_GROUP = ? ["billingWithdrawTransferSyncJob","DEFAULT"]
2026-06-07 15:24:01.889 | [1;31mERROR 1721739[0;39m | [1;33mmain [TID: N/A][0;39m [1;36m[][0;39m [1;32mc.alibaba.druid.filter.stat.StatFilter  [0;39m [1;35m(StatFilter.java:518)[0;39m 
 slow sql 207 millis. INSERT INTO QRTZ_JOB_DETAILS (SCHED_NAME, JOB_NAME, JOB_GROUP, DESCRIPTION, JOB_CLASS_NAME, IS_DURABLE, IS_NONCONCURRENT, IS_UPDATE_DATA, REQUESTS_RECOVERY, JOB_DATA)  VALUES('schedulerName', ?, ?, ?, ?, ?, ?, ?, ?, ?) ["billingWithdrawTransferSyncJob","DEFAULT",null,"com.douyouqu.dyq.framework.quartz.core.handler.JobHandlerInvoker",false,true,true,false,"<[B>"]
2026-06-07 15:24:02.247 | [1;31mERROR 1721739[0;39m | [1;33mmain [TID: N/A][0;39m [1;36m[][0;39m [1;32mc.alibaba.druid.filter.stat.StatFilter  [0;39m [1;35m(StatFilter.java:518)[0;39m 
 slow sql 297 millis. INSERT INTO QRTZ_TRIGGERS (SCHED_NAME, TRIGGER_NAME, TRIGGER_GROUP, JOB_NAME, JOB_GROUP, DESCRIPTION, NEXT_FIRE_TIME, PREV_FIRE_TIME, TRIGGER_STATE, TRIGGER_TYPE, START_TIME, END_TIME, CALENDAR_NAME, MISFIRE_INSTR, JOB_DATA, PRIORITY)  VALUES('schedulerName', ?, ?, ?, ?, ?, ?, ?, ?, ?, ?, ?, ?, ?, ?, ?) ["billingWithdrawTransferSyncJob","DEFAULT","billingWithdrawTransferSyncJob","DEFAULT",null,1780817100000,-1,"WAITING","CRON",1780817041000,0,null,0,"<[B>",5]
2026-06-07 15:24:02.589 | [1;31mERROR 1721739[0;39m | [1;33mmain [TID: N/A][0;39m [1;36m[][0;39m [1;32mc.alibaba.druid.filter.stat.StatFilter  [0;39m [1;35m(StatFilter.java:518)[0;39m 
 slow sql 341 millis. INSERT INTO QRTZ_CRON_TRIGGERS (SCHED_NAME, TRIGGER_NAME, TRIGGER_GROUP, CRON_EXPRESSION, TIME_ZONE_ID)  VALUES('schedulerName', ?, ?, ?, ?) ["billingWithdrawTransferSyncJob","DEFAULT","0 */5 * * * ?","Asia/Shanghai"]
2026-06-07 15:24:03.009 | [1;31mERROR 1721739[0;39m | [1;33mmain [TID: N/A][0;39m [1;36m[][0;39m [1;32mc.alibaba.druid.filter.stat.StatFilter  [0;39m [1;35m(StatFilter.java:518)[0;39m 
 slow sql 367 millis. UPDATE QRTZ_TRIGGERS SET TRIGGER_STATE = ? WHERE SCHED_NAME = 'schedulerName' AND TRIGGER_NAME = ? AND TRIGGER_GROUP = ? ["PAUSED","billingWithdrawTransferSyncJob","DEFAULT"]
2026-06-07 15:24:03.009 | [34m INFO 1721739[0;39m | [1;33mmain [TID: N/A][0;39m [1;36m[][0;39m [1;32mc.d.d.m.i.service.job.JobServiceImpl    [0;39m [1;35m(JobServiceImpl.java:185)[0;39m 
 
[syncJob][id(300321) handlerName(billingWithdrawTransferSyncJob) 同步完成]
2026-06-07 15:24:03.314 | [1;31mERROR 1721739[0;39m | [1;33mmain [TID: N/A][0;39m [1;36m[][0;39m [1;32mc.alibaba.druid.filter.stat.StatFilter  [0;39m [1;35m(StatFilter.java:518)[0;39m 
 slow sql 252 millis. DELETE FROM QRTZ_CRON_TRIGGERS WHERE SCHED_NAME = 'schedulerName' AND TRIGGER_NAME = ? AND TRIGGER_GROUP = ? ["proxyAssetRenewJob","DEFAULT"]
2026-06-07 15:24:03.722 | [1;31mERROR 1721739[0;39m | [1;33mmain [TID: N/A][0;39m [1;36m[][0;39m [1;32mc.alibaba.druid.filter.stat.StatFilter  [0;39m [1;35m(StatFilter.java:518)[0;39m 
 slow sql 407 millis. DELETE FROM QRTZ_TRIGGERS WHERE SCHED_NAME = 'schedulerName' AND TRIGGER_NAME = ? AND TRIGGER_GROUP = ? ["proxyAssetRenewJob","DEFAULT"]
2026-06-07 15:24:04.014 | [1;31mERROR 1721739[0;39m | [1;33mmain [TID: N/A][0;39m [1;36m[][0;39m [1;32mc.alibaba.druid.filter.stat.StatFilter  [0;39m [1;35m(StatFilter.java:518)[0;39m 
 slow sql 280 millis. DELETE FROM QRTZ_JOB_DETAILS WHERE SCHED_NAME = 'schedulerName' AND JOB_NAME = ? AND JOB_GROUP = ? ["proxyAssetRenewJob","DEFAULT"]
2026-06-07 15:24:04.480 | [1;31mERROR 1721739[0;39m | [1;33mmain [TID: N/A][0;39m [1;36m[][0;39m [1;32mc.alibaba.druid.filter.stat.StatFilter  [0;39m [1;35m(StatFilter.java:518)[0;39m 
 slow sql 402 millis. INSERT INTO QRTZ_JOB_DETAILS (SCHED_NAME, JOB_NAME, JOB_GROUP, DESCRIPTION, JOB_CLASS_NAME, IS_DURABLE, IS_NONCONCURRENT, IS_UPDATE_DATA, REQUESTS_RECOVERY, JOB_DATA)  VALUES('schedulerName', ?, ?, ?, ?, ?, ?, ?, ?, ?) ["proxyAssetRenewJob","DEFAULT",null,"com.douyouqu.dyq.framework.quartz.core.handler.JobHandlerInvoker",false,true,true,false,"<[B>"]
2026-06-07 15:24:04.705 | [1;31mERROR 1721739[0;39m | [1;33mmain [TID: N/A][0;39m [1;36m[][0;39m [1;32mc.alibaba.druid.filter.stat.StatFilter  [0;39m [1;35m(StatFilter.java:518)[0;39m 
 slow sql 181 millis. INSERT INTO QRTZ_TRIGGERS (SCHED_NAME, TRIGGER_NAME, TRIGGER_GROUP, JOB_NAME, JOB_GROUP, DESCRIPTION, NEXT_FIRE_TIME, PREV_FIRE_TIME, TRIGGER_STATE, TRIGGER_TYPE, START_TIME, END_TIME, CALENDAR_NAME, MISFIRE_INSTR, JOB_DATA, PRIORITY)  VALUES('schedulerName', ?, ?, ?, ?, ?, ?, ?, ?, ?, ?, ?, ?, ?, ?, ?) ["proxyAssetRenewJob","DEFAULT","proxyAssetRenewJob","DEFAULT",null,1780817100000,-1,"WAITING","CRON",1780817044000,0,null,0,"<[B>",5]
2026-06-07 15:24:04.905 | [1;31mERROR 1721739[0;39m | [1;33mmain [TID: N/A][0;39m [1;36m[][0;39m [1;32mc.alibaba.druid.filter.stat.StatFilter  [0;39m [1;35m(StatFilter.java:518)[0;39m 
 slow sql 199 millis. INSERT INTO QRTZ_CRON_TRIGGERS (SCHED_NAME, TRIGGER_NAME, TRIGGER_GROUP, CRON_EXPRESSION, TIME_ZONE_ID)  VALUES('schedulerName', ?, ?, ?, ?) ["proxyAssetRenewJob","DEFAULT","0 */5 * * * ?","Asia/Shanghai"]
2026-06-07 15:24:05.163 | [1;31mERROR 1721739[0;39m | [1;33mmain [TID: N/A][0;39m [1;36m[][0;39m [1;32mc.alibaba.druid.filter.stat.StatFilter  [0;39m [1;35m(StatFilter.java:518)[0;39m 
 slow sql 204 millis. UPDATE QRTZ_TRIGGERS SET TRIGGER_STATE = ? WHERE SCHED_NAME = 'schedulerName' AND TRIGGER_NAME = ? AND TRIGGER_GROUP = ? ["PAUSED","proxyAssetRenewJob","DEFAULT"]
2026-06-07 15:24:05.164 | [34m INFO 1721739[0;39m | [1;33mmain [TID: N/A][0;39m [1;36m[][0;39m [1;32mc.d.d.m.i.service.job.JobServiceImpl    [0;39m [1;35m(JobServiceImpl.java:185)[0;39m 
 
[syncJob][id(300330) handlerName(proxyAssetRenewJob) 同步完成]
2026-06-07 15:24:05.501 | [1;31mERROR 1721739[0;39m | [1;33mmain [TID: N/A][0;39m [1;36m[][0;39m [1;32mc.alibaba.druid.filter.stat.StatFilter  [0;39m [1;35m(StatFilter.java:518)[0;39m 
 slow sql 285 millis. DELETE FROM QRTZ_CRON_TRIGGERS WHERE SCHED_NAME = 'schedulerName' AND TRIGGER_NAME = ? AND TRIGGER_GROUP = ? ["skillHealthCheckJob","DEFAULT"]
2026-06-07 15:24:05.699 | [1;31mERROR 1721739[0;39m | [1;33mmain [TID: N/A][0;39m [1;36m[][0;39m [1;32mc.alibaba.druid.filter.stat.StatFilter  [0;39m [1;35m(StatFilter.java:518)[0;39m 
 slow sql 196 millis. DELETE FROM QRTZ_TRIGGERS WHERE SCHED_NAME = 'schedulerName' AND TRIGGER_NAME = ? AND TRIGGER_GROUP = ? ["skillHealthCheckJob","DEFAULT"]
2026-06-07 15:24:05.972 | [1;31mERROR 1721739[0;39m | [1;33mmain [TID: N/A][0;39m [1;36m[][0;39m [1;32mc.alibaba.druid.filter.stat.StatFilter  [0;39m [1;35m(StatFilter.java:518)[0;39m 
 slow sql 261 millis. DELETE FROM QRTZ_JOB_DETAILS WHERE SCHED_NAME = 'schedulerName' AND JOB_NAME = ? AND JOB_GROUP = ? ["skillHealthCheckJob","DEFAULT"]
2026-06-07 15:24:06.204 | [1;31mERROR 1721739[0;39m | [1;33mmain [TID: N/A][0;39m [1;36m[][0;39m [1;32mc.alibaba.druid.filter.stat.StatFilter  [0;39m [1;35m(StatFilter.java:518)[0;39m 
 slow sql 167 millis. INSERT INTO QRTZ_JOB_DETAILS (SCHED_NAME, JOB_NAME, JOB_GROUP, DESCRIPTION, JOB_CLASS_NAME, IS_DURABLE, IS_NONCONCURRENT, IS_UPDATE_DATA, REQUESTS_RECOVERY, JOB_DATA)  VALUES('schedulerName', ?, ?, ?, ?, ?, ?, ?, ?, ?) ["skillHealthCheckJob","DEFAULT",null,"com.douyouqu.dyq.framework.quartz.core.handler.JobHandlerInvoker",false,true,true,false,"<[B>"]
2026-06-07 15:24:06.421 | [1;31mERROR 1721739[0;39m | [1;33mmain [TID: N/A][0;39m [1;36m[][0;39m [1;32mc.alibaba.druid.filter.stat.StatFilter  [0;39m [1;35m(StatFilter.java:518)[0;39m 
 slow sql 173 millis. INSERT INTO QRTZ_TRIGGERS (SCHED_NAME, TRIGGER_NAME, TRIGGER_GROUP, JOB_NAME, JOB_GROUP, DESCRIPTION, NEXT_FIRE_TIME, PREV_FIRE_TIME, TRIGGER_STATE, TRIGGER_TYPE, START_TIME, END_TIME, CALENDAR_NAME, MISFIRE_INSTR, JOB_DATA, PRIORITY)  VALUES('schedulerName', ?, ?, ?, ?, ?, ?, ?, ?, ?, ?, ?, ?, ?, ?, ?) ["skillHealthCheckJob","DEFAULT","skillHealthCheckJob","DEFAULT",null,1780817100000,-1,"WAITING","CRON",1780817046000,0,null,0,"<[B>",5]
2026-06-07 15:24:06.604 | [1;31mERROR 1721739[0;39m | [1;33mmain [TID: N/A][0;39m [1;36m[][0;39m [1;32mc.alibaba.druid.filter.stat.StatFilter  [0;39m [1;35m(StatFilter.java:518)[0;39m 
 slow sql 181 millis. INSERT INTO QRTZ_CRON_TRIGGERS (SCHED_NAME, TRIGGER_NAME, TRIGGER_GROUP, CRON_EXPRESSION, TIME_ZONE_ID)  VALUES('schedulerName', ?, ?, ?, ?) ["skillHealthCheckJob","DEFAULT","0 */5 * * * ?","Asia/Shanghai"]
2026-06-07 15:24:06.887 | [1;31mERROR 1721739[0;39m | [1;33mmain [TID: N/A][0;39m [1;36m[][0;39m [1;32mc.alibaba.druid.filter.stat.StatFilter  [0;39m [1;35m(StatFilter.java:518)[0;39m 
 slow sql 229 millis. UPDATE QRTZ_TRIGGERS SET TRIGGER_STATE = ? WHERE SCHED_NAME = 'schedulerName' AND TRIGGER_NAME = ? AND TRIGGER_GROUP = ? ["PAUSED","skillHealthCheckJob","DEFAULT"]
2026-06-07 15:24:06.888 | [34m INFO 1721739[0;39m | [1;33mmain [TID: N/A][0;39m [1;36m[][0;39m [1;32mc.d.d.m.i.service.job.JobServiceImpl    [0;39m [1;35m(JobServiceImpl.java:185)[0;39m 
 
[syncJob][id(300340) handlerName(skillHealthCheckJob) 同步完成]
2026-06-07 15:24:07.130 | [1;31mERROR 1721739[0;39m | [1;33mmain [TID: N/A][0;39m [1;36m[][0;39m [1;32mc.alibaba.druid.filter.stat.StatFilter  [0;39m [1;35m(StatFilter.java:518)[0;39m 
 slow sql 190 millis. DELETE FROM QRTZ_CRON_TRIGGERS WHERE SCHED_NAME = 'schedulerName' AND TRIGGER_NAME = ? AND TRIGGER_GROUP = ? ["workflowTimeoutJob","DEFAULT"]
2026-06-07 15:24:07.313 | [1;31mERROR 1721739[0;39m | [1;33mmain [TID: N/A][0;39m [1;36m[][0;39m [1;32mc.alibaba.druid.filter.stat.StatFilter  [0;39m [1;35m(StatFilter.java:518)[0;39m 
 slow sql 182 millis. DELETE FROM QRTZ_TRIGGERS WHERE SCHED_NAME = 'schedulerName' AND TRIGGER_NAME = ? AND TRIGGER_GROUP = ? ["workflowTimeoutJob","DEFAULT"]
2026-06-07 15:24:07.488 | [1;31mERROR 1721739[0;39m | [1;33mmain [TID: N/A][0;39m [1;36m[][0;39m [1;32mc.alibaba.druid.filter.stat.StatFilter  [0;39m [1;35m(StatFilter.java:518)[0;39m 
 slow sql 163 millis. DELETE FROM QRTZ_JOB_DETAILS WHERE SCHED_NAME = 'schedulerName' AND JOB_NAME = ? AND JOB_GROUP = ? ["workflowTimeoutJob","DEFAULT"]
2026-06-07 15:24:07.704 | [1;31mERROR 1721739[0;39m | [1;33mmain [TID: N/A][0;39m [1;36m[][0;39m [1;32mc.alibaba.druid.filter.stat.StatFilter  [0;39m [1;35m(StatFilter.java:518)[0;39m 
 slow sql 154 millis. INSERT INTO QRTZ_JOB_DETAILS (SCHED_NAME, JOB_NAME, JOB_GROUP, DESCRIPTION, JOB_CLASS_NAME, IS_DURABLE, IS_NONCONCURRENT, IS_UPDATE_DATA, REQUESTS_RECOVERY, JOB_DATA)  VALUES('schedulerName', ?, ?, ?, ?, ?, ?, ?, ?, ?) ["workflowTimeoutJob","DEFAULT",null,"com.douyouqu.dyq.framework.quartz.core.handler.JobHandlerInvoker",false,true,true,false,"<[B>"]
2026-06-07 15:24:08.013 | [1;31mERROR 1721739[0;39m | [1;33mmain [TID: N/A][0;39m [1;36m[][0;39m [1;32mc.alibaba.druid.filter.stat.StatFilter  [0;39m [1;35m(StatFilter.java:518)[0;39m 
 slow sql 266 millis. INSERT INTO QRTZ_TRIGGERS (SCHED_NAME, TRIGGER_NAME, TRIGGER_GROUP, JOB_NAME, JOB_GROUP, DESCRIPTION, NEXT_FIRE_TIME, PREV_FIRE_TIME, TRIGGER_STATE, TRIGGER_TYPE, START_TIME, END_TIME, CALENDAR_NAME, MISFIRE_INSTR, JOB_DATA, PRIORITY)  VALUES('schedulerName', ?, ?, ?, ?, ?, ?, ?, ?, ?, ?, ?, ?, ?, ?, ?) ["workflowTimeoutJob","DEFAULT","workflowTimeoutJob","DEFAULT",null,1780817100000,-1,"WAITING","CRON",1780817047000,0,null,0,"<[B>",5]
2026-06-07 15:24:08.263 | [1;31mERROR 1721739[0;39m | [1;33mmain [TID: N/A][0;39m [1;36m[][0;39m [1;32mc.alibaba.druid.filter.stat.StatFilter  [0;39m [1;35m(StatFilter.java:518)[0;39m 
 slow sql 249 millis. INSERT INTO QRTZ_CRON_TRIGGERS (SCHED_NAME, TRIGGER_NAME, TRIGGER_GROUP, CRON_EXPRESSION, TIME_ZONE_ID)  VALUES('schedulerName', ?, ?, ?, ?) ["workflowTimeoutJob","DEFAULT","0 */1 * * * ?","Asia/Shanghai"]
2026-06-07 15:24:08.504 | [1;31mERROR 1721739[0;39m | [1;33mmain [TID: N/A][0;39m [1;36m[][0;39m [1;32mc.alibaba.druid.filter.stat.StatFilter  [0;39m [1;35m(StatFilter.java:518)[0;39m 
 slow sql 187 millis. UPDATE QRTZ_TRIGGERS SET TRIGGER_STATE = ? WHERE SCHED_NAME = 'schedulerName' AND TRIGGER_NAME = ? AND TRIGGER_GROUP = ? ["PAUSED","workflowTimeoutJob","DEFAULT"]
2026-06-07 15:24:08.505 | [34m INFO 1721739[0;39m | [1;33mmain [TID: N/A][0;39m [1;36m[][0;39m [1;32mc.d.d.m.i.service.job.JobServiceImpl    [0;39m [1;35m(JobServiceImpl.java:185)[0;39m 
 
[syncJob][id(1744900000001) handlerName(workflowTimeoutJob) 同步完成]
2026-06-07 15:24:08.796 | [1;31mERROR 1721739[0;39m | [1;33mmain [TID: N/A][0;39m [1;36m[][0;39m [1;32mc.alibaba.druid.filter.stat.StatFilter  [0;39m [1;35m(StatFilter.java:518)[0;39m 
 slow sql 239 millis. DELETE FROM QRTZ_CRON_TRIGGERS WHERE SCHED_NAME = 'schedulerName' AND TRIGGER_NAME = ? AND TRIGGER_GROUP = ? ["slowExecutionAlert","DEFAULT"]
2026-06-07 15:24:09.046 | [1;31mERROR 1721739[0;39m | [1;33mmain [TID: N/A][0;39m [1;36m[][0;39m [1;32mc.alibaba.druid.filter.stat.StatFilter  [0;39m [1;35m(StatFilter.java:518)[0;39m 
 slow sql 249 millis. DELETE FROM QRTZ_TRIGGERS WHERE SCHED_NAME = 'schedulerName' AND TRIGGER_NAME = ? AND TRIGGER_GROUP = ? ["slowExecutionAlert","DEFAULT"]
2026-06-07 15:24:09.296 | [1;31mERROR 1721739[0;39m | [1;33mmain [TID: N/A][0;39m [1;36m[][0;39m [1;32mc.alibaba.druid.filter.stat.StatFilter  [0;39m [1;35m(StatFilter.java:518)[0;39m 
 slow sql 239 millis. DELETE FROM QRTZ_JOB_DETAILS WHERE SCHED_NAME = 'schedulerName' AND JOB_NAME = ? AND JOB_GROUP = ? ["slowExecutionAlert","DEFAULT"]
2026-06-07 15:24:09.620 | [1;31mERROR 1721739[0;39m | [1;33mmain [TID: N/A][0;39m [1;36m[][0;39m [1;32mc.alibaba.druid.filter.stat.StatFilter  [0;39m [1;35m(StatFilter.java:518)[0;39m 
 slow sql 260 millis. INSERT INTO QRTZ_JOB_DETAILS (SCHED_NAME, JOB_NAME, JOB_GROUP, DESCRIPTION, JOB_CLASS_NAME, IS_DURABLE, IS_NONCONCURRENT, IS_UPDATE_DATA, REQUESTS_RECOVERY, JOB_DATA)  VALUES('schedulerName', ?, ?, ?, ?, ?, ?, ?, ?, ?) ["slowExecutionAlert","DEFAULT",null,"com.douyouqu.dyq.framework.quartz.core.handler.JobHandlerInvoker",false,true,true,false,"<[B>"]
2026-06-07 15:24:09.912 | [1;31mERROR 1721739[0;39m | [1;33mmain [TID: N/A][0;39m [1;36m[][0;39m [1;32mc.alibaba.druid.filter.stat.StatFilter  [0;39m [1;35m(StatFilter.java:518)[0;39m 
 slow sql 248 millis. INSERT INTO QRTZ_TRIGGERS (SCHED_NAME, TRIGGER_NAME, TRIGGER_GROUP, JOB_NAME, JOB_GROUP, DESCRIPTION, NEXT_FIRE_TIME, PREV_FIRE_TIME, TRIGGER_STATE, TRIGGER_TYPE, START_TIME, END_TIME, CALENDAR_NAME, MISFIRE_INSTR, JOB_DATA, PRIORITY)  VALUES('schedulerName', ?, ?, ?, ?, ?, ?, ?, ?, ?, ?, ?, ?, ?, ?, ?) ["slowExecutionAlert","DEFAULT","slowExecutionAlert","DEFAULT",null,1780817100000,-1,"WAITING","CRON",1780817049000,0,null,0,"<[B>",5]
2026-06-07 15:24:10.137 | [1;31mERROR 1721739[0;39m | [1;33mmain [TID: N/A][0;39m [1;36m[][0;39m [1;32mc.alibaba.druid.filter.stat.StatFilter  [0;39m [1;35m(StatFilter.java:518)[0;39m 
 slow sql 224 millis. INSERT INTO QRTZ_CRON_TRIGGERS (SCHED_NAME, TRIGGER_NAME, TRIGGER_GROUP, CRON_EXPRESSION, TIME_ZONE_ID)  VALUES('schedulerName', ?, ?, ?, ?) ["slowExecutionAlert","DEFAULT","0 */5 * * * ?","Asia/Shanghai"]
2026-06-07 15:24:10.454 | [1;31mERROR 1721739[0;39m | [1;33mmain [TID: N/A][0;39m [1;36m[][0;39m [1;32mc.alibaba.druid.filter.stat.StatFilter  [0;39m [1;35m(StatFilter.java:518)[0;39m 
 slow sql 260 millis. UPDATE QRTZ_TRIGGERS SET TRIGGER_STATE = ? WHERE SCHED_NAME = 'schedulerName' AND TRIGGER_NAME = ? AND TRIGGER_GROUP = ? ["PAUSED","slowExecutionAlert","DEFAULT"]
2026-06-07 15:24:10.454 | [34m INFO 1721739[0;39m | [1;33mmain [TID: N/A][0;39m [1;36m[][0;39m [1;32mc.d.d.m.i.service.job.JobServiceImpl    [0;39m [1;35m(JobServiceImpl.java:185)[0;39m 
 
[syncJob][id(1744900000002) handlerName(slowExecutionAlert) 同步完成]
2026-06-07 15:24:10.754 | [1;31mERROR 1721739[0;39m | [1;33mmain [TID: N/A][0;39m [1;36m[][0;39m [1;32mc.alibaba.druid.filter.stat.StatFilter  [0;39m [1;35m(StatFilter.java:518)[0;39m 
 slow sql 245 millis. DELETE FROM QRTZ_CRON_TRIGGERS WHERE SCHED_NAME = 'schedulerName' AND TRIGGER_NAME = ? AND TRIGGER_GROUP = ? ["manualReviewReminderJob","DEFAULT"]
2026-06-07 15:24:11.027 | [1;31mERROR 1721739[0;39m | [1;33mmain [TID: N/A][0;39m [1;36m[][0;39m [1;32mc.alibaba.druid.filter.stat.StatFilter  [0;39m [1;35m(StatFilter.java:518)[0;39m 
 slow sql 272 millis. DELETE FROM QRTZ_TRIGGERS WHERE SCHED_NAME = 'schedulerName' AND TRIGGER_NAME = ? AND TRIGGER_GROUP = ? ["manualReviewReminderJob","DEFAULT"]
2026-06-07 15:24:11.354 | [1;31mERROR 1721739[0;39m | [1;33mmain [TID: N/A][0;39m [1;36m[][0;39m [1;32mc.alibaba.druid.filter.stat.StatFilter  [0;39m [1;35m(StatFilter.java:518)[0;39m 
 slow sql 316 millis. DELETE FROM QRTZ_JOB_DETAILS WHERE SCHED_NAME = 'schedulerName' AND JOB_NAME = ? AND JOB_GROUP = ? ["manualReviewReminderJob","DEFAULT"]
2026-06-07 15:24:11.603 | [1;31mERROR 1721739[0;39m | [1;33mmain [TID: N/A][0;39m [1;36m[][0;39m [1;32mc.alibaba.druid.filter.stat.StatFilter  [0;39m [1;35m(StatFilter.java:518)[0;39m 
 slow sql 184 millis. INSERT INTO QRTZ_JOB_DETAILS (SCHED_NAME, JOB_NAME, JOB_GROUP, DESCRIPTION, JOB_CLASS_NAME, IS_DURABLE, IS_NONCONCURRENT, IS_UPDATE_DATA, REQUESTS_RECOVERY, JOB_DATA)  VALUES('schedulerName', ?, ?, ?, ?, ?, ?, ?, ?, ?) ["manualReviewReminderJob","DEFAULT",null,"com.douyouqu.dyq.framework.quartz.core.handler.JobHandlerInvoker",false,true,true,false,"<[B>"]
2026-06-07 15:24:11.862 | [1;31mERROR 1721739[0;39m | [1;33mmain [TID: N/A][0;39m [1;36m[][0;39m [1;32mc.alibaba.druid.filter.stat.StatFilter  [0;39m [1;35m(StatFilter.java:518)[0;39m 
 slow sql 216 millis. INSERT INTO QRTZ_TRIGGERS (SCHED_NAME, TRIGGER_NAME, TRIGGER_GROUP, JOB_NAME, JOB_GROUP, DESCRIPTION, NEXT_FIRE_TIME, PREV_FIRE_TIME, TRIGGER_STATE, TRIGGER_TYPE, START_TIME, END_TIME, CALENDAR_NAME, MISFIRE_INSTR, JOB_DATA, PRIORITY)  VALUES('schedulerName', ?, ?, ?, ?, ?, ?, ?, ?, ?, ?, ?, ?, ?, ?, ?) ["manualReviewReminderJob","DEFAULT","manualReviewReminderJob","DEFAULT",null,1780817400000,-1,"WAITING","CRON",1780817051000,0,null,0,"<[B>",5]
2026-06-07 15:24:12.128 | [1;31mERROR 1721739[0;39m | [1;33mmain [TID: N/A][0;39m [1;36m[][0;39m [1;32mc.alibaba.druid.filter.stat.StatFilter  [0;39m [1;35m(StatFilter.java:518)[0;39m 
 slow sql 265 millis. INSERT INTO QRTZ_CRON_TRIGGERS (SCHED_NAME, TRIGGER_NAME, TRIGGER_GROUP, CRON_EXPRESSION, TIME_ZONE_ID)  VALUES('schedulerName', ?, ?, ?, ?) ["manualReviewReminderJob","DEFAULT","0 */10 * * * ?","Asia/Shanghai"]
2026-06-07 15:24:12.420 | [1;31mERROR 1721739[0;39m | [1;33mmain [TID: N/A][0;39m [1;36m[][0;39m [1;32mc.alibaba.druid.filter.stat.StatFilter  [0;39m [1;35m(StatFilter.java:518)[0;39m 
 slow sql 238 millis. UPDATE QRTZ_TRIGGERS SET TRIGGER_STATE = ? WHERE SCHED_NAME = 'schedulerName' AND TRIGGER_NAME = ? AND TRIGGER_GROUP = ? ["PAUSED","manualReviewReminderJob","DEFAULT"]
2026-06-07 15:24:12.420 | [34m INFO 1721739[0;39m | [1;33mmain [TID: N/A][0;39m [1;36m[][0;39m [1;32mc.d.d.m.i.service.job.JobServiceImpl    [0;39m [1;35m(JobServiceImpl.java:185)[0;39m 
 
[syncJob][id(1744900000003) handlerName(manualReviewReminderJob) 同步完成]
2026-06-07 15:24:12.720 | [1;31mERROR 1721739[0;39m | [1;33mmain [TID: N/A][0;39m [1;36m[][0;39m [1;32mc.alibaba.druid.filter.stat.StatFilter  [0;39m [1;35m(StatFilter.java:518)[0;39m 
 slow sql 245 millis. DELETE FROM QRTZ_CRON_TRIGGERS WHERE SCHED_NAME = 'schedulerName' AND TRIGGER_NAME = ? AND TRIGGER_GROUP = ? ["manualReviewTimeoutJob","DEFAULT"]
2026-06-07 15:24:12.882 | [1;31mERROR 1721739[0;39m | [1;33mmain [TID: N/A][0;39m [1;36m[][0;39m [1;32mc.alibaba.druid.filter.stat.StatFilter  [0;39m [1;35m(StatFilter.java:518)[0;39m 
 slow sql 162 millis. DELETE FROM QRTZ_TRIGGERS WHERE SCHED_NAME = 'schedulerName' AND TRIGGER_NAME = ? AND TRIGGER_GROUP = ? ["manualReviewTimeoutJob","DEFAULT"]
2026-06-07 15:24:13.120 | [1;31mERROR 1721739[0;39m | [1;33mmain [TID: N/A][0;39m [1;36m[][0;39m [1;32mc.alibaba.druid.filter.stat.StatFilter  [0;39m [1;35m(StatFilter.java:518)[0;39m 
 slow sql 226 millis. DELETE FROM QRTZ_JOB_DETAILS WHERE SCHED_NAME = 'schedulerName' AND JOB_NAME = ? AND JOB_GROUP = ? ["manualReviewTimeoutJob","DEFAULT"]
2026-06-07 15:24:13.449 | [1;31mERROR 1721739[0;39m | [1;33mmain [TID: N/A][0;39m [1;36m[][0;39m [1;32mc.alibaba.druid.filter.stat.StatFilter  [0;39m [1;35m(StatFilter.java:518)[0;39m 
 slow sql 265 millis. INSERT INTO QRTZ_JOB_DETAILS (SCHED_NAME, JOB_NAME, JOB_GROUP, DESCRIPTION, JOB_CLASS_NAME, IS_DURABLE, IS_NONCONCURRENT, IS_UPDATE_DATA, REQUESTS_RECOVERY, JOB_DATA)  VALUES('schedulerName', ?, ?, ?, ?, ?, ?, ?, ?, ?) ["manualReviewTimeoutJob","DEFAULT",null,"com.douyouqu.dyq.framework.quartz.core.handler.JobHandlerInvoker",false,true,true,false,"<[B>"]
2026-06-07 15:24:13.736 | [1;31mERROR 1721739[0;39m | [1;33mmain [TID: N/A][0;39m [1;36m[][0;39m [1;32mc.alibaba.druid.filter.stat.StatFilter  [0;39m [1;35m(StatFilter.java:518)[0;39m 
 slow sql 245 millis. INSERT INTO QRTZ_TRIGGERS (SCHED_NAME, TRIGGER_NAME, TRIGGER_GROUP, JOB_NAME, JOB_GROUP, DESCRIPTION, NEXT_FIRE_TIME, PREV_FIRE_TIME, TRIGGER_STATE, TRIGGER_TYPE, START_TIME, END_TIME, CALENDAR_NAME, MISFIRE_INSTR, JOB_DATA, PRIORITY)  VALUES('schedulerName', ?, ?, ?, ?, ?, ?, ?, ?, ?, ?, ?, ?, ?, ?, ?) ["manualReviewTimeoutJob","DEFAULT","manualReviewTimeoutJob","DEFAULT",null,1780817100000,-1,"WAITING","CRON",1780817053000,0,null,0,"<[B>",5]
2026-06-07 15:24:13.924 | [1;31mERROR 1721739[0;39m | [1;33mmain [TID: N/A][0;39m [1;36m[][0;39m [1;32mc.alibaba.druid.filter.stat.StatFilter  [0;39m [1;35m(StatFilter.java:518)[0;39m 
 slow sql 186 millis. INSERT INTO QRTZ_CRON_TRIGGERS (SCHED_NAME, TRIGGER_NAME, TRIGGER_GROUP, CRON_EXPRESSION, TIME_ZONE_ID)  VALUES('schedulerName', ?, ?, ?, ?) ["manualReviewTimeoutJob","DEFAULT","0 */1 * * * ?","Asia/Shanghai"]
2026-06-07 15:24:14.244 | [1;31mERROR 1721739[0;39m | [1;33mmain [TID: N/A][0;39m [1;36m[][0;39m [1;32mc.alibaba.druid.filter.stat.StatFilter  [0;39m [1;35m(StatFilter.java:518)[0;39m 
 slow sql 266 millis. UPDATE QRTZ_TRIGGERS SET TRIGGER_STATE = ? WHERE SCHED_NAME = 'schedulerName' AND TRIGGER_NAME = ? AND TRIGGER_GROUP = ? ["PAUSED","manualReviewTimeoutJob","DEFAULT"]
2026-06-07 15:24:14.245 | [34m INFO 1721739[0;39m | [1;33mmain [TID: N/A][0;39m [1;36m[][0;39m [1;32mc.d.d.m.i.service.job.JobServiceImpl    [0;39m [1;35m(JobServiceImpl.java:185)[0;39m 
 
[syncJob][id(1744900000004) handlerName(manualReviewTimeoutJob) 同步完成]
2026-06-07 15:24:14.603 | [1;31mERROR 1721739[0;39m | [1;33mmain [TID: N/A][0;39m [1;36m[][0;39m [1;32mc.alibaba.druid.filter.stat.StatFilter  [0;39m [1;35m(StatFilter.java:518)[0;39m 
 slow sql 305 millis. DELETE FROM QRTZ_CRON_TRIGGERS WHERE SCHED_NAME = 'schedulerName' AND TRIGGER_NAME = ? AND TRIGGER_GROUP = ? ["agentMarketplaceRankJob","DEFAULT"]
2026-06-07 15:24:14.811 | [1;31mERROR 1721739[0;39m | [1;33mmain [TID: N/A][0;39m [1;36m[][0;39m [1;32mc.alibaba.druid.filter.stat.StatFilter  [0;39m [1;35m(StatFilter.java:518)[0;39m 
 slow sql 207 millis. DELETE FROM QRTZ_TRIGGERS WHERE SCHED_NAME = 'schedulerName' AND TRIGGER_NAME = ? AND TRIGGER_GROUP = ? ["agentMarketplaceRankJob","DEFAULT"]
2026-06-07 15:24:15.078 | [1;31mERROR 1721739[0;39m | [1;33mmain [TID: N/A][0;39m [1;36m[][0;39m [1;32mc.alibaba.druid.filter.stat.StatFilter  [0;39m [1;35m(StatFilter.java:518)[0;39m 
 slow sql 255 millis. DELETE FROM QRTZ_JOB_DETAILS WHERE SCHED_NAME = 'schedulerName' AND JOB_NAME = ? AND JOB_GROUP = ? ["agentMarketplaceRankJob","DEFAULT"]
2026-06-07 15:24:15.353 | [1;31mERROR 1721739[0;39m | [1;33mmain [TID: N/A][0;39m [1;36m[][0;39m [1;32mc.alibaba.druid.filter.stat.StatFilter  [0;39m [1;35m(StatFilter.java:518)[0;39m 
 slow sql 210 millis. INSERT INTO QRTZ_JOB_DETAILS (SCHED_NAME, JOB_NAME, JOB_GROUP, DESCRIPTION, JOB_CLASS_NAME, IS_DURABLE, IS_NONCONCURRENT, IS_UPDATE_DATA, REQUESTS_RECOVERY, JOB_DATA)  VALUES('schedulerName', ?, ?, ?, ?, ?, ?, ?, ?, ?) ["agentMarketplaceRankJob","DEFAULT",null,"com.douyouqu.dyq.framework.quartz.core.handler.JobHandlerInvoker",false,true,true,false,"<[B>"]
2026-06-07 15:24:15.602 | [1;31mERROR 1721739[0;39m | [1;33mmain [TID: N/A][0;39m [1;36m[][0;39m [1;32mc.alibaba.druid.filter.stat.StatFilter  [0;39m [1;35m(StatFilter.java:518)[0;39m 
 slow sql 205 millis. INSERT INTO QRTZ_TRIGGERS (SCHED_NAME, TRIGGER_NAME, TRIGGER_GROUP, JOB_NAME, JOB_GROUP, DESCRIPTION, NEXT_FIRE_TIME, PREV_FIRE_TIME, TRIGGER_STATE, TRIGGER_TYPE, START_TIME, END_TIME, CALENDAR_NAME, MISFIRE_INSTR, JOB_DATA, PRIORITY)  VALUES('schedulerName', ?, ?, ?, ?, ?, ?, ?, ?, ?, ?, ?, ?, ?, ?, ?) ["agentMarketplaceRankJob","DEFAULT","agentMarketplaceRankJob","DEFAULT",null,1780819200000,-1,"WAITING","CRON",1780817055000,0,null,0,"<[B>",5]
2026-06-07 15:24:15.836 | [1;31mERROR 1721739[0;39m | [1;33mmain [TID: N/A][0;39m [1;36m[][0;39m [1;32mc.alibaba.druid.filter.stat.StatFilter  [0;39m [1;35m(StatFilter.java:518)[0;39m 
 slow sql 232 millis. INSERT INTO QRTZ_CRON_TRIGGERS (SCHED_NAME, TRIGGER_NAME, TRIGGER_GROUP, CRON_EXPRESSION, TIME_ZONE_ID)  VALUES('schedulerName', ?, ?, ?, ?) ["agentMarketplaceRankJob","DEFAULT","0 0 * * * ?","Asia/Shanghai"]
2026-06-07 15:24:16.111 | [1;31mERROR 1721739[0;39m | [1;33mmain [TID: N/A][0;39m [1;36m[][0;39m [1;32mc.alibaba.druid.filter.stat.StatFilter  [0;39m [1;35m(StatFilter.java:518)[0;39m 
 slow sql 219 millis. UPDATE QRTZ_TRIGGERS SET TRIGGER_STATE = ? WHERE SCHED_NAME = 'schedulerName' AND TRIGGER_NAME = ? AND TRIGGER_GROUP = ? ["PAUSED","agentMarketplaceRankJob","DEFAULT"]
2026-06-07 15:24:16.111 | [34m INFO 1721739[0;39m | [1;33mmain [TID: N/A][0;39m [1;36m[][0;39m [1;32mc.d.d.m.i.service.job.JobServiceImpl    [0;39m [1;35m(JobServiceImpl.java:185)[0;39m 
 
[syncJob][id(1744900000005) handlerName(agentMarketplaceRankJob) 同步完成]
2026-06-07 15:24:16.352 | [1;31mERROR 1721739[0;39m | [1;33mmain [TID: N/A][0;39m [1;36m[][0;39m [1;32mc.alibaba.druid.filter.stat.StatFilter  [0;39m [1;35m(StatFilter.java:518)[0;39m 
 slow sql 218 millis. UPDATE QRTZ_TRIGGERS SET TRIGGER_STATE = ? WHERE SCHED_NAME = 'schedulerName' AND TRIGGER_NAME = ? AND TRIGGER_GROUP = ? ["PAUSED","agentSearchDailySnapshotJob","DEFAULT"]
2026-06-07 15:24:16.618 | [1;31mERROR 1721739[0;39m | [1;33mmain [TID: N/A][0;39m [1;36m[][0;39m [1;32mc.alibaba.druid.filter.stat.StatFilter  [0;39m [1;35m(StatFilter.java:518)[0;39m 
 slow sql 234 millis. DELETE FROM QRTZ_CRON_TRIGGERS WHERE SCHED_NAME = 'schedulerName' AND TRIGGER_NAME = ? AND TRIGGER_GROUP = ? ["agentSearchDailySnapshotJob","DEFAULT"]
2026-06-07 15:24:16.844 | [1;31mERROR 1721739[0;39m | [1;33mmain [TID: N/A][0;39m [1;36m[][0;39m [1;32mc.alibaba.druid.filter.stat.StatFilter  [0;39m [1;35m(StatFilter.java:518)[0;39m 
 slow sql 224 millis. DELETE FROM QRTZ_TRIGGERS WHERE SCHED_NAME = 'schedulerName' AND TRIGGER_NAME = ? AND TRIGGER_GROUP = ? ["agentSearchDailySnapshotJob","DEFAULT"]
2026-06-07 15:24:17.127 | [1;31mERROR 1721739[0;39m | [1;33mmain [TID: N/A][0;39m [1;36m[][0;39m [1;32mc.alibaba.druid.filter.stat.StatFilter  [0;39m [1;35m(StatFilter.java:518)[0;39m 
 slow sql 271 millis. DELETE FROM QRTZ_JOB_DETAILS WHERE SCHED_NAME = 'schedulerName' AND JOB_NAME = ? AND JOB_GROUP = ? ["agentSearchDailySnapshotJob","DEFAULT"]
2026-06-07 15:24:17.385 | [1;31mERROR 1721739[0;39m | [1;33mmain [TID: N/A][0;39m [1;36m[][0;39m [1;32mc.alibaba.druid.filter.stat.StatFilter  [0;39m [1;35m(StatFilter.java:518)[0;39m 
 slow sql 193 millis. INSERT INTO QRTZ_JOB_DETAILS (SCHED_NAME, JOB_NAME, JOB_GROUP, DESCRIPTION, JOB_CLASS_NAME, IS_DURABLE, IS_NONCONCURRENT, IS_UPDATE_DATA, REQUESTS_RECOVERY, JOB_DATA)  VALUES('schedulerName', ?, ?, ?, ?, ?, ?, ?, ?, ?) ["agentSearchDailySnapshotJob","DEFAULT",null,"com.douyouqu.dyq.framework.quartz.core.handler.JobHandlerInvoker",false,true,true,false,"<[B>"]
2026-06-07 15:24:17.677 | [1;31mERROR 1721739[0;39m | [1;33mmain [TID: N/A][0;39m [1;36m[][0;39m [1;32mc.alibaba.druid.filter.stat.StatFilter  [0;39m [1;35m(StatFilter.java:518)[0;39m 
 slow sql 246 millis. INSERT INTO QRTZ_TRIGGERS (SCHED_NAME, TRIGGER_NAME, TRIGGER_GROUP, JOB_NAME, JOB_GROUP, DESCRIPTION, NEXT_FIRE_TIME, PREV_FIRE_TIME, TRIGGER_STATE, TRIGGER_TYPE, START_TIME, END_TIME, CALENDAR_NAME, MISFIRE_INSTR, JOB_DATA, PRIORITY)  VALUES('schedulerName', ?, ?, ?, ?, ?, ?, ?, ?, ?, ?, ?, ?, ?, ?, ?) ["agentSearchDailySnapshotJob","DEFAULT","agentSearchDailySnapshotJob","DEFAULT",null,1780848600000,-1,"WAITING","CRON",1780817057000,0,null,0,"<[B>",5]
2026-06-07 15:24:17.919 | [1;31mERROR 1721739[0;39m | [1;33mmain [TID: N/A][0;39m [1;36m[][0;39m [1;32mc.alibaba.druid.filter.stat.StatFilter  [0;39m [1;35m(StatFilter.java:518)[0;39m 
 slow sql 241 millis. INSERT INTO QRTZ_CRON_TRIGGERS (SCHED_NAME, TRIGGER_NAME, TRIGGER_GROUP, CRON_EXPRESSION, TIME_ZONE_ID)  VALUES('schedulerName', ?, ?, ?, ?) ["agentSearchDailySnapshotJob","DEFAULT","0 10 0 * * ?","Asia/Shanghai"]
2026-06-07 15:24:17.919 | [34m INFO 1721739[0;39m | [1;33mmain [TID: N/A][0;39m [1;36m[][0;39m [1;32mc.d.d.m.i.service.job.JobServiceImpl    [0;39m [1;35m(JobServiceImpl.java:185)[0;39m 
 
[syncJob][id(1744900000006) handlerName(agentSearchDailySnapshotJob) 同步完成]
2026-06-07 15:24:18.235 | [1;31mERROR 1721739[0;39m | [1;33mmain [TID: N/A][0;39m [1;36m[][0;39m [1;32mc.alibaba.druid.filter.stat.StatFilter  [0;39m [1;35m(StatFilter.java:518)[0;39m 
 slow sql 262 millis. DELETE FROM QRTZ_CRON_TRIGGERS WHERE SCHED_NAME = 'schedulerName' AND TRIGGER_NAME = ? AND TRIGGER_GROUP = ? ["agentNegativeFeedbackAggregateJob","DEFAULT"]
2026-06-07 15:24:18.410 | [1;31mERROR 1721739[0;39m | [1;33mmain [TID: N/A][0;39m [1;36m[][0;39m [1;32mc.alibaba.druid.filter.stat.StatFilter  [0;39m [1;35m(StatFilter.java:518)[0;39m 
 slow sql 174 millis. DELETE FROM QRTZ_TRIGGERS WHERE SCHED_NAME = 'schedulerName' AND TRIGGER_NAME = ? AND TRIGGER_GROUP = ? ["agentNegativeFeedbackAggregateJob","DEFAULT"]
2026-06-07 15:24:18.585 | [1;31mERROR 1721739[0;39m | [1;33mmain [TID: N/A][0;39m [1;36m[][0;39m [1;32mc.alibaba.druid.filter.stat.StatFilter  [0;39m [1;35m(StatFilter.java:518)[0;39m 
 slow sql 159 millis. DELETE FROM QRTZ_JOB_DETAILS WHERE SCHED_NAME = 'schedulerName' AND JOB_NAME = ? AND JOB_GROUP = ? ["agentNegativeFeedbackAggregateJob","DEFAULT"]
2026-06-07 15:24:18.843 | [1;31mERROR 1721739[0;39m | [1;33mmain [TID: N/A][0;39m [1;36m[][0;39m [1;32mc.alibaba.druid.filter.stat.StatFilter  [0;39m [1;35m(StatFilter.java:518)[0;39m 
 slow sql 194 millis. INSERT INTO QRTZ_JOB_DETAILS (SCHED_NAME, JOB_NAME, JOB_GROUP, DESCRIPTION, JOB_CLASS_NAME, IS_DURABLE, IS_NONCONCURRENT, IS_UPDATE_DATA, REQUESTS_RECOVERY, JOB_DATA)  VALUES('schedulerName', ?, ?, ?, ?, ?, ?, ?, ?, ?) ["agentNegativeFeedbackAggregateJob","DEFAULT",null,"com.douyouqu.dyq.framework.quartz.core.handler.JobHandlerInvoker",false,true,true,false,"<[B>"]
2026-06-07 15:24:19.043 | [1;31mERROR 1721739[0;39m | [1;33mmain [TID: N/A][0;39m [1;36m[][0;39m [1;32mc.alibaba.druid.filter.stat.StatFilter  [0;39m [1;35m(StatFilter.java:518)[0;39m 
 slow sql 157 millis. INSERT INTO QRTZ_TRIGGERS (SCHED_NAME, TRIGGER_NAME, TRIGGER_GROUP, JOB_NAME, JOB_GROUP, DESCRIPTION, NEXT_FIRE_TIME, PREV_FIRE_TIME, TRIGGER_STATE, TRIGGER_TYPE, START_TIME, END_TIME, CALENDAR_NAME, MISFIRE_INSTR, JOB_DATA, PRIORITY)  VALUES('schedulerName', ?, ?, ?, ?, ?, ?, ?, ?, ?, ?, ?, ?, ?, ?, ?) ["agentNegativeFeedbackAggregateJob","DEFAULT","agentNegativeFeedbackAggregateJob","DEFAULT",null,1780853400000,-1,"WAITING","CRON",1780817058000,0,null,0,"<[B>",5]
2026-06-07 15:24:19.193 | [1;31mERROR 1721739[0;39m | [1;33mmain [TID: N/A][0;39m [1;36m[][0;39m [1;32mc.alibaba.druid.filter.stat.StatFilter  [0;39m [1;35m(StatFilter.java:518)[0;39m 
 slow sql 149 millis. INSERT INTO QRTZ_CRON_TRIGGERS (SCHED_NAME, TRIGGER_NAME, TRIGGER_GROUP, CRON_EXPRESSION, TIME_ZONE_ID)  VALUES('schedulerName', ?, ?, ?, ?) ["agentNegativeFeedbackAggregateJob","DEFAULT","0 30 1 * * ?","Asia/Shanghai"]
2026-06-07 15:24:19.443 | [1;31mERROR 1721739[0;39m | [1;33mmain [TID: N/A][0;39m [1;36m[][0;39m [1;32mc.alibaba.druid.filter.stat.StatFilter  [0;39m [1;35m(StatFilter.java:518)[0;39m 
 slow sql 196 millis. UPDATE QRTZ_TRIGGERS SET TRIGGER_STATE = ? WHERE SCHED_NAME = 'schedulerName' AND TRIGGER_NAME = ? AND TRIGGER_GROUP = ? ["PAUSED","agentNegativeFeedbackAggregateJob","DEFAULT"]
2026-06-07 15:24:19.443 | [34m INFO 1721739[0;39m | [1;33mmain [TID: N/A][0;39m [1;36m[][0;39m [1;32mc.d.d.m.i.service.job.JobServiceImpl    [0;39m [1;35m(JobServiceImpl.java:185)[0;39m 
 
[syncJob][id(1744900000007) handlerName(agentNegativeFeedbackAggregateJob) 同步完成]
2026-06-07 15:24:19.743 | [1;31mERROR 1721739[0;39m | [1;33mmain [TID: N/A][0;39m [1;36m[][0;39m [1;32mc.alibaba.druid.filter.stat.StatFilter  [0;39m [1;35m(StatFilter.java:518)[0;39m 
 slow sql 248 millis. DELETE FROM QRTZ_CRON_TRIGGERS WHERE SCHED_NAME = 'schedulerName' AND TRIGGER_NAME = ? AND TRIGGER_GROUP = ? ["agentVersionCleanupJob","DEFAULT"]
2026-06-07 15:24:19.868 | [1;31mERROR 1721739[0;39m | [1;33mmain [TID: N/A][0;39m [1;36m[][0;39m [1;32mc.alibaba.druid.filter.stat.StatFilter  [0;39m [1;35m(StatFilter.java:518)[0;39m 
 slow sql 124 millis. DELETE FROM QRTZ_TRIGGERS WHERE SCHED_NAME = 'schedulerName' AND TRIGGER_NAME = ? AND TRIGGER_GROUP = ? ["agentVersionCleanupJob","DEFAULT"]
2026-06-07 15:24:20.182 | [1;31mERROR 1721739[0;39m | [1;33mmain [TID: N/A][0;39m [1;36m[][0;39m [1;32mc.alibaba.druid.filter.stat.StatFilter  [0;39m [1;35m(StatFilter.java:518)[0;39m 
 slow sql 302 millis. DELETE FROM QRTZ_JOB_DETAILS WHERE SCHED_NAME = 'schedulerName' AND JOB_NAME = ? AND JOB_GROUP = ? ["agentVersionCleanupJob","DEFAULT"]
2026-06-07 15:24:20.524 | [1;31mERROR 1721739[0;39m | [1;33mmain [TID: N/A][0;39m [1;36m[][0;39m [1;32mc.alibaba.druid.filter.stat.StatFilter  [0;39m [1;35m(StatFilter.java:518)[0;39m 
 slow sql 279 millis. INSERT INTO QRTZ_JOB_DETAILS (SCHED_NAME, JOB_NAME, JOB_GROUP, DESCRIPTION, JOB_CLASS_NAME, IS_DURABLE, IS_NONCONCURRENT, IS_UPDATE_DATA, REQUESTS_RECOVERY, JOB_DATA)  VALUES('schedulerName', ?, ?, ?, ?, ?, ?, ?, ?, ?) ["agentVersionCleanupJob","DEFAULT",null,"com.douyouqu.dyq.framework.quartz.core.handler.JobHandlerInvoker",false,true,true,false,"<[B>"]
2026-06-07 15:24:20.838 | [1;31mERROR 1721739[0;39m | [1;33mmain [TID: N/A][0;39m [1;36m[][0;39m [1;32mc.alibaba.druid.filter.stat.StatFilter  [0;39m [1;35m(StatFilter.java:518)[0;39m 
 slow sql 271 millis. INSERT INTO QRTZ_TRIGGERS (SCHED_NAME, TRIGGER_NAME, TRIGGER_GROUP, JOB_NAME, JOB_GROUP, DESCRIPTION, NEXT_FIRE_TIME, PREV_FIRE_TIME, TRIGGER_STATE, TRIGGER_TYPE, START_TIME, END_TIME, CALENDAR_NAME, MISFIRE_INSTR, JOB_DATA, PRIORITY)  VALUES('schedulerName', ?, ?, ?, ?, ?, ?, ?, ?, ?, ?, ?, ?, ?, ?, ?) ["agentVersionCleanupJob","DEFAULT","agentVersionCleanupJob","DEFAULT",null,1780855200000,-1,"WAITING","CRON",1780817060000,0,null,0,"<[B>",5]
2026-06-07 15:24:21.096 | [1;31mERROR 1721739[0;39m | [1;33mmain [TID: N/A][0;39m [1;36m[][0;39m [1;32mc.alibaba.druid.filter.stat.StatFilter  [0;39m [1;35m(StatFilter.java:518)[0;39m 
 slow sql 257 millis. INSERT INTO QRTZ_CRON_TRIGGERS (SCHED_NAME, TRIGGER_NAME, TRIGGER_GROUP, CRON_EXPRESSION, TIME_ZONE_ID)  VALUES('schedulerName', ?, ?, ?, ?) ["agentVersionCleanupJob","DEFAULT","0 0 2 * * ?","Asia/Shanghai"]
2026-06-07 15:24:21.504 | [1;31mERROR 1721739[0;39m | [1;33mmain [TID: N/A][0;39m [1;36m[][0;39m [1;32mc.alibaba.druid.filter.stat.StatFilter  [0;39m [1;35m(StatFilter.java:518)[0;39m 
 slow sql 355 millis. UPDATE QRTZ_TRIGGERS SET TRIGGER_STATE = ? WHERE SCHED_NAME = 'schedulerName' AND TRIGGER_NAME = ? AND TRIGGER_GROUP = ? ["PAUSED","agentVersionCleanupJob","DEFAULT"]
2026-06-07 15:24:21.504 | [34m INFO 1721739[0;39m | [1;33mmain [TID: N/A][0;39m [1;36m[][0;39m [1;32mc.d.d.m.i.service.job.JobServiceImpl    [0;39m [1;35m(JobServiceImpl.java:185)[0;39m 
 
[syncJob][id(1744900000008) handlerName(agentVersionCleanupJob) 同步完成]
2026-06-07 15:24:21.850 | [1;31mERROR 1721739[0;39m | [1;33mmain [TID: N/A][0;39m [1;36m[][0;39m [1;32mc.alibaba.druid.filter.stat.StatFilter  [0;39m [1;35m(StatFilter.java:518)[0;39m 
 slow sql 290 millis. DELETE FROM QRTZ_CRON_TRIGGERS WHERE SCHED_NAME = 'schedulerName' AND TRIGGER_NAME = ? AND TRIGGER_GROUP = ? ["cloudphoneVideoMetricsRefreshJob","DEFAULT"]
2026-06-07 15:24:22.133 | [1;31mERROR 1721739[0;39m | [1;33mmain [TID: N/A][0;39m [1;36m[][0;39m [1;32mc.alibaba.druid.filter.stat.StatFilter  [0;39m [1;35m(StatFilter.java:518)[0;39m 
 slow sql 282 millis. DELETE FROM QRTZ_TRIGGERS WHERE SCHED_NAME = 'schedulerName' AND TRIGGER_NAME = ? AND TRIGGER_GROUP = ? ["cloudphoneVideoMetricsRefreshJob","DEFAULT"]
2026-06-07 15:24:22.479 | [1;31mERROR 1721739[0;39m | [1;33mmain [TID: N/A][0;39m [1;36m[][0;39m [1;32mc.alibaba.druid.filter.stat.StatFilter  [0;39m [1;35m(StatFilter.java:518)[0;39m 
 slow sql 334 millis. DELETE FROM QRTZ_JOB_DETAILS WHERE SCHED_NAME = 'schedulerName' AND JOB_NAME = ? AND JOB_GROUP = ? ["cloudphoneVideoMetricsRefreshJob","DEFAULT"]
2026-06-07 15:24:22.926 | [1;31mERROR 1721739[0;39m | [1;33mmain [TID: N/A][0;39m [1;36m[][0;39m [1;32mc.alibaba.druid.filter.stat.StatFilter  [0;39m [1;35m(StatFilter.java:518)[0;39m 
 slow sql 382 millis. INSERT INTO QRTZ_JOB_DETAILS (SCHED_NAME, JOB_NAME, JOB_GROUP, DESCRIPTION, JOB_CLASS_NAME, IS_DURABLE, IS_NONCONCURRENT, IS_UPDATE_DATA, REQUESTS_RECOVERY, JOB_DATA)  VALUES('schedulerName', ?, ?, ?, ?, ?, ?, ?, ?, ?) ["cloudphoneVideoMetricsRefreshJob","DEFAULT",null,"com.douyouqu.dyq.framework.quartz.core.handler.JobHandlerInvoker",false,true,true,false,"<[B>"]
2026-06-07 15:24:23.259 | [1;31mERROR 1721739[0;39m | [1;33mmain [TID: N/A][0;39m [1;36m[][0;39m [1;32mc.alibaba.druid.filter.stat.StatFilter  [0;39m [1;35m(StatFilter.java:518)[0;39m 
 slow sql 289 millis. INSERT INTO QRTZ_TRIGGERS (SCHED_NAME, TRIGGER_NAME, TRIGGER_GROUP, JOB_NAME, JOB_GROUP, DESCRIPTION, NEXT_FIRE_TIME, PREV_FIRE_TIME, TRIGGER_STATE, TRIGGER_TYPE, START_TIME, END_TIME, CALENDAR_NAME, MISFIRE_INSTR, JOB_DATA, PRIORITY)  VALUES('schedulerName', ?, ?, ?, ?, ?, ?, ?, ?, ?, ?, ?, ?, ?, ?, ?) ["cloudphoneVideoMetricsRefreshJob","DEFAULT","cloudphoneVideoMetricsRefreshJob","DEFAULT",null,1780848000000,-1,"WAITING","CRON",1780817062000,0,null,0,"<[B>",5]
2026-06-07 15:24:23.609 | [1;31mERROR 1721739[0;39m | [1;33mmain [TID: N/A][0;39m [1;36m[][0;39m [1;32mc.alibaba.druid.filter.stat.StatFilter  [0;39m [1;35m(StatFilter.java:518)[0;39m 
 slow sql 349 millis. INSERT INTO QRTZ_CRON_TRIGGERS (SCHED_NAME, TRIGGER_NAME, TRIGGER_GROUP, CRON_EXPRESSION, TIME_ZONE_ID)  VALUES('schedulerName', ?, ?, ?, ?) ["cloudphoneVideoMetricsRefreshJob","DEFAULT","0 0 0/12 * * ?","Asia/Shanghai"]
2026-06-07 15:24:24.062 | [1;31mERROR 1721739[0;39m | [1;33mmain [TID: N/A][0;39m [1;36m[][0;39m [1;32mc.alibaba.druid.filter.stat.StatFilter  [0;39m [1;35m(StatFilter.java:518)[0;39m 
 slow sql 400 millis. UPDATE QRTZ_TRIGGERS SET TRIGGER_STATE = ? WHERE SCHED_NAME = 'schedulerName' AND TRIGGER_NAME = ? AND TRIGGER_GROUP = ? ["PAUSED","cloudphoneVideoMetricsRefreshJob","DEFAULT"]
2026-06-07 15:24:24.062 | [34m INFO 1721739[0;39m | [1;33mmain [TID: N/A][0;39m [1;36m[][0;39m [1;32mc.d.d.m.i.service.job.JobServiceImpl    [0;39m [1;35m(JobServiceImpl.java:185)[0;39m 
 
[syncJob][id(1777507200001) handlerName(cloudphoneVideoMetricsRefreshJob) 同步完成]
2026-06-07 15:24:24.311 | [1;31mERROR 1721739[0;39m | [1;33mmain [TID: N/A][0;39m [1;36m[][0;39m [1;32mc.alibaba.druid.filter.stat.StatFilter  [0;39m [1;35m(StatFilter.java:518)[0;39m 
 slow sql 196 millis. DELETE FROM QRTZ_CRON_TRIGGERS WHERE SCHED_NAME = 'schedulerName' AND TRIGGER_NAME = ? AND TRIGGER_GROUP = ? ["aigcQAiCanvasSyncJob","DEFAULT"]
2026-06-07 15:24:24.578 | [1;31mERROR 1721739[0;39m | [1;33mmain [TID: N/A][0;39m [1;36m[][0;39m [1;32mc.alibaba.druid.filter.stat.StatFilter  [0;39m [1;35m(StatFilter.java:518)[0;39m 
 slow sql 266 millis. DELETE FROM QRTZ_TRIGGERS WHERE SCHED_NAME = 'schedulerName' AND TRIGGER_NAME = ? AND TRIGGER_GROUP = ? ["aigcQAiCanvasSyncJob","DEFAULT"]
2026-06-07 15:24:24.825 | [1;31mERROR 1721739[0;39m | [1;33mmain [TID: N/A][0;39m [1;36m[][0;39m [1;32mc.alibaba.druid.filter.stat.StatFilter  [0;39m [1;35m(StatFilter.java:518)[0;39m 
 slow sql 235 millis. DELETE FROM QRTZ_JOB_DETAILS WHERE SCHED_NAME = 'schedulerName' AND JOB_NAME = ? AND JOB_GROUP = ? ["aigcQAiCanvasSyncJob","DEFAULT"]
2026-06-07 15:24:25.085 | [1;31mERROR 1721739[0;39m | [1;33mmain [TID: N/A][0;39m [1;36m[][0;39m [1;32mc.alibaba.druid.filter.stat.StatFilter  [0;39m [1;35m(StatFilter.java:518)[0;39m 
 slow sql 193 millis. INSERT INTO QRTZ_JOB_DETAILS (SCHED_NAME, JOB_NAME, JOB_GROUP, DESCRIPTION, JOB_CLASS_NAME, IS_DURABLE, IS_NONCONCURRENT, IS_UPDATE_DATA, REQUESTS_RECOVERY, JOB_DATA)  VALUES('schedulerName', ?, ?, ?, ?, ?, ?, ?, ?, ?) ["aigcQAiCanvasSyncJob","DEFAULT",null,"com.douyouqu.dyq.framework.quartz.core.handler.JobHandlerInvoker",false,true,true,false,"<[B>"]
2026-06-07 15:24:25.362 | [1;31mERROR 1721739[0;39m | [1;33mmain [TID: N/A][0;39m [1;36m[][0;39m [1;32mc.alibaba.druid.filter.stat.StatFilter  [0;39m [1;35m(StatFilter.java:518)[0;39m 
 slow sql 232 millis. INSERT INTO QRTZ_TRIGGERS (SCHED_NAME, TRIGGER_NAME, TRIGGER_GROUP, JOB_NAME, JOB_GROUP, DESCRIPTION, NEXT_FIRE_TIME, PREV_FIRE_TIME, TRIGGER_STATE, TRIGGER_TYPE, START_TIME, END_TIME, CALENDAR_NAME, MISFIRE_INSTR, JOB_DATA, PRIORITY)  VALUES('schedulerName', ?, ?, ?, ?, ?, ?, ?, ?, ?, ?, ?, ?, ?, ?, ?) ["aigcQAiCanvasSyncJob","DEFAULT","aigcQAiCanvasSyncJob","DEFAULT",null,1780817100000,-1,"WAITING","CRON",1780817064000,0,null,0,"<[B>",5]
2026-06-07 15:24:25.542 | [1;31mERROR 1721739[0;39m | [1;33mmain [TID: N/A][0;39m [1;36m[][0;39m [1;32mc.alibaba.druid.filter.stat.StatFilter  [0;39m [1;35m(StatFilter.java:518)[0;39m 
 slow sql 179 millis. INSERT INTO QRTZ_CRON_TRIGGERS (SCHED_NAME, TRIGGER_NAME, TRIGGER_GROUP, CRON_EXPRESSION, TIME_ZONE_ID)  VALUES('schedulerName', ?, ?, ?, ?) ["aigcQAiCanvasSyncJob","DEFAULT","0 * * * * ?","Asia/Shanghai"]
2026-06-07 15:24:25.901 | [1;31mERROR 1721739[0;39m | [1;33mmain [TID: N/A][0;39m [1;36m[][0;39m [1;32mc.alibaba.druid.filter.stat.StatFilter  [0;39m [1;35m(StatFilter.java:518)[0;39m 
 slow sql 307 millis. UPDATE QRTZ_TRIGGERS SET TRIGGER_STATE = ? WHERE SCHED_NAME = 'schedulerName' AND TRIGGER_NAME = ? AND TRIGGER_GROUP = ? ["PAUSED","aigcQAiCanvasSyncJob","DEFAULT"]
2026-06-07 15:24:25.902 | [34m INFO 1721739[0;39m | [1;33mmain [TID: N/A][0;39m [1;36m[][0;39m [1;32mc.d.d.m.i.service.job.JobServiceImpl    [0;39m [1;35m(JobServiceImpl.java:185)[0;39m 
 
[syncJob][id(1778198400001) handlerName(aigcQAiCanvasSyncJob) 同步完成]
2026-06-07 15:24:26.170 | [1;31mERROR 1721739[0;39m | [1;33mmain [TID: N/A][0;39m [1;36m[][0;39m [1;32mc.alibaba.druid.filter.stat.StatFilter  [0;39m [1;35m(StatFilter.java:518)[0;39m 
 slow sql 245 millis. UPDATE QRTZ_TRIGGERS SET TRIGGER_STATE = ? WHERE SCHED_NAME = 'schedulerName' AND TRIGGER_NAME = ? AND TRIGGER_GROUP = ? ["PAUSED","proxyAssetGeoEnrichJob","DEFAULT"]
2026-06-07 15:24:26.386 | [1;31mERROR 1721739[0;39m | [1;33mmain [TID: N/A][0;39m [1;36m[][0;39m [1;32mc.alibaba.druid.filter.stat.StatFilter  [0;39m [1;35m(StatFilter.java:518)[0;39m 
 slow sql 184 millis. DELETE FROM QRTZ_CRON_TRIGGERS WHERE SCHED_NAME = 'schedulerName' AND TRIGGER_NAME = ? AND TRIGGER_GROUP = ? ["proxyAssetGeoEnrichJob","DEFAULT"]
2026-06-07 15:24:26.578 | [1;31mERROR 1721739[0;39m | [1;33mmain [TID: N/A][0;39m [1;36m[][0;39m [1;32mc.alibaba.druid.filter.stat.StatFilter  [0;39m [1;35m(StatFilter.java:518)[0;39m 
 slow sql 191 millis. DELETE FROM QRTZ_TRIGGERS WHERE SCHED_NAME = 'schedulerName' AND TRIGGER_NAME = ? AND TRIGGER_GROUP = ? ["proxyAssetGeoEnrichJob","DEFAULT"]
2026-06-07 15:24:26.733 | [1;31mERROR 1721739[0;39m | [1;33mmain [TID: N/A][0;39m [1;36m[][0;39m [1;32mc.alibaba.druid.filter.stat.StatFilter  [0;39m [1;35m(StatFilter.java:518)[0;39m 
 slow sql 141 millis. DELETE FROM QRTZ_JOB_DETAILS WHERE SCHED_NAME = 'schedulerName' AND JOB_NAME = ? AND JOB_GROUP = ? ["proxyAssetGeoEnrichJob","DEFAULT"]
2026-06-07 15:24:27.136 | [1;31mERROR 1721739[0;39m | [1;33mmain [TID: N/A][0;39m [1;36m[][0;39m [1;32mc.alibaba.druid.filter.stat.StatFilter  [0;39m [1;35m(StatFilter.java:518)[0;39m 
 slow sql 339 millis. INSERT INTO QRTZ_JOB_DETAILS (SCHED_NAME, JOB_NAME, JOB_GROUP, DESCRIPTION, JOB_CLASS_NAME, IS_DURABLE, IS_NONCONCURRENT, IS_UPDATE_DATA, REQUESTS_RECOVERY, JOB_DATA)  VALUES('schedulerName', ?, ?, ?, ?, ?, ?, ?, ?, ?) ["proxyAssetGeoEnrichJob","DEFAULT",null,"com.douyouqu.dyq.framework.quartz.core.handler.JobHandlerInvoker",false,true,true,false,"<[B>"]
2026-06-07 15:24:27.450 | [1;31mERROR 1721739[0;39m | [1;33mmain [TID: N/A][0;39m [1;36m[][0;39m [1;32mc.alibaba.druid.filter.stat.StatFilter  [0;39m [1;35m(StatFilter.java:518)[0;39m 
 slow sql 270 millis. INSERT INTO QRTZ_TRIGGERS (SCHED_NAME, TRIGGER_NAME, TRIGGER_GROUP, JOB_NAME, JOB_GROUP, DESCRIPTION, NEXT_FIRE_TIME, PREV_FIRE_TIME, TRIGGER_STATE, TRIGGER_TYPE, START_TIME, END_TIME, CALENDAR_NAME, MISFIRE_INSTR, JOB_DATA, PRIORITY)  VALUES('schedulerName', ?, ?, ?, ?, ?, ?, ?, ?, ?, ?, ?, ?, ?, ?, ?) ["proxyAssetGeoEnrichJob","DEFAULT","proxyAssetGeoEnrichJob","DEFAULT",null,1780817400000,-1,"WAITING","CRON",1780817066000,0,null,0,"<[B>",5]
2026-06-07 15:24:27.651 | [1;31mERROR 1721739[0;39m | [1;33mmain [TID: N/A][0;39m [1;36m[][0;39m [1;32mc.alibaba.druid.filter.stat.StatFilter  [0;39m [1;35m(StatFilter.java:518)[0;39m 
 slow sql 200 millis. INSERT INTO QRTZ_CRON_TRIGGERS (SCHED_NAME, TRIGGER_NAME, TRIGGER_GROUP, CRON_EXPRESSION, TIME_ZONE_ID)  VALUES('schedulerName', ?, ?, ?, ?) ["proxyAssetGeoEnrichJob","DEFAULT","0 0/10 * * * ?","Asia/Shanghai"]
2026-06-07 15:24:27.651 | [34m INFO 1721739[0;39m | [1;33mmain [TID: N/A][0;39m [1;36m[][0;39m [1;32mc.d.d.m.i.service.job.JobServiceImpl    [0;39m [1;35m(JobServiceImpl.java:185)[0;39m 
 
[syncJob][id(1779010000001) handlerName(proxyAssetGeoEnrichJob) 同步完成]
2026-06-07 15:24:27.999 | [1;31mERROR 1721739[0;39m | [1;33mmain [TID: N/A][0;39m [1;36m[][0;39m [1;32mc.alibaba.druid.filter.stat.StatFilter  [0;39m [1;35m(StatFilter.java:518)[0;39m 
 slow sql 284 millis. DELETE FROM QRTZ_CRON_TRIGGERS WHERE SCHED_NAME = 'schedulerName' AND TRIGGER_NAME = ? AND TRIGGER_GROUP = ? ["cloudphoneAccountProfileRefreshJob","DEFAULT"]
2026-06-07 15:24:28.109 | [1;31mERROR 1721739[0;39m | [1;33mmain [TID: N/A][0;39m [1;36m[][0;39m [1;32mc.alibaba.druid.filter.stat.StatFilter  [0;39m [1;35m(StatFilter.java:518)[0;39m 
 slow sql 109 millis. DELETE FROM QRTZ_TRIGGERS WHERE SCHED_NAME = 'schedulerName' AND TRIGGER_NAME = ? AND TRIGGER_GROUP = ? ["cloudphoneAccountProfileRefreshJob","DEFAULT"]
2026-06-07 15:24:28.317 | [1;31mERROR 1721739[0;39m | [1;33mmain [TID: N/A][0;39m [1;36m[][0;39m [1;32mc.alibaba.druid.filter.stat.StatFilter  [0;39m [1;35m(StatFilter.java:518)[0;39m 
 slow sql 195 millis. DELETE FROM QRTZ_JOB_DETAILS WHERE SCHED_NAME = 'schedulerName' AND JOB_NAME = ? AND JOB_GROUP = ? ["cloudphoneAccountProfileRefreshJob","DEFAULT"]
2026-06-07 15:24:28.674 | [1;31mERROR 1721739[0;39m | [1;33mmain [TID: N/A][0;39m [1;36m[][0;39m [1;32mc.alibaba.druid.filter.stat.StatFilter  [0;39m [1;35m(StatFilter.java:518)[0;39m 
 slow sql 292 millis. INSERT INTO QRTZ_JOB_DETAILS (SCHED_NAME, JOB_NAME, JOB_GROUP, DESCRIPTION, JOB_CLASS_NAME, IS_DURABLE, IS_NONCONCURRENT, IS_UPDATE_DATA, REQUESTS_RECOVERY, JOB_DATA)  VALUES('schedulerName', ?, ?, ?, ?, ?, ?, ?, ?, ?) ["cloudphoneAccountProfileRefreshJob","DEFAULT",null,"com.douyouqu.dyq.framework.quartz.core.handler.JobHandlerInvoker",false,true,true,false,"<[B>"]
2026-06-07 15:24:28.941 | [1;31mERROR 1721739[0;39m | [1;33mmain [TID: N/A][0;39m [1;36m[][0;39m [1;32mc.alibaba.druid.filter.stat.StatFilter  [0;39m [1;35m(StatFilter.java:518)[0;39m 
 slow sql 223 millis. INSERT INTO QRTZ_TRIGGERS (SCHED_NAME, TRIGGER_NAME, TRIGGER_GROUP, JOB_NAME, JOB_GROUP, DESCRIPTION, NEXT_FIRE_TIME, PREV_FIRE_TIME, TRIGGER_STATE, TRIGGER_TYPE, START_TIME, END_TIME, CALENDAR_NAME, MISFIRE_INSTR, JOB_DATA, PRIORITY)  VALUES('schedulerName', ?, ?, ?, ?, ?, ?, ?, ?, ?, ?, ?, ?, ?, ?, ?) ["cloudphoneAccountProfileRefreshJob","DEFAULT","cloudphoneAccountProfileRefreshJob","DEFAULT",null,1780848000000,-1,"WAITING","CRON",1780817068000,0,null,0,"<[B>",5]
2026-06-07 15:24:29.158 | [1;31mERROR 1721739[0;39m | [1;33mmain [TID: N/A][0;39m [1;36m[][0;39m [1;32mc.alibaba.druid.filter.stat.StatFilter  [0;39m [1;35m(StatFilter.java:518)[0;39m 
 slow sql 215 millis. INSERT INTO QRTZ_CRON_TRIGGERS (SCHED_NAME, TRIGGER_NAME, TRIGGER_GROUP, CRON_EXPRESSION, TIME_ZONE_ID)  VALUES('schedulerName', ?, ?, ?, ?) ["cloudphoneAccountProfileRefreshJob","DEFAULT","0 0 0/12 * * ?","Asia/Shanghai"]
2026-06-07 15:24:29.474 | [1;31mERROR 1721739[0;39m | [1;33mmain [TID: N/A][0;39m [1;36m[][0;39m [1;32mc.alibaba.druid.filter.stat.StatFilter  [0;39m [1;35m(StatFilter.java:518)[0;39m 
 slow sql 262 millis. UPDATE QRTZ_TRIGGERS SET TRIGGER_STATE = ? WHERE SCHED_NAME = 'schedulerName' AND TRIGGER_NAME = ? AND TRIGGER_GROUP = ? ["PAUSED","cloudphoneAccountProfileRefreshJob","DEFAULT"]
2026-06-07 15:24:29.474 | [34m INFO 1721739[0;39m | [1;33mmain [TID: N/A][0;39m [1;36m[][0;39m [1;32mc.d.d.m.i.service.job.JobServiceImpl    [0;39m [1;35m(JobServiceImpl.java:185)[0;39m 
 
[syncJob][id(1779321600100) handlerName(cloudphoneAccountProfileRefreshJob) 同步完成]
2026-06-07 15:24:29.766 | [1;31mERROR 1721739[0;39m | [1;33mmain [TID: N/A][0;39m [1;36m[][0;39m [1;32mc.alibaba.druid.filter.stat.StatFilter  [0;39m [1;35m(StatFilter.java:518)[0;39m 
 slow sql 237 millis. DELETE FROM QRTZ_CRON_TRIGGERS WHERE SCHED_NAME = 'schedulerName' AND TRIGGER_NAME = ? AND TRIGGER_GROUP = ? ["cloudphoneVideoCommentRefreshJob","DEFAULT"]
2026-06-07 15:24:29.873 | [1;31mERROR 1721739[0;39m | [1;33mmain [TID: N/A][0;39m [1;36m[][0;39m [1;32mc.alibaba.druid.filter.stat.StatFilter  [0;39m [1;35m(StatFilter.java:518)[0;39m 
 slow sql 107 millis. DELETE FROM QRTZ_TRIGGERS WHERE SCHED_NAME = 'schedulerName' AND TRIGGER_NAME = ? AND TRIGGER_GROUP = ? ["cloudphoneVideoCommentRefreshJob","DEFAULT"]
2026-06-07 15:24:30.123 | [1;31mERROR 1721739[0;39m | [1;33mmain [TID: N/A][0;39m [1;36m[][0;39m [1;32mc.alibaba.druid.filter.stat.StatFilter  [0;39m [1;35m(StatFilter.java:518)[0;39m 
 slow sql 238 millis. DELETE FROM QRTZ_JOB_DETAILS WHERE SCHED_NAME = 'schedulerName' AND JOB_NAME = ? AND JOB_GROUP = ? ["cloudphoneVideoCommentRefreshJob","DEFAULT"]
2026-06-07 15:24:30.423 | [1;31mERROR 1721739[0;39m | [1;33mmain [TID: N/A][0;39m [1;36m[][0;39m [1;32mc.alibaba.druid.filter.stat.StatFilter  [0;39m [1;35m(StatFilter.java:518)[0;39m 
 slow sql 233 millis. INSERT INTO QRTZ_JOB_DETAILS (SCHED_NAME, JOB_NAME, JOB_GROUP, DESCRIPTION, JOB_CLASS_NAME, IS_DURABLE, IS_NONCONCURRENT, IS_UPDATE_DATA, REQUESTS_RECOVERY, JOB_DATA)  VALUES('schedulerName', ?, ?, ?, ?, ?, ?, ?, ?, ?) ["cloudphoneVideoCommentRefreshJob","DEFAULT",null,"com.douyouqu.dyq.framework.quartz.core.handler.JobHandlerInvoker",false,true,true,false,"<[B>"]
2026-06-07 15:24:30.724 | [1;31mERROR 1721739[0;39m | [1;33mmain [TID: N/A][0;39m [1;36m[][0;39m [1;32mc.alibaba.druid.filter.stat.StatFilter  [0;39m [1;35m(StatFilter.java:518)[0;39m 
 slow sql 256 millis. INSERT INTO QRTZ_TRIGGERS (SCHED_NAME, TRIGGER_NAME, TRIGGER_GROUP, JOB_NAME, JOB_GROUP, DESCRIPTION, NEXT_FIRE_TIME, PREV_FIRE_TIME, TRIGGER_STATE, TRIGGER_TYPE, START_TIME, END_TIME, CALENDAR_NAME, MISFIRE_INSTR, JOB_DATA, PRIORITY)  VALUES('schedulerName', ?, ?, ?, ?, ?, ?, ?, ?, ?, ?, ?, ?, ?, ?, ?) ["cloudphoneVideoCommentRefreshJob","DEFAULT","cloudphoneVideoCommentRefreshJob","DEFAULT",null,1780848000000,-1,"WAITING","CRON",1780817070000,0,null,0,"<[B>",5]
2026-06-07 15:24:30.957 | [1;31mERROR 1721739[0;39m | [1;33mmain [TID: N/A][0;39m [1;36m[][0;39m [1;32mc.alibaba.druid.filter.stat.StatFilter  [0;39m [1;35m(StatFilter.java:518)[0;39m 
 slow sql 232 millis. INSERT INTO QRTZ_CRON_TRIGGERS (SCHED_NAME, TRIGGER_NAME, TRIGGER_GROUP, CRON_EXPRESSION, TIME_ZONE_ID)  VALUES('schedulerName', ?, ?, ?, ?) ["cloudphoneVideoCommentRefreshJob","DEFAULT","0 0 0/12 * * ?","Asia/Shanghai"]
2026-06-07 15:24:31.323 | [1;31mERROR 1721739[0;39m | [1;33mmain [TID: N/A][0;39m [1;36m[][0;39m [1;32mc.alibaba.druid.filter.stat.StatFilter  [0;39m [1;35m(StatFilter.java:518)[0;39m 
 slow sql 310 millis. UPDATE QRTZ_TRIGGERS SET TRIGGER_STATE = ? WHERE SCHED_NAME = 'schedulerName' AND TRIGGER_NAME = ? AND TRIGGER_GROUP = ? ["PAUSED","cloudphoneVideoCommentRefreshJob","DEFAULT"]
2026-06-07 15:24:31.324 | [34m INFO 1721739[0;39m | [1;33mmain [TID: N/A][0;39m [1;36m[][0;39m [1;32mc.d.d.m.i.service.job.JobServiceImpl    [0;39m [1;35m(JobServiceImpl.java:185)[0;39m 
 
[syncJob][id(1779494400001) handlerName(cloudphoneVideoCommentRefreshJob) 同步完成]
2026-06-07 15:24:31.724 | [1;31mERROR 1721739[0;39m | [1;33mmain [TID: N/A][0;39m [1;36m[][0;39m [1;32mc.alibaba.druid.filter.stat.StatFilter  [0;39m [1;35m(StatFilter.java:518)[0;39m 
 slow sql 347 millis. DELETE FROM QRTZ_CRON_TRIGGERS WHERE SCHED_NAME = 'schedulerName' AND TRIGGER_NAME = ? AND TRIGGER_GROUP = ? ["ttsRecordCron","DEFAULT"]
2026-06-07 15:24:31.902 | [1;31mERROR 1721739[0;39m | [1;33mmain [TID: N/A][0;39m [1;36m[][0;39m [1;32mc.alibaba.druid.filter.stat.StatFilter  [0;39m [1;35m(StatFilter.java:518)[0;39m 
 slow sql 177 millis. DELETE FROM QRTZ_TRIGGERS WHERE SCHED_NAME = 'schedulerName' AND TRIGGER_NAME = ? AND TRIGGER_GROUP = ? ["ttsRecordCron","DEFAULT"]
2026-06-07 15:24:32.170 | [1;31mERROR 1721739[0;39m | [1;33mmain [TID: N/A][0;39m [1;36m[][0;39m [1;32mc.alibaba.druid.filter.stat.StatFilter  [0;39m [1;35m(StatFilter.java:518)[0;39m 
 slow sql 256 millis. DELETE FROM QRTZ_JOB_DETAILS WHERE SCHED_NAME = 'schedulerName' AND JOB_NAME = ? AND JOB_GROUP = ? ["ttsRecordCron","DEFAULT"]
2026-06-07 15:24:32.564 | [1;31mERROR 1721739[0;39m | [1;33mmain [TID: N/A][0;39m [1;36m[][0;39m [1;32mc.alibaba.druid.filter.stat.StatFilter  [0;39m [1;35m(StatFilter.java:518)[0;39m 
 slow sql 303 millis. INSERT INTO QRTZ_JOB_DETAILS (SCHED_NAME, JOB_NAME, JOB_GROUP, DESCRIPTION, JOB_CLASS_NAME, IS_DURABLE, IS_NONCONCURRENT, IS_UPDATE_DATA, REQUESTS_RECOVERY, JOB_DATA)  VALUES('schedulerName', ?, ?, ?, ?, ?, ?, ?, ?, ?) ["ttsRecordCron","DEFAULT",null,"com.douyouqu.dyq.framework.quartz.core.handler.JobHandlerInvoker",false,true,true,false,"<[B>"]
2026-06-07 15:24:32.866 | [1;31mERROR 1721739[0;39m | [1;33mmain [TID: N/A][0;39m [1;36m[][0;39m [1;32mc.alibaba.druid.filter.stat.StatFilter  [0;39m [1;35m(StatFilter.java:518)[0;39m 
 slow sql 226 millis. INSERT INTO QRTZ_TRIGGERS (SCHED_NAME, TRIGGER_NAME, TRIGGER_GROUP, JOB_NAME, JOB_GROUP, DESCRIPTION, NEXT_FIRE_TIME, PREV_FIRE_TIME, TRIGGER_STATE, TRIGGER_TYPE, START_TIME, END_TIME, CALENDAR_NAME, MISFIRE_INSTR, JOB_DATA, PRIORITY)  VALUES('schedulerName', ?, ?, ?, ?, ?, ?, ?, ?, ?, ?, ?, ?, ?, ?, ?) ["ttsRecordCron","DEFAULT","ttsRecordCron","DEFAULT",null,1780817100000,-1,"WAITING","CRON",1780817072000,0,null,0,"<[B>",5]
2026-06-07 15:24:33.032 | [1;31mERROR 1721739[0;39m | [1;33mmain [TID: N/A][0;39m [1;36m[][0;39m [1;32mc.alibaba.druid.filter.stat.StatFilter  [0;39m [1;35m(StatFilter.java:518)[0;39m 
 slow sql 165 millis. INSERT INTO QRTZ_CRON_TRIGGERS (SCHED_NAME, TRIGGER_NAME, TRIGGER_GROUP, CRON_EXPRESSION, TIME_ZONE_ID)  VALUES('schedulerName', ?, ?, ?, ?) ["ttsRecordCron","DEFAULT","0 * * * * ?","Asia/Shanghai"]
2026-06-07 15:24:33.224 | [1;31mERROR 1721739[0;39m | [1;33mmain [TID: N/A][0;39m [1;36m[][0;39m [1;32mc.alibaba.druid.filter.stat.StatFilter  [0;39m [1;35m(StatFilter.java:518)[0;39m 
 slow sql 138 millis. UPDATE QRTZ_TRIGGERS SET TRIGGER_STATE = ? WHERE SCHED_NAME = 'schedulerName' AND TRIGGER_NAME = ? AND TRIGGER_GROUP = ? ["PAUSED","ttsRecordCron","DEFAULT"]
2026-06-07 15:24:33.224 | [34m INFO 1721739[0;39m | [1;33mmain [TID: N/A][0;39m [1;36m[][0;39m [1;32mc.d.d.m.i.service.job.JobServiceImpl    [0;39m [1;35m(JobServiceImpl.java:185)[0;39m 
 
[syncJob][id(1922948568046968833) handlerName(ttsRecordCron) 同步完成]
2026-06-07 15:24:33.615 | [1;31mERROR 1721739[0;39m | [1;33mmain [TID: N/A][0;39m [1;36m[][0;39m [1;32mc.alibaba.druid.filter.stat.StatFilter  [0;39m [1;35m(StatFilter.java:518)[0;39m 
 slow sql 336 millis. DELETE FROM QRTZ_CRON_TRIGGERS WHERE SCHED_NAME = 'schedulerName' AND TRIGGER_NAME = ? AND TRIGGER_GROUP = ? ["AuDataCron","DEFAULT"]
2026-06-07 15:24:33.916 | [1;31mERROR 1721739[0;39m | [1;33mmain [TID: N/A][0;39m [1;36m[][0;39m [1;32mc.alibaba.druid.filter.stat.StatFilter  [0;39m [1;35m(StatFilter.java:518)[0;39m 
 slow sql 299 millis. DELETE FROM QRTZ_TRIGGERS WHERE SCHED_NAME = 'schedulerName' AND TRIGGER_NAME = ? AND TRIGGER_GROUP = ? ["AuDataCron","DEFAULT"]
2026-06-07 15:24:34.207 | [1;31mERROR 1721739[0;39m | [1;33mmain [TID: N/A][0;39m [1;36m[][0;39m [1;32mc.alibaba.druid.filter.stat.StatFilter  [0;39m [1;35m(StatFilter.java:518)[0;39m 
 slow sql 279 millis. DELETE FROM QRTZ_JOB_DETAILS WHERE SCHED_NAME = 'schedulerName' AND JOB_NAME = ? AND JOB_GROUP = ? ["AuDataCron","DEFAULT"]
2026-06-07 15:24:34.481 | [1;31mERROR 1721739[0;39m | [1;33mmain [TID: N/A][0;39m [1;36m[][0;39m [1;32mc.alibaba.druid.filter.stat.StatFilter  [0;39m [1;35m(StatFilter.java:518)[0;39m 
 slow sql 209 millis. INSERT INTO QRTZ_JOB_DETAILS (SCHED_NAME, JOB_NAME, JOB_GROUP, DESCRIPTION, JOB_CLASS_NAME, IS_DURABLE, IS_NONCONCURRENT, IS_UPDATE_DATA, REQUESTS_RECOVERY, JOB_DATA)  VALUES('schedulerName', ?, ?, ?, ?, ?, ?, ?, ?, ?) ["AuDataCron","DEFAULT",null,"com.douyouqu.dyq.framework.quartz.core.handler.JobHandlerInvoker",false,true,true,false,"<[B>"]
2026-06-07 15:24:34.773 | [1;31mERROR 1721739[0;39m | [1;33mmain [TID: N/A][0;39m [1;36m[][0;39m [1;32mc.alibaba.druid.filter.stat.StatFilter  [0;39m [1;35m(StatFilter.java:518)[0;39m 
 slow sql 247 millis. INSERT INTO QRTZ_TRIGGERS (SCHED_NAME, TRIGGER_NAME, TRIGGER_GROUP, JOB_NAME, JOB_GROUP, DESCRIPTION, NEXT_FIRE_TIME, PREV_FIRE_TIME, TRIGGER_STATE, TRIGGER_TYPE, START_TIME, END_TIME, CALENDAR_NAME, MISFIRE_INSTR, JOB_DATA, PRIORITY)  VALUES('schedulerName', ?, ?, ?, ?, ?, ?, ?, ?, ?, ?, ?, ?, ?, ?, ?) ["AuDataCron","DEFAULT","AuDataCron","DEFAULT",null,1780817080000,-1,"WAITING","CRON",1780817074000,0,null,0,"<[B>",5]
2026-06-07 15:24:34.914 | [1;31mERROR 1721739[0;39m | [1;33mmain [TID: N/A][0;39m [1;36m[][0;39m [1;32mc.alibaba.druid.filter.stat.StatFilter  [0;39m [1;35m(StatFilter.java:518)[0;39m 
 slow sql 139 millis. INSERT INTO QRTZ_CRON_TRIGGERS (SCHED_NAME, TRIGGER_NAME, TRIGGER_GROUP, CRON_EXPRESSION, TIME_ZONE_ID)  VALUES('schedulerName', ?, ?, ?, ?) ["AuDataCron","DEFAULT","0/10 * * ? * *","Asia/Shanghai"]
2026-06-07 15:24:35.240 | [1;31mERROR 1721739[0;39m | [1;33mmain [TID: N/A][0;39m [1;36m[][0;39m [1;32mc.alibaba.druid.filter.stat.StatFilter  [0;39m [1;35m(StatFilter.java:518)[0;39m 
 slow sql 272 millis. UPDATE QRTZ_TRIGGERS SET TRIGGER_STATE = ? WHERE SCHED_NAME = 'schedulerName' AND TRIGGER_NAME = ? AND TRIGGER_GROUP = ? ["PAUSED","AuDataCron","DEFAULT"]
2026-06-07 15:24:35.240 | [34m INFO 1721739[0;39m | [1;33mmain [TID: N/A][0;39m [1;36m[][0;39m [1;32mc.d.d.m.i.service.job.JobServiceImpl    [0;39m [1;35m(JobServiceImpl.java:185)[0;39m 
 
[syncJob][id(1930917168888049666) handlerName(AuDataCron) 同步完成]
2026-06-07 15:24:35.582 | [1;31mERROR 1721739[0;39m | [1;33mmain [TID: N/A][0;39m [1;36m[][0;39m [1;32mc.alibaba.druid.filter.stat.StatFilter  [0;39m [1;35m(StatFilter.java:518)[0;39m 
 slow sql 288 millis. DELETE FROM QRTZ_CRON_TRIGGERS WHERE SCHED_NAME = 'schedulerName' AND TRIGGER_NAME = ? AND TRIGGER_GROUP = ? ["threeDataProductJob","DEFAULT"]
2026-06-07 15:24:35.890 | [1;31mERROR 1721739[0;39m | [1;33mmain [TID: N/A][0;39m [1;36m[][0;39m [1;32mc.alibaba.druid.filter.stat.StatFilter  [0;39m [1;35m(StatFilter.java:518)[0;39m 
 slow sql 307 millis. DELETE FROM QRTZ_TRIGGERS WHERE SCHED_NAME = 'schedulerName' AND TRIGGER_NAME = ? AND TRIGGER_GROUP = ? ["threeDataProductJob","DEFAULT"]
2026-06-07 15:24:36.131 | [1;31mERROR 1721739[0;39m | [1;33mmain [TID: N/A][0;39m [1;36m[][0;39m [1;32mc.alibaba.druid.filter.stat.StatFilter  [0;39m [1;35m(StatFilter.java:518)[0;39m 
 slow sql 229 millis. DELETE FROM QRTZ_JOB_DETAILS WHERE SCHED_NAME = 'schedulerName' AND JOB_NAME = ? AND JOB_GROUP = ? ["threeDataProductJob","DEFAULT"]
2026-06-07 15:24:36.481 | [1;31mERROR 1721739[0;39m | [1;33mmain [TID: N/A][0;39m [1;36m[][0;39m [1;32mc.alibaba.druid.filter.stat.StatFilter  [0;39m [1;35m(StatFilter.java:518)[0;39m 
 slow sql 284 millis. INSERT INTO QRTZ_JOB_DETAILS (SCHED_NAME, JOB_NAME, JOB_GROUP, DESCRIPTION, JOB_CLASS_NAME, IS_DURABLE, IS_NONCONCURRENT, IS_UPDATE_DATA, REQUESTS_RECOVERY, JOB_DATA)  VALUES('schedulerName', ?, ?, ?, ?, ?, ?, ?, ?, ?) ["threeDataProductJob","DEFAULT",null,"com.douyouqu.dyq.framework.quartz.core.handler.JobHandlerInvoker",false,true,true,false,"<[B>"]
2026-06-07 15:24:36.739 | [1;31mERROR 1721739[0;39m | [1;33mmain [TID: N/A][0;39m [1;36m[][0;39m [1;32mc.alibaba.druid.filter.stat.StatFilter  [0;39m [1;35m(StatFilter.java:518)[0;39m 
 slow sql 215 millis. INSERT INTO QRTZ_TRIGGERS (SCHED_NAME, TRIGGER_NAME, TRIGGER_GROUP, JOB_NAME, JOB_GROUP, DESCRIPTION, NEXT_FIRE_TIME, PREV_FIRE_TIME, TRIGGER_STATE, TRIGGER_TYPE, START_TIME, END_TIME, CALENDAR_NAME, MISFIRE_INSTR, JOB_DATA, PRIORITY)  VALUES('schedulerName', ?, ?, ?, ?, ?, ?, ?, ?, ?, ?, ?, ?, ?, ?, ?) ["threeDataProductJob","DEFAULT","threeDataProductJob","DEFAULT",null,1780817080000,-1,"WAITING","CRON",1780817076000,0,null,0,"<[B>",5]
2026-06-07 15:24:36.964 | [1;31mERROR 1721739[0;39m | [1;33mmain [TID: N/A][0;39m [1;36m[][0;39m [1;32mc.alibaba.druid.filter.stat.StatFilter  [0;39m [1;35m(StatFilter.java:518)[0;39m 
 slow sql 223 millis. INSERT INTO QRTZ_CRON_TRIGGERS (SCHED_NAME, TRIGGER_NAME, TRIGGER_GROUP, CRON_EXPRESSION, TIME_ZONE_ID)  VALUES('schedulerName', ?, ?, ?, ?) ["threeDataProductJob","DEFAULT","0/5 * * * * ?","Asia/Shanghai"]
2026-06-07 15:24:37.338 | [1;31mERROR 1721739[0;39m | [1;33mmain [TID: N/A][0;39m [1;36m[][0;39m [1;32mc.alibaba.druid.filter.stat.StatFilter  [0;39m [1;35m(StatFilter.java:518)[0;39m 
 slow sql 319 millis. UPDATE QRTZ_TRIGGERS SET TRIGGER_STATE = ? WHERE SCHED_NAME = 'schedulerName' AND TRIGGER_NAME = ? AND TRIGGER_GROUP = ? ["PAUSED","threeDataProductJob","DEFAULT"]
2026-06-07 15:24:37.339 | [34m INFO 1721739[0;39m | [1;33mmain [TID: N/A][0;39m [1;36m[][0;39m [1;32mc.d.d.m.i.service.job.JobServiceImpl    [0;39m [1;35m(JobServiceImpl.java:185)[0;39m 
 
[syncJob][id(1930925131769991169) handlerName(threeDataProductJob) 同步完成]
2026-06-07 15:24:37.692 | [1;31mERROR 1721739[0;39m | [1;33mmain [TID: N/A][0;39m [1;36m[][0;39m [1;32mc.alibaba.druid.filter.stat.StatFilter  [0;39m [1;35m(StatFilter.java:518)[0;39m 
 slow sql 299 millis. DELETE FROM QRTZ_CRON_TRIGGERS WHERE SCHED_NAME = 'schedulerName' AND TRIGGER_NAME = ? AND TRIGGER_GROUP = ? ["auDataRestJob","DEFAULT"]
2026-06-07 15:24:38.083 | [1;31mERROR 1721739[0;39m | [1;33mmain [TID: N/A][0;39m [1;36m[][0;39m [1;32mc.alibaba.druid.filter.stat.StatFilter  [0;39m [1;35m(StatFilter.java:518)[0;39m 
 slow sql 391 millis. DELETE FROM QRTZ_TRIGGERS WHERE SCHED_NAME = 'schedulerName' AND TRIGGER_NAME = ? AND TRIGGER_GROUP = ? ["auDataRestJob","DEFAULT"]
2026-06-07 15:24:38.397 | [1;31mERROR 1721739[0;39m | [1;33mmain [TID: N/A][0;39m [1;36m[][0;39m [1;32mc.alibaba.druid.filter.stat.StatFilter  [0;39m [1;35m(StatFilter.java:518)[0;39m 
 slow sql 302 millis. DELETE FROM QRTZ_JOB_DETAILS WHERE SCHED_NAME = 'schedulerName' AND JOB_NAME = ? AND JOB_GROUP = ? ["auDataRestJob","DEFAULT"]
2026-06-07 15:24:38.842 | [1;31mERROR 1721739[0;39m | [1;33mmain [TID: N/A][0;39m [1;36m[][0;39m [1;32mc.alibaba.druid.filter.stat.StatFilter  [0;39m [1;35m(StatFilter.java:518)[0;39m 
 slow sql 380 millis. INSERT INTO QRTZ_JOB_DETAILS (SCHED_NAME, JOB_NAME, JOB_GROUP, DESCRIPTION, JOB_CLASS_NAME, IS_DURABLE, IS_NONCONCURRENT, IS_UPDATE_DATA, REQUESTS_RECOVERY, JOB_DATA)  VALUES('schedulerName', ?, ?, ?, ?, ?, ?, ?, ?, ?) ["auDataRestJob","DEFAULT",null,"com.douyouqu.dyq.framework.quartz.core.handler.JobHandlerInvoker",false,true,true,false,"<[B>"]
2026-06-07 15:24:39.079 | [1;31mERROR 1721739[0;39m | [1;33mmain [TID: N/A][0;39m [1;36m[][0;39m [1;32mc.alibaba.druid.filter.stat.StatFilter  [0;39m [1;35m(StatFilter.java:518)[0;39m 
 slow sql 193 millis. INSERT INTO QRTZ_TRIGGERS (SCHED_NAME, TRIGGER_NAME, TRIGGER_GROUP, JOB_NAME, JOB_GROUP, DESCRIPTION, NEXT_FIRE_TIME, PREV_FIRE_TIME, TRIGGER_STATE, TRIGGER_TYPE, START_TIME, END_TIME, CALENDAR_NAME, MISFIRE_INSTR, JOB_DATA, PRIORITY)  VALUES('schedulerName', ?, ?, ?, ?, ?, ?, ?, ?, ?, ?, ?, ?, ?, ?, ?) ["auDataRestJob","DEFAULT","auDataRestJob","DEFAULT",null,1780848120000,-1,"WAITING","CRON",1780817078000,0,null,0,"<[B>",5]
2026-06-07 15:24:39.389 | [1;31mERROR 1721739[0;39m | [1;33mmain [TID: N/A][0;39m [1;36m[][0;39m [1;32mc.alibaba.druid.filter.stat.StatFilter  [0;39m [1;35m(StatFilter.java:518)[0;39m 
 slow sql 308 millis. INSERT INTO QRTZ_CRON_TRIGGERS (SCHED_NAME, TRIGGER_NAME, TRIGGER_GROUP, CRON_EXPRESSION, TIME_ZONE_ID)  VALUES('schedulerName', ?, ?, ?, ?) ["auDataRestJob","DEFAULT","0 2 0 * * ?","Asia/Shanghai"]
2026-06-07 15:24:39.697 | [1;31mERROR 1721739[0;39m | [1;33mmain [TID: N/A][0;39m [1;36m[][0;39m [1;32mc.alibaba.druid.filter.stat.StatFilter  [0;39m [1;35m(StatFilter.java:518)[0;39m 
 slow sql 255 millis. UPDATE QRTZ_TRIGGERS SET TRIGGER_STATE = ? WHERE SCHED_NAME = 'schedulerName' AND TRIGGER_NAME = ? AND TRIGGER_GROUP = ? ["PAUSED","auDataRestJob","DEFAULT"]
2026-06-07 15:24:39.698 | [34m INFO 1721739[0;39m | [1;33mmain [TID: N/A][0;39m [1;36m[][0;39m [1;32mc.d.d.m.i.service.job.JobServiceImpl    [0;39m [1;35m(JobServiceImpl.java:185)[0;39m 
 
[syncJob][id(1931289613487296514) handlerName(auDataRestJob) 同步完成]
2026-06-07 15:24:40.064 | [1;31mERROR 1721739[0;39m | [1;33mmain [TID: N/A][0;39m [1;36m[][0;39m [1;32mc.alibaba.druid.filter.stat.StatFilter  [0;39m [1;35m(StatFilter.java:518)[0;39m 
 slow sql 312 millis. DELETE FROM QRTZ_CRON_TRIGGERS WHERE SCHED_NAME = 'schedulerName' AND TRIGGER_NAME = ? AND TRIGGER_GROUP = ? ["alertJob","DEFAULT"]
2026-06-07 15:24:40.397 | [1;31mERROR 1721739[0;39m | [1;33mmain [TID: N/A][0;39m [1;36m[][0;39m [1;32mc.alibaba.druid.filter.stat.StatFilter  [0;39m [1;35m(StatFilter.java:518)[0;39m 
 slow sql 332 millis. DELETE FROM QRTZ_TRIGGERS WHERE SCHED_NAME = 'schedulerName' AND TRIGGER_NAME = ? AND TRIGGER_GROUP = ? ["alertJob","DEFAULT"]
2026-06-07 15:24:40.630 | [1;31mERROR 1721739[0;39m | [1;33mmain [TID: N/A][0;39m [1;36m[][0;39m [1;32mc.alibaba.druid.filter.stat.StatFilter  [0;39m [1;35m(StatFilter.java:518)[0;39m 
 slow sql 221 millis. DELETE FROM QRTZ_JOB_DETAILS WHERE SCHED_NAME = 'schedulerName' AND JOB_NAME = ? AND JOB_GROUP = ? ["alertJob","DEFAULT"]
2026-06-07 15:24:40.897 | [1;31mERROR 1721739[0;39m | [1;33mmain [TID: N/A][0;39m [1;36m[][0;39m [1;32mc.alibaba.druid.filter.stat.StatFilter  [0;39m [1;35m(StatFilter.java:518)[0;39m 
 slow sql 203 millis. INSERT INTO QRTZ_JOB_DETAILS (SCHED_NAME, JOB_NAME, JOB_GROUP, DESCRIPTION, JOB_CLASS_NAME, IS_DURABLE, IS_NONCONCURRENT, IS_UPDATE_DATA, REQUESTS_RECOVERY, JOB_DATA)  VALUES('schedulerName', ?, ?, ?, ?, ?, ?, ?, ?, ?) ["alertJob","DEFAULT",null,"com.douyouqu.dyq.framework.quartz.core.handler.JobHandlerInvoker",false,true,true,false,"<[B>"]
2026-06-07 15:24:41.147 | [1;31mERROR 1721739[0;39m | [1;33mmain [TID: N/A][0;39m [1;36m[][0;39m [1;32mc.alibaba.druid.filter.stat.StatFilter  [0;39m [1;35m(StatFilter.java:518)[0;39m 
 slow sql 207 millis. INSERT INTO QRTZ_TRIGGERS (SCHED_NAME, TRIGGER_NAME, TRIGGER_GROUP, JOB_NAME, JOB_GROUP, DESCRIPTION, NEXT_FIRE_TIME, PREV_FIRE_TIME, TRIGGER_STATE, TRIGGER_TYPE, START_TIME, END_TIME, CALENDAR_NAME, MISFIRE_INSTR, JOB_DATA, PRIORITY)  VALUES('schedulerName', ?, ?, ?, ?, ?, ?, ?, ?, ?, ?, ?, ?, ?, ?, ?) ["alertJob","DEFAULT","alertJob","DEFAULT",null,1780817080000,-1,"WAITING","CRON",1780817080000,0,null,0,"<[B>",5]
2026-06-07 15:24:41.313 | [1;31mERROR 1721739[0;39m | [1;33mmain [TID: N/A][0;39m [1;36m[][0;39m [1;32mc.alibaba.druid.filter.stat.StatFilter  [0;39m [1;35m(StatFilter.java:518)[0;39m 
 slow sql 166 millis. INSERT INTO QRTZ_CRON_TRIGGERS (SCHED_NAME, TRIGGER_NAME, TRIGGER_GROUP, CRON_EXPRESSION, TIME_ZONE_ID)  VALUES('schedulerName', ?, ?, ?, ?) ["alertJob","DEFAULT","0/10 * * * * ?","Asia/Shanghai"]
2026-06-07 15:24:41.531 | [1;31mERROR 1721739[0;39m | [1;33mmain [TID: N/A][0;39m [1;36m[][0;39m [1;32mc.alibaba.druid.filter.stat.StatFilter  [0;39m [1;35m(StatFilter.java:518)[0;39m 
 slow sql 162 millis. UPDATE QRTZ_TRIGGERS SET TRIGGER_STATE = ? WHERE SCHED_NAME = 'schedulerName' AND TRIGGER_NAME = ? AND TRIGGER_GROUP = ? ["PAUSED","alertJob","DEFAULT"]
2026-06-07 15:24:41.531 | [34m INFO 1721739[0;39m | [1;33mmain [TID: N/A][0;39m [1;36m[][0;39m [1;32mc.d.d.m.i.service.job.JobServiceImpl    [0;39m [1;35m(JobServiceImpl.java:185)[0;39m 
 
[syncJob][id(1931321439555678209) handlerName(alertJob) 同步完成]
2026-06-07 15:24:41.933 | [1;31mERROR 1721739[0;39m | [1;33mmain [TID: N/A][0;39m [1;36m[][0;39m [1;32mc.alibaba.druid.filter.stat.StatFilter  [0;39m [1;35m(StatFilter.java:518)[0;39m 
 slow sql 349 millis. DELETE FROM QRTZ_CRON_TRIGGERS WHERE SCHED_NAME = 'schedulerName' AND TRIGGER_NAME = ? AND TRIGGER_GROUP = ? ["alertUpdateBasePriceJob","DEFAULT"]
2026-06-07 15:24:42.155 | [1;31mERROR 1721739[0;39m | [1;33mmain [TID: N/A][0;39m [1;36m[][0;39m [1;32mc.alibaba.druid.filter.stat.StatFilter  [0;39m [1;35m(StatFilter.java:518)[0;39m 
 slow sql 220 millis. DELETE FROM QRTZ_TRIGGERS WHERE SCHED_NAME = 'schedulerName' AND TRIGGER_NAME = ? AND TRIGGER_GROUP = ? ["alertUpdateBasePriceJob","DEFAULT"]
2026-06-07 15:24:42.363 | [1;31mERROR 1721739[0;39m | [1;33mmain [TID: N/A][0;39m [1;36m[][0;39m [1;32mc.alibaba.druid.filter.stat.StatFilter  [0;39m [1;35m(StatFilter.java:518)[0;39m 
 slow sql 197 millis. DELETE FROM QRTZ_JOB_DETAILS WHERE SCHED_NAME = 'schedulerName' AND JOB_NAME = ? AND JOB_GROUP = ? ["alertUpdateBasePriceJob","DEFAULT"]
2026-06-07 15:24:42.607 | [1;31mERROR 1721739[0;39m | [1;33mmain [TID: N/A][0;39m [1;36m[][0;39m [1;32mc.alibaba.druid.filter.stat.StatFilter  [0;39m [1;35m(StatFilter.java:518)[0;39m 
 slow sql 178 millis. INSERT INTO QRTZ_JOB_DETAILS (SCHED_NAME, JOB_NAME, JOB_GROUP, DESCRIPTION, JOB_CLASS_NAME, IS_DURABLE, IS_NONCONCURRENT, IS_UPDATE_DATA, REQUESTS_RECOVERY, JOB_DATA)  VALUES('schedulerName', ?, ?, ?, ?, ?, ?, ?, ?, ?) ["alertUpdateBasePriceJob","DEFAULT",null,"com.douyouqu.dyq.framework.quartz.core.handler.JobHandlerInvoker",false,true,true,false,"<[B>"]
2026-06-07 15:24:42.807 | [1;31mERROR 1721739[0;39m | [1;33mmain [TID: N/A][0;39m [1;36m[][0;39m [1;32mc.alibaba.druid.filter.stat.StatFilter  [0;39m [1;35m(StatFilter.java:518)[0;39m 
 slow sql 154 millis. INSERT INTO QRTZ_TRIGGERS (SCHED_NAME, TRIGGER_NAME, TRIGGER_GROUP, JOB_NAME, JOB_GROUP, DESCRIPTION, NEXT_FIRE_TIME, PREV_FIRE_TIME, TRIGGER_STATE, TRIGGER_TYPE, START_TIME, END_TIME, CALENDAR_NAME, MISFIRE_INSTR, JOB_DATA, PRIORITY)  VALUES('schedulerName', ?, ?, ?, ?, ?, ?, ?, ?, ?, ?, ?, ?, ?, ?, ?) ["alertUpdateBasePriceJob","DEFAULT","alertUpdateBasePriceJob","DEFAULT",null,1780817090000,-1,"WAITING","CRON",1780817082000,0,null,0,"<[B>",5]
2026-06-07 15:24:43.045 | [1;31mERROR 1721739[0;39m | [1;33mmain [TID: N/A][0;39m [1;36m[][0;39m [1;32mc.alibaba.druid.filter.stat.StatFilter  [0;39m [1;35m(StatFilter.java:518)[0;39m 
 slow sql 237 millis. INSERT INTO QRTZ_CRON_TRIGGERS (SCHED_NAME, TRIGGER_NAME, TRIGGER_GROUP, CRON_EXPRESSION, TIME_ZONE_ID)  VALUES('schedulerName', ?, ?, ?, ?) ["alertUpdateBasePriceJob","DEFAULT","0/10 * * * * ?","Asia/Shanghai"]
2026-06-07 15:24:43.446 | [1;31mERROR 1721739[0;39m | [1;33mmain [TID: N/A][0;39m [1;36m[][0;39m [1;32mc.alibaba.druid.filter.stat.StatFilter  [0;39m [1;35m(StatFilter.java:518)[0;39m 
 slow sql 347 millis. UPDATE QRTZ_TRIGGERS SET TRIGGER_STATE = ? WHERE SCHED_NAME = 'schedulerName' AND TRIGGER_NAME = ? AND TRIGGER_GROUP = ? ["PAUSED","alertUpdateBasePriceJob","DEFAULT"]
2026-06-07 15:24:43.447 | [34m INFO 1721739[0;39m | [1;33mmain [TID: N/A][0;39m [1;36m[][0;39m [1;32mc.d.d.m.i.service.job.JobServiceImpl    [0;39m [1;35m(JobServiceImpl.java:185)[0;39m 
 
[syncJob][id(1931321893136101377) handlerName(alertUpdateBasePriceJob) 同步完成]
2026-06-07 15:24:43.680 | [1;31mERROR 1721739[0;39m | [1;33mmain [TID: N/A][0;39m [1;36m[][0;39m [1;32mc.alibaba.druid.filter.stat.StatFilter  [0;39m [1;35m(StatFilter.java:518)[0;39m 
 slow sql 211 millis. UPDATE QRTZ_TRIGGERS SET TRIGGER_STATE = ? WHERE SCHED_NAME = 'schedulerName' AND TRIGGER_NAME = ? AND TRIGGER_GROUP = ? ["PAUSED","alertCleanLog","DEFAULT"]
2026-06-07 15:24:43.982 | [1;31mERROR 1721739[0;39m | [1;33mmain [TID: N/A][0;39m [1;36m[][0;39m [1;32mc.alibaba.druid.filter.stat.StatFilter  [0;39m [1;35m(StatFilter.java:518)[0;39m 
 slow sql 269 millis. DELETE FROM QRTZ_CRON_TRIGGERS WHERE SCHED_NAME = 'schedulerName' AND TRIGGER_NAME = ? AND TRIGGER_GROUP = ? ["alertCleanLog","DEFAULT"]
2026-06-07 15:24:44.246 | [1;31mERROR 1721739[0;39m | [1;33mmain [TID: N/A][0;39m [1;36m[][0;39m [1;32mc.alibaba.druid.filter.stat.StatFilter  [0;39m [1;35m(StatFilter.java:518)[0;39m 
 slow sql 263 millis. DELETE FROM QRTZ_TRIGGERS WHERE SCHED_NAME = 'schedulerName' AND TRIGGER_NAME = ? AND TRIGGER_GROUP = ? ["alertCleanLog","DEFAULT"]
2026-06-07 15:24:44.479 | [1;31mERROR 1721739[0;39m | [1;33mmain [TID: N/A][0;39m [1;36m[][0;39m [1;32mc.alibaba.druid.filter.stat.StatFilter  [0;39m [1;35m(StatFilter.java:518)[0;39m 
 slow sql 222 millis. DELETE FROM QRTZ_JOB_DETAILS WHERE SCHED_NAME = 'schedulerName' AND JOB_NAME = ? AND JOB_GROUP = ? ["alertCleanLog","DEFAULT"]
2026-06-07 15:24:44.837 | [1;31mERROR 1721739[0;39m | [1;33mmain [TID: N/A][0;39m [1;36m[][0;39m [1;32mc.alibaba.druid.filter.stat.StatFilter  [0;39m [1;35m(StatFilter.java:518)[0;39m 
 slow sql 293 millis. INSERT INTO QRTZ_JOB_DETAILS (SCHED_NAME, JOB_NAME, JOB_GROUP, DESCRIPTION, JOB_CLASS_NAME, IS_DURABLE, IS_NONCONCURRENT, IS_UPDATE_DATA, REQUESTS_RECOVERY, JOB_DATA)  VALUES('schedulerName', ?, ?, ?, ?, ?, ?, ?, ?, ?) ["alertCleanLog","DEFAULT",null,"com.douyouqu.dyq.framework.quartz.core.handler.JobHandlerInvoker",false,true,true,false,"<[B>"]
2026-06-07 15:24:45.187 | [1;31mERROR 1721739[0;39m | [1;33mmain [TID: N/A][0;39m [1;36m[][0;39m [1;32mc.alibaba.druid.filter.stat.StatFilter  [0;39m [1;35m(StatFilter.java:518)[0;39m 
 slow sql 306 millis. INSERT INTO QRTZ_TRIGGERS (SCHED_NAME, TRIGGER_NAME, TRIGGER_GROUP, JOB_NAME, JOB_GROUP, DESCRIPTION, NEXT_FIRE_TIME, PREV_FIRE_TIME, TRIGGER_STATE, TRIGGER_TYPE, START_TIME, END_TIME, CALENDAR_NAME, MISFIRE_INSTR, JOB_DATA, PRIORITY)  VALUES('schedulerName', ?, ?, ?, ?, ?, ?, ?, ?, ?, ?, ?, ?, ?, ?, ?) ["alertCleanLog","DEFAULT","alertCleanLog","DEFAULT",null,1782831600000,-1,"WAITING","CRON",1780817084000,0,null,0,"<[B>",5]
2026-06-07 15:24:45.329 | [1;31mERROR 1721739[0;39m | [1;33mmain [TID: N/A][0;39m [1;36m[][0;39m [1;32mc.alibaba.druid.filter.stat.StatFilter  [0;39m [1;35m(StatFilter.java:518)[0;39m 
 slow sql 141 millis. INSERT INTO QRTZ_CRON_TRIGGERS (SCHED_NAME, TRIGGER_NAME, TRIGGER_GROUP, CRON_EXPRESSION, TIME_ZONE_ID)  VALUES('schedulerName', ?, ?, ?, ?) ["alertCleanLog","DEFAULT","0 0 23 L * ?","Asia/Shanghai"]
2026-06-07 15:24:45.329 | [34m INFO 1721739[0;39m | [1;33mmain [TID: N/A][0;39m [1;36m[][0;39m [1;32mc.d.d.m.i.service.job.JobServiceImpl    [0;39m [1;35m(JobServiceImpl.java:185)[0;39m 
 
[syncJob][id(1931978171330478081) handlerName(alertCleanLog) 同步完成]
2026-06-07 15:24:45.662 | [1;31mERROR 1721739[0;39m | [1;33mmain [TID: N/A][0;39m [1;36m[][0;39m [1;32mc.alibaba.druid.filter.stat.StatFilter  [0;39m [1;35m(StatFilter.java:518)[0;39m 
 slow sql 279 millis. DELETE FROM QRTZ_CRON_TRIGGERS WHERE SCHED_NAME = 'schedulerName' AND TRIGGER_NAME = ? AND TRIGGER_GROUP = ? ["auBaojiaUpadteContractPriceJob","DEFAULT"]
2026-06-07 15:24:45.844 | [1;31mERROR 1721739[0;39m | [1;33mmain [TID: N/A][0;39m [1;36m[][0;39m [1;32mc.alibaba.druid.filter.stat.StatFilter  [0;39m [1;35m(StatFilter.java:518)[0;39m 
 slow sql 180 millis. DELETE FROM QRTZ_TRIGGERS WHERE SCHED_NAME = 'schedulerName' AND TRIGGER_NAME = ? AND TRIGGER_GROUP = ? ["auBaojiaUpadteContractPriceJob","DEFAULT"]
2026-06-07 15:24:46.136 | [1;31mERROR 1721739[0;39m | [1;33mmain [TID: N/A][0;39m [1;36m[][0;39m [1;32mc.alibaba.druid.filter.stat.StatFilter  [0;39m [1;35m(StatFilter.java:518)[0;39m 
 slow sql 281 millis. DELETE FROM QRTZ_JOB_DETAILS WHERE SCHED_NAME = 'schedulerName' AND JOB_NAME = ? AND JOB_GROUP = ? ["auBaojiaUpadteContractPriceJob","DEFAULT"]
2026-06-07 15:24:46.371 | [1;31mERROR 1721739[0;39m | [1;33mmain [TID: N/A][0;39m [1;36m[][0;39m [1;32mc.alibaba.druid.filter.stat.StatFilter  [0;39m [1;35m(StatFilter.java:518)[0;39m 
 slow sql 170 millis. INSERT INTO QRTZ_JOB_DETAILS (SCHED_NAME, JOB_NAME, JOB_GROUP, DESCRIPTION, JOB_CLASS_NAME, IS_DURABLE, IS_NONCONCURRENT, IS_UPDATE_DATA, REQUESTS_RECOVERY, JOB_DATA)  VALUES('schedulerName', ?, ?, ?, ?, ?, ?, ?, ?, ?) ["auBaojiaUpadteContractPriceJob","DEFAULT",null,"com.douyouqu.dyq.framework.quartz.core.handler.JobHandlerInvoker",false,true,true,false,"<[B>"]
2026-06-07 15:24:46.673 | [1;31mERROR 1721739[0;39m | [1;33mmain [TID: N/A][0;39m [1;36m[][0;39m [1;32mc.alibaba.druid.filter.stat.StatFilter  [0;39m [1;35m(StatFilter.java:518)[0;39m 
 slow sql 258 millis. INSERT INTO QRTZ_TRIGGERS (SCHED_NAME, TRIGGER_NAME, TRIGGER_GROUP, JOB_NAME, JOB_GROUP, DESCRIPTION, NEXT_FIRE_TIME, PREV_FIRE_TIME, TRIGGER_STATE, TRIGGER_TYPE, START_TIME, END_TIME, CALENDAR_NAME, MISFIRE_INSTR, JOB_DATA, PRIORITY)  VALUES('schedulerName', ?, ?, ?, ?, ?, ?, ?, ?, ?, ?, ?, ?, ?, ?, ?) ["auBaojiaUpadteContractPriceJob","DEFAULT","auBaojiaUpadteContractPriceJob","DEFAULT",null,1780817090000,-1,"WAITING","CRON",1780817086000,0,null,0,"<[B>",5]
2026-06-07 15:24:46.871 | [1;31mERROR 1721739[0;39m | [1;33mmain [TID: N/A][0;39m [1;36m[][0;39m [1;32mc.alibaba.druid.filter.stat.StatFilter  [0;39m [1;35m(StatFilter.java:518)[0;39m 
 slow sql 197 millis. INSERT INTO QRTZ_CRON_TRIGGERS (SCHED_NAME, TRIGGER_NAME, TRIGGER_GROUP, CRON_EXPRESSION, TIME_ZONE_ID)  VALUES('schedulerName', ?, ?, ?, ?) ["auBaojiaUpadteContractPriceJob","DEFAULT","0/50 * * * * ?","Asia/Shanghai"]
2026-06-07 15:24:47.155 | [1;31mERROR 1721739[0;39m | [1;33mmain [TID: N/A][0;39m [1;36m[][0;39m [1;32mc.alibaba.druid.filter.stat.StatFilter  [0;39m [1;35m(StatFilter.java:518)[0;39m 
 slow sql 232 millis. UPDATE QRTZ_TRIGGERS SET TRIGGER_STATE = ? WHERE SCHED_NAME = 'schedulerName' AND TRIGGER_NAME = ? AND TRIGGER_GROUP = ? ["PAUSED","auBaojiaUpadteContractPriceJob","DEFAULT"]
2026-06-07 15:24:47.156 | [34m INFO 1721739[0;39m | [1;33mmain [TID: N/A][0;39m [1;36m[][0;39m [1;32mc.d.d.m.i.service.job.JobServiceImpl    [0;39m [1;35m(JobServiceImpl.java:185)[0;39m 
 
[syncJob][id(1931979058564186113) handlerName(auBaojiaUpadteContractPriceJob) 同步完成]
2026-06-07 15:24:47.513 | [1;31mERROR 1721739[0;39m | [1;33mmain [TID: N/A][0;39m [1;36m[][0;39m [1;32mc.alibaba.druid.filter.stat.StatFilter  [0;39m [1;35m(StatFilter.java:518)[0;39m 
 slow sql 305 millis. DELETE FROM QRTZ_CRON_TRIGGERS WHERE SCHED_NAME = 'schedulerName' AND TRIGGER_NAME = ? AND TRIGGER_GROUP = ? ["auDataAG_SHGTaskJob","DEFAULT"]
2026-06-07 15:24:47.739 | [1;31mERROR 1721739[0;39m | [1;33mmain [TID: N/A][0;39m [1;36m[][0;39m [1;32mc.alibaba.druid.filter.stat.StatFilter  [0;39m [1;35m(StatFilter.java:518)[0;39m 
 slow sql 225 millis. DELETE FROM QRTZ_TRIGGERS WHERE SCHED_NAME = 'schedulerName' AND TRIGGER_NAME = ? AND TRIGGER_GROUP = ? ["auDataAG_SHGTaskJob","DEFAULT"]
2026-06-07 15:24:47.981 | [1;31mERROR 1721739[0;39m | [1;33mmain [TID: N/A][0;39m [1;36m[][0;39m [1;32mc.alibaba.druid.filter.stat.StatFilter  [0;39m [1;35m(StatFilter.java:518)[0;39m 
 slow sql 230 millis. DELETE FROM QRTZ_JOB_DETAILS WHERE SCHED_NAME = 'schedulerName' AND JOB_NAME = ? AND JOB_GROUP = ? ["auDataAG_SHGTaskJob","DEFAULT"]
2026-06-07 15:24:48.269 | [1;31mERROR 1721739[0;39m | [1;33mmain [TID: N/A][0;39m [1;36m[][0;39m [1;32mc.alibaba.druid.filter.stat.StatFilter  [0;39m [1;35m(StatFilter.java:518)[0;39m 
 slow sql 224 millis. INSERT INTO QRTZ_JOB_DETAILS (SCHED_NAME, JOB_NAME, JOB_GROUP, DESCRIPTION, JOB_CLASS_NAME, IS_DURABLE, IS_NONCONCURRENT, IS_UPDATE_DATA, REQUESTS_RECOVERY, JOB_DATA)  VALUES('schedulerName', ?, ?, ?, ?, ?, ?, ?, ?, ?) ["auDataAG_SHGTaskJob","DEFAULT",null,"com.douyouqu.dyq.framework.quartz.core.handler.JobHandlerInvoker",false,true,true,false,"<[B>"]
2026-06-07 15:24:48.555 | [1;31mERROR 1721739[0;39m | [1;33mmain [TID: N/A][0;39m [1;36m[][0;39m [1;32mc.alibaba.druid.filter.stat.StatFilter  [0;39m [1;35m(StatFilter.java:518)[0;39m 
 slow sql 245 millis. INSERT INTO QRTZ_TRIGGERS (SCHED_NAME, TRIGGER_NAME, TRIGGER_GROUP, JOB_NAME, JOB_GROUP, DESCRIPTION, NEXT_FIRE_TIME, PREV_FIRE_TIME, TRIGGER_STATE, TRIGGER_TYPE, START_TIME, END_TIME, CALENDAR_NAME, MISFIRE_INSTR, JOB_DATA, PRIORITY)  VALUES('schedulerName', ?, ?, ?, ?, ?, ?, ?, ?, ?, ?, ?, ?, ?, ?, ?) ["auDataAG_SHGTaskJob","DEFAULT","auDataAG_SHGTaskJob","DEFAULT",null,1780817090000,-1,"WAITING","CRON",1780817088000,0,null,0,"<[B>",5]
2026-06-07 15:24:48.772 | [1;31mERROR 1721739[0;39m | [1;33mmain [TID: N/A][0;39m [1;36m[][0;39m [1;32mc.alibaba.druid.filter.stat.StatFilter  [0;39m [1;35m(StatFilter.java:518)[0;39m 
 slow sql 215 millis. INSERT INTO QRTZ_CRON_TRIGGERS (SCHED_NAME, TRIGGER_NAME, TRIGGER_GROUP, CRON_EXPRESSION, TIME_ZONE_ID)  VALUES('schedulerName', ?, ?, ?, ?) ["auDataAG_SHGTaskJob","DEFAULT","0/10 * * * * ?","Asia/Shanghai"]
2026-06-07 15:24:49.003 | [1;31mERROR 1721739[0;39m | [1;33mmain [TID: N/A][0;39m [1;36m[][0;39m [1;32mc.alibaba.druid.filter.stat.StatFilter  [0;39m [1;35m(StatFilter.java:518)[0;39m 
 slow sql 179 millis. UPDATE QRTZ_TRIGGERS SET TRIGGER_STATE = ? WHERE SCHED_NAME = 'schedulerName' AND TRIGGER_NAME = ? AND TRIGGER_GROUP = ? ["PAUSED","auDataAG_SHGTaskJob","DEFAULT"]
2026-06-07 15:24:49.004 | [34m INFO 1721739[0;39m | [1;33mmain [TID: N/A][0;39m [1;36m[][0;39m [1;32mc.d.d.m.i.service.job.JobServiceImpl    [0;39m [1;35m(JobServiceImpl.java:185)[0;39m 
 
[syncJob][id(1931979203636772866) handlerName(auDataAG_SHGTaskJob) 同步完成]
2026-06-07 15:24:49.255 | [1;31mERROR 1721739[0;39m | [1;33mmain [TID: N/A][0;39m [1;36m[][0;39m [1;32mc.alibaba.druid.filter.stat.StatFilter  [0;39m [1;35m(StatFilter.java:518)[0;39m 
 slow sql 199 millis. DELETE FROM QRTZ_CRON_TRIGGERS WHERE SCHED_NAME = 'schedulerName' AND TRIGGER_NAME = ? AND TRIGGER_GROUP = ? ["auDataJACKYUN_AUTaskJob","DEFAULT"]
2026-06-07 15:24:49.480 | [1;31mERROR 1721739[0;39m | [1;33mmain [TID: N/A][0;39m [1;36m[][0;39m [1;32mc.alibaba.druid.filter.stat.StatFilter  [0;39m [1;35m(StatFilter.java:518)[0;39m 
 slow sql 224 millis. DELETE FROM QRTZ_TRIGGERS WHERE SCHED_NAME = 'schedulerName' AND TRIGGER_NAME = ? AND TRIGGER_GROUP = ? ["auDataJACKYUN_AUTaskJob","DEFAULT"]
2026-06-07 15:24:49.763 | [1;31mERROR 1721739[0;39m | [1;33mmain [TID: N/A][0;39m [1;36m[][0;39m [1;32mc.alibaba.druid.filter.stat.StatFilter  [0;39m [1;35m(StatFilter.java:518)[0;39m 
 slow sql 272 millis. DELETE FROM QRTZ_JOB_DETAILS WHERE SCHED_NAME = 'schedulerName' AND JOB_NAME = ? AND JOB_GROUP = ? ["auDataJACKYUN_AUTaskJob","DEFAULT"]
2026-06-07 15:24:50.064 | [1;31mERROR 1721739[0;39m | [1;33mmain [TID: N/A][0;39m [1;36m[][0;39m [1;32mc.alibaba.druid.filter.stat.StatFilter  [0;39m [1;35m(StatFilter.java:518)[0;39m 
 slow sql 235 millis. INSERT INTO QRTZ_JOB_DETAILS (SCHED_NAME, JOB_NAME, JOB_GROUP, DESCRIPTION, JOB_CLASS_NAME, IS_DURABLE, IS_NONCONCURRENT, IS_UPDATE_DATA, REQUESTS_RECOVERY, JOB_DATA)  VALUES('schedulerName', ?, ?, ?, ?, ?, ?, ?, ?, ?) ["auDataJACKYUN_AUTaskJob","DEFAULT",null,"com.douyouqu.dyq.framework.quartz.core.handler.JobHandlerInvoker",false,true,true,false,"<[B>"]
2026-06-07 15:24:50.380 | [1;31mERROR 1721739[0;39m | [1;33mmain [TID: N/A][0;39m [1;36m[][0;39m [1;32mc.alibaba.druid.filter.stat.StatFilter  [0;39m [1;35m(StatFilter.java:518)[0;39m 
 slow sql 274 millis. INSERT INTO QRTZ_TRIGGERS (SCHED_NAME, TRIGGER_NAME, TRIGGER_GROUP, JOB_NAME, JOB_GROUP, DESCRIPTION, NEXT_FIRE_TIME, PREV_FIRE_TIME, TRIGGER_STATE, TRIGGER_TYPE, START_TIME, END_TIME, CALENDAR_NAME, MISFIRE_INSTR, JOB_DATA, PRIORITY)  VALUES('schedulerName', ?, ?, ?, ?, ?, ?, ?, ?, ?, ?, ?, ?, ?, ?, ?) ["auDataJACKYUN_AUTaskJob","DEFAULT","auDataJACKYUN_AUTaskJob","DEFAULT",null,1780817100000,-1,"WAITING","CRON",1780817089000,0,null,0,"<[B>",5]
2026-06-07 15:24:50.672 | [1;31mERROR 1721739[0;39m | [1;33mmain [TID: N/A][0;39m [1;36m[][0;39m [1;32mc.alibaba.druid.filter.stat.StatFilter  [0;39m [1;35m(StatFilter.java:518)[0;39m 
 slow sql 291 millis. INSERT INTO QRTZ_CRON_TRIGGERS (SCHED_NAME, TRIGGER_NAME, TRIGGER_GROUP, CRON_EXPRESSION, TIME_ZONE_ID)  VALUES('schedulerName', ?, ?, ?, ?) ["auDataJACKYUN_AUTaskJob","DEFAULT","0/20 * * * * ?","Asia/Shanghai"]
2026-06-07 15:24:50.947 | [1;31mERROR 1721739[0;39m | [1;33mmain [TID: N/A][0;39m [1;36m[][0;39m [1;32mc.alibaba.druid.filter.stat.StatFilter  [0;39m [1;35m(StatFilter.java:518)[0;39m 
 slow sql 221 millis. UPDATE QRTZ_TRIGGERS SET TRIGGER_STATE = ? WHERE SCHED_NAME = 'schedulerName' AND TRIGGER_NAME = ? AND TRIGGER_GROUP = ? ["PAUSED","auDataJACKYUN_AUTaskJob","DEFAULT"]
2026-06-07 15:24:50.947 | [34m INFO 1721739[0;39m | [1;33mmain [TID: N/A][0;39m [1;36m[][0;39m [1;32mc.d.d.m.i.service.job.JobServiceImpl    [0;39m [1;35m(JobServiceImpl.java:185)[0;39m 
 
[syncJob][id(1931979817733210113) handlerName(auDataJACKYUN_AUTaskJob) 同步完成]
2026-06-07 15:24:51.263 | [1;31mERROR 1721739[0;39m | [1;33mmain [TID: N/A][0;39m [1;36m[][0;39m [1;32mc.alibaba.druid.filter.stat.StatFilter  [0;39m [1;35m(StatFilter.java:518)[0;39m 
 slow sql 262 millis. DELETE FROM QRTZ_CRON_TRIGGERS WHERE SCHED_NAME = 'schedulerName' AND TRIGGER_NAME = ? AND TRIGGER_GROUP = ? ["auDataMerchantBaojiaTaskJob","DEFAULT"]
2026-06-07 15:24:51.550 | [1;31mERROR 1721739[0;39m | [1;33mmain [TID: N/A][0;39m [1;36m[][0;39m [1;32mc.alibaba.druid.filter.stat.StatFilter  [0;39m [1;35m(StatFilter.java:518)[0;39m 
 slow sql 286 millis. DELETE FROM QRTZ_TRIGGERS WHERE SCHED_NAME = 'schedulerName' AND TRIGGER_NAME = ? AND TRIGGER_GROUP = ? ["auDataMerchantBaojiaTaskJob","DEFAULT"]
2026-06-07 15:24:51.771 | [1;31mERROR 1721739[0;39m | [1;33mmain [TID: N/A][0;39m [1;36m[][0;39m [1;32mc.alibaba.druid.filter.stat.StatFilter  [0;39m [1;35m(StatFilter.java:518)[0;39m 
 slow sql 209 millis. DELETE FROM QRTZ_JOB_DETAILS WHERE SCHED_NAME = 'schedulerName' AND JOB_NAME = ? AND JOB_GROUP = ? ["auDataMerchantBaojiaTaskJob","DEFAULT"]
2026-06-07 15:24:52.105 | [1;31mERROR 1721739[0;39m | [1;33mmain [TID: N/A][0;39m [1;36m[][0;39m [1;32mc.alibaba.druid.filter.stat.StatFilter  [0;39m [1;35m(StatFilter.java:518)[0;39m 
 slow sql 268 millis. INSERT INTO QRTZ_JOB_DETAILS (SCHED_NAME, JOB_NAME, JOB_GROUP, DESCRIPTION, JOB_CLASS_NAME, IS_DURABLE, IS_NONCONCURRENT, IS_UPDATE_DATA, REQUESTS_RECOVERY, JOB_DATA)  VALUES('schedulerName', ?, ?, ?, ?, ?, ?, ?, ?, ?) ["auDataMerchantBaojiaTaskJob","DEFAULT",null,"com.douyouqu.dyq.framework.quartz.core.handler.JobHandlerInvoker",false,true,true,false,"<[B>"]
2026-06-07 15:24:52.379 | [1;31mERROR 1721739[0;39m | [1;33mmain [TID: N/A][0;39m [1;36m[][0;39m [1;32mc.alibaba.druid.filter.stat.StatFilter  [0;39m [1;35m(StatFilter.java:518)[0;39m 
 slow sql 232 millis. INSERT INTO QRTZ_TRIGGERS (SCHED_NAME, TRIGGER_NAME, TRIGGER_GROUP, JOB_NAME, JOB_GROUP, DESCRIPTION, NEXT_FIRE_TIME, PREV_FIRE_TIME, TRIGGER_STATE, TRIGGER_TYPE, START_TIME, END_TIME, CALENDAR_NAME, MISFIRE_INSTR, JOB_DATA, PRIORITY)  VALUES('schedulerName', ?, ?, ?, ?, ?, ?, ?, ?, ?, ?, ?, ?, ?, ?, ?) ["auDataMerchantBaojiaTaskJob","DEFAULT","auDataMerchantBaojiaTaskJob","DEFAULT",null,1780848000000,-1,"WAITING","CRON",1780817091000,0,null,0,"<[B>",5]
2026-06-07 15:24:52.528 | [1;31mERROR 1721739[0;39m | [1;33mmain [TID: N/A][0;39m [1;36m[][0;39m [1;32mc.alibaba.druid.filter.stat.StatFilter  [0;39m [1;35m(StatFilter.java:518)[0;39m 
 slow sql 148 millis. INSERT INTO QRTZ_CRON_TRIGGERS (SCHED_NAME, TRIGGER_NAME, TRIGGER_GROUP, CRON_EXPRESSION, TIME_ZONE_ID)  VALUES('schedulerName', ?, ?, ?, ?) ["auDataMerchantBaojiaTaskJob","DEFAULT","0/10 * * ? * 2-6","Asia/Shanghai"]
2026-06-07 15:24:52.770 | [1;31mERROR 1721739[0;39m | [1;33mmain [TID: N/A][0;39m [1;36m[][0;39m [1;32mc.alibaba.druid.filter.stat.StatFilter  [0;39m [1;35m(StatFilter.java:518)[0;39m 
 slow sql 187 millis. UPDATE QRTZ_TRIGGERS SET TRIGGER_STATE = ? WHERE SCHED_NAME = 'schedulerName' AND TRIGGER_NAME = ? AND TRIGGER_GROUP = ? ["PAUSED","auDataMerchantBaojiaTaskJob","DEFAULT"]
2026-06-07 15:24:52.771 | [34m INFO 1721739[0;39m | [1;33mmain [TID: N/A][0;39m [1;36m[][0;39m [1;32mc.d.d.m.i.service.job.JobServiceImpl    [0;39m [1;35m(JobServiceImpl.java:185)[0;39m 
 
[syncJob][id(1931980464255811586) handlerName(auDataMerchantBaojiaTaskJob) 同步完成]
2026-06-07 15:24:53.019 | [1;31mERROR 1721739[0;39m | [1;33mmain [TID: N/A][0;39m [1;36m[][0;39m [1;32mc.alibaba.druid.filter.stat.StatFilter  [0;39m [1;35m(StatFilter.java:518)[0;39m 
 slow sql 195 millis. DELETE FROM QRTZ_CRON_TRIGGERS WHERE SCHED_NAME = 'schedulerName' AND TRIGGER_NAME = ? AND TRIGGER_GROUP = ? ["auDataUpdateParamsJob","DEFAULT"]
2026-06-07 15:24:53.328 | [1;31mERROR 1721739[0;39m | [1;33mmain [TID: N/A][0;39m [1;36m[][0;39m [1;32mc.alibaba.druid.filter.stat.StatFilter  [0;39m [1;35m(StatFilter.java:518)[0;39m 
 slow sql 307 millis. DELETE FROM QRTZ_TRIGGERS WHERE SCHED_NAME = 'schedulerName' AND TRIGGER_NAME = ? AND TRIGGER_GROUP = ? ["auDataUpdateParamsJob","DEFAULT"]
2026-06-07 15:24:53.844 | [1;31mERROR 1721739[0;39m | [1;33mmain [TID: N/A][0;39m [1;36m[][0;39m [1;32mc.alibaba.druid.filter.stat.StatFilter  [0;39m [1;35m(StatFilter.java:518)[0;39m 
 slow sql 505 millis. DELETE FROM QRTZ_JOB_DETAILS WHERE SCHED_NAME = 'schedulerName' AND JOB_NAME = ? AND JOB_GROUP = ? ["auDataUpdateParamsJob","DEFAULT"]
2026-06-07 15:24:54.271 | [1;31mERROR 1721739[0;39m | [1;33mmain [TID: N/A][0;39m [1;36m[][0;39m [1;32mc.alibaba.druid.filter.stat.StatFilter  [0;39m [1;35m(StatFilter.java:518)[0;39m 
 slow sql 364 millis. INSERT INTO QRTZ_JOB_DETAILS (SCHED_NAME, JOB_NAME, JOB_GROUP, DESCRIPTION, JOB_CLASS_NAME, IS_DURABLE, IS_NONCONCURRENT, IS_UPDATE_DATA, REQUESTS_RECOVERY, JOB_DATA)  VALUES('schedulerName', ?, ?, ?, ?, ?, ?, ?, ?, ?) ["auDataUpdateParamsJob","DEFAULT",null,"com.douyouqu.dyq.framework.quartz.core.handler.JobHandlerInvoker",false,true,true,false,"<[B>"]
2026-06-07 15:24:54.594 | [1;31mERROR 1721739[0;39m | [1;33mmain [TID: N/A][0;39m [1;36m[][0;39m [1;32mc.alibaba.druid.filter.stat.StatFilter  [0;39m [1;35m(StatFilter.java:518)[0;39m 
 slow sql 280 millis. INSERT INTO QRTZ_TRIGGERS (SCHED_NAME, TRIGGER_NAME, TRIGGER_GROUP, JOB_NAME, JOB_GROUP, DESCRIPTION, NEXT_FIRE_TIME, PREV_FIRE_TIME, TRIGGER_STATE, TRIGGER_TYPE, START_TIME, END_TIME, CALENDAR_NAME, MISFIRE_INSTR, JOB_DATA, PRIORITY)  VALUES('schedulerName', ?, ?, ?, ?, ?, ?, ?, ?, ?, ?, ?, ?, ?, ?, ?) ["auDataUpdateParamsJob","DEFAULT","auDataUpdateParamsJob","DEFAULT",null,1780817095000,-1,"WAITING","CRON",1780817093000,0,null,0,"<[B>",5]
2026-06-07 15:24:55.285 | [1;31mERROR 1721739[0;39m | [1;33mmain [TID: N/A][0;39m [1;36m[][0;39m [1;32mc.alibaba.druid.filter.stat.StatFilter  [0;39m [1;35m(StatFilter.java:518)[0;39m 
 slow sql 690 millis. INSERT INTO QRTZ_CRON_TRIGGERS (SCHED_NAME, TRIGGER_NAME, TRIGGER_GROUP, CRON_EXPRESSION, TIME_ZONE_ID)  VALUES('schedulerName', ?, ?, ?, ?) ["auDataUpdateParamsJob","DEFAULT","0/5 * * ? * *","Asia/Shanghai"]
2026-06-07 15:24:55.633 | [1;31mERROR 1721739[0;39m | [1;33mmain [TID: N/A][0;39m [1;36m[][0;39m [1;32mc.alibaba.druid.filter.stat.StatFilter  [0;39m [1;35m(StatFilter.java:518)[0;39m 
 slow sql 295 millis. UPDATE QRTZ_TRIGGERS SET TRIGGER_STATE = ? WHERE SCHED_NAME = 'schedulerName' AND TRIGGER_NAME = ? AND TRIGGER_GROUP = ? ["PAUSED","auDataUpdateParamsJob","DEFAULT"]
2026-06-07 15:24:55.633 | [34m INFO 1721739[0;39m | [1;33mmain [TID: N/A][0;39m [1;36m[][0;39m [1;32mc.d.d.m.i.service.job.JobServiceImpl    [0;39m [1;35m(JobServiceImpl.java:185)[0;39m 
 
[syncJob][id(1931980882910265346) handlerName(auDataUpdateParamsJob) 同步完成]
2026-06-07 15:24:56.116 | [1;31mERROR 1721739[0;39m | [1;33mmain [TID: N/A][0;39m [1;36m[][0;39m [1;32mc.alibaba.druid.filter.stat.StatFilter  [0;39m [1;35m(StatFilter.java:518)[0;39m 
 slow sql 430 millis. DELETE FROM QRTZ_CRON_TRIGGERS WHERE SCHED_NAME = 'schedulerName' AND TRIGGER_NAME = ? AND TRIGGER_GROUP = ? ["jackyunPushPriceJob","DEFAULT"]
2026-06-07 15:24:56.468 | [1;31mERROR 1721739[0;39m | [1;33mmain [TID: N/A][0;39m [1;36m[][0;39m [1;32mc.alibaba.druid.filter.stat.StatFilter  [0;39m [1;35m(StatFilter.java:518)[0;39m 
 slow sql 351 millis. DELETE FROM QRTZ_TRIGGERS WHERE SCHED_NAME = 'schedulerName' AND TRIGGER_NAME = ? AND TRIGGER_GROUP = ? ["jackyunPushPriceJob","DEFAULT"]
2026-06-07 15:24:56.883 | [1;31mERROR 1721739[0;39m | [1;33mmain [TID: N/A][0;39m [1;36m[][0;39m [1;32mc.alibaba.druid.filter.stat.StatFilter  [0;39m [1;35m(StatFilter.java:518)[0;39m 
 slow sql 402 millis. DELETE FROM QRTZ_JOB_DETAILS WHERE SCHED_NAME = 'schedulerName' AND JOB_NAME = ? AND JOB_GROUP = ? ["jackyunPushPriceJob","DEFAULT"]
2026-06-07 15:24:57.151 | [1;31mERROR 1721739[0;39m | [1;33mmain [TID: N/A][0;39m [1;36m[][0;39m [1;32mc.alibaba.druid.filter.stat.StatFilter  [0;39m [1;35m(StatFilter.java:518)[0;39m 
 slow sql 206 millis. INSERT INTO QRTZ_JOB_DETAILS (SCHED_NAME, JOB_NAME, JOB_GROUP, DESCRIPTION, JOB_CLASS_NAME, IS_DURABLE, IS_NONCONCURRENT, IS_UPDATE_DATA, REQUESTS_RECOVERY, JOB_DATA)  VALUES('schedulerName', ?, ?, ?, ?, ?, ?, ?, ?, ?) ["jackyunPushPriceJob","DEFAULT",null,"com.douyouqu.dyq.framework.quartz.core.handler.JobHandlerInvoker",false,true,true,false,"<[B>"]
2026-06-07 15:24:57.352 | [1;31mERROR 1721739[0;39m | [1;33mmain [TID: N/A][0;39m [1;36m[][0;39m [1;32mc.alibaba.druid.filter.stat.StatFilter  [0;39m [1;35m(StatFilter.java:518)[0;39m 
 slow sql 158 millis. INSERT INTO QRTZ_TRIGGERS (SCHED_NAME, TRIGGER_NAME, TRIGGER_GROUP, JOB_NAME, JOB_GROUP, DESCRIPTION, NEXT_FIRE_TIME, PREV_FIRE_TIME, TRIGGER_STATE, TRIGGER_TYPE, START_TIME, END_TIME, CALENDAR_NAME, MISFIRE_INSTR, JOB_DATA, PRIORITY)  VALUES('schedulerName', ?, ?, ?, ?, ?, ?, ?, ?, ?, ?, ?, ?, ?, ?, ?) ["jackyunPushPriceJob","DEFAULT","jackyunPushPriceJob","DEFAULT",null,1780819200000,-1,"WAITING","CRON",1780817096000,0,null,0,"<[B>",5]
2026-06-07 15:24:57.551 | [1;31mERROR 1721739[0;39m | [1;33mmain [TID: N/A][0;39m [1;36m[][0;39m [1;32mc.alibaba.druid.filter.stat.StatFilter  [0;39m [1;35m(StatFilter.java:518)[0;39m 
 slow sql 199 millis. INSERT INTO QRTZ_CRON_TRIGGERS (SCHED_NAME, TRIGGER_NAME, TRIGGER_GROUP, CRON_EXPRESSION, TIME_ZONE_ID)  VALUES('schedulerName', ?, ?, ?, ?) ["jackyunPushPriceJob","DEFAULT","0 0 * * * ?","Asia/Shanghai"]
2026-06-07 15:24:57.835 | [1;31mERROR 1721739[0;39m | [1;33mmain [TID: N/A][0;39m [1;36m[][0;39m [1;32mc.alibaba.druid.filter.stat.StatFilter  [0;39m [1;35m(StatFilter.java:518)[0;39m 
 slow sql 231 millis. UPDATE QRTZ_TRIGGERS SET TRIGGER_STATE = ? WHERE SCHED_NAME = 'schedulerName' AND TRIGGER_NAME = ? AND TRIGGER_GROUP = ? ["PAUSED","jackyunPushPriceJob","DEFAULT"]
2026-06-07 15:24:57.835 | [34m INFO 1721739[0;39m | [1;33mmain [TID: N/A][0;39m [1;36m[][0;39m [1;32mc.d.d.m.i.service.job.JobServiceImpl    [0;39m [1;35m(JobServiceImpl.java:185)[0;39m 
 
[syncJob][id(1931981154478866433) handlerName(jackyunPushPriceJob) 同步完成]
2026-06-07 15:24:58.051 | [1;31mERROR 1721739[0;39m | [1;33mmain [TID: N/A][0;39m [1;36m[][0;39m [1;32mc.alibaba.druid.filter.stat.StatFilter  [0;39m [1;35m(StatFilter.java:518)[0;39m 
 slow sql 163 millis. DELETE FROM QRTZ_CRON_TRIGGERS WHERE SCHED_NAME = 'schedulerName' AND TRIGGER_NAME = ? AND TRIGGER_GROUP = ? ["jackyunStrategy","DEFAULT"]
2026-06-07 15:24:58.260 | [1;31mERROR 1721739[0;39m | [1;33mmain [TID: N/A][0;39m [1;36m[][0;39m [1;32mc.alibaba.druid.filter.stat.StatFilter  [0;39m [1;35m(StatFilter.java:518)[0;39m 
 slow sql 207 millis. DELETE FROM QRTZ_TRIGGERS WHERE SCHED_NAME = 'schedulerName' AND TRIGGER_NAME = ? AND TRIGGER_GROUP = ? ["jackyunStrategy","DEFAULT"]
2026-06-07 15:24:58.507 | [1;31mERROR 1721739[0;39m | [1;33mmain [TID: N/A][0;39m [1;36m[][0;39m [1;32mc.alibaba.druid.filter.stat.StatFilter  [0;39m [1;35m(StatFilter.java:518)[0;39m 
 slow sql 236 millis. DELETE FROM QRTZ_JOB_DETAILS WHERE SCHED_NAME = 'schedulerName' AND JOB_NAME = ? AND JOB_GROUP = ? ["jackyunStrategy","DEFAULT"]
2026-06-07 15:24:58.801 | [1;31mERROR 1721739[0;39m | [1;33mmain [TID: N/A][0;39m [1;36m[][0;39m [1;32mc.alibaba.druid.filter.stat.StatFilter  [0;39m [1;35m(StatFilter.java:518)[0;39m 
 slow sql 230 millis. INSERT INTO QRTZ_JOB_DETAILS (SCHED_NAME, JOB_NAME, JOB_GROUP, DESCRIPTION, JOB_CLASS_NAME, IS_DURABLE, IS_NONCONCURRENT, IS_UPDATE_DATA, REQUESTS_RECOVERY, JOB_DATA)  VALUES('schedulerName', ?, ?, ?, ?, ?, ?, ?, ?, ?) ["jackyunStrategy","DEFAULT",null,"com.douyouqu.dyq.framework.quartz.core.handler.JobHandlerInvoker",false,true,true,false,"<[B>"]
2026-06-07 15:24:59.021 | [1;31mERROR 1721739[0;39m | [1;33mmain [TID: N/A][0;39m [1;36m[][0;39m [1;32mc.alibaba.druid.filter.stat.StatFilter  [0;39m [1;35m(StatFilter.java:518)[0;39m 
 slow sql 178 millis. INSERT INTO QRTZ_TRIGGERS (SCHED_NAME, TRIGGER_NAME, TRIGGER_GROUP, JOB_NAME, JOB_GROUP, DESCRIPTION, NEXT_FIRE_TIME, PREV_FIRE_TIME, TRIGGER_STATE, TRIGGER_TYPE, START_TIME, END_TIME, CALENDAR_NAME, MISFIRE_INSTR, JOB_DATA, PRIORITY)  VALUES('schedulerName', ?, ?, ?, ?, ?, ?, ?, ?, ?, ?, ?, ?, ?, ?, ?) ["jackyunStrategy","DEFAULT","jackyunStrategy","DEFAULT",null,1780817100000,-1,"WAITING","CRON",1780817098000,0,null,0,"<[B>",5]
2026-06-07 15:24:59.287 | [1;31mERROR 1721739[0;39m | [1;33mmain [TID: N/A][0;39m [1;36m[][0;39m [1;32mc.alibaba.druid.filter.stat.StatFilter  [0;39m [1;35m(StatFilter.java:518)[0;39m 
 slow sql 266 millis. INSERT INTO QRTZ_CRON_TRIGGERS (SCHED_NAME, TRIGGER_NAME, TRIGGER_GROUP, CRON_EXPRESSION, TIME_ZONE_ID)  VALUES('schedulerName', ?, ?, ?, ?) ["jackyunStrategy","DEFAULT","0/11 * * * * ?","Asia/Shanghai"]
2026-06-07 15:24:59.543 | [1;31mERROR 1721739[0;39m | [1;33mmain [TID: N/A][0;39m [1;36m[][0;39m [1;32mc.alibaba.druid.filter.stat.StatFilter  [0;39m [1;35m(StatFilter.java:518)[0;39m 
 slow sql 201 millis. UPDATE QRTZ_TRIGGERS SET TRIGGER_STATE = ? WHERE SCHED_NAME = 'schedulerName' AND TRIGGER_NAME = ? AND TRIGGER_GROUP = ? ["PAUSED","jackyunStrategy","DEFAULT"]
2026-06-07 15:24:59.543 | [34m INFO 1721739[0;39m | [1;33mmain [TID: N/A][0;39m [1;36m[][0;39m [1;32mc.d.d.m.i.service.job.JobServiceImpl    [0;39m [1;35m(JobServiceImpl.java:185)[0;39m 
 
[syncJob][id(1931981411199631362) handlerName(jackyunStrategy) 同步完成]
2026-06-07 15:24:59.751 | [1;31mERROR 1721739[0;39m | [1;33mmain [TID: N/A][0;39m [1;36m[][0;39m [1;32mc.alibaba.druid.filter.stat.StatFilter  [0;39m [1;35m(StatFilter.java:518)[0;39m 
 slow sql 155 millis. DELETE FROM QRTZ_CRON_TRIGGERS WHERE SCHED_NAME = 'schedulerName' AND TRIGGER_NAME = ? AND TRIGGER_GROUP = ? ["jingYaBaojiaTaskJob","DEFAULT"]
2026-06-07 15:24:59.924 | [1;31mERROR 1721739[0;39m | [1;33mmain [TID: N/A][0;39m [1;36m[][0;39m [1;32mc.alibaba.druid.filter.stat.StatFilter  [0;39m [1;35m(StatFilter.java:518)[0;39m 
 slow sql 172 millis. DELETE FROM QRTZ_TRIGGERS WHERE SCHED_NAME = 'schedulerName' AND TRIGGER_NAME = ? AND TRIGGER_GROUP = ? ["jingYaBaojiaTaskJob","DEFAULT"]
2026-06-07 15:25:00.117 | [1;31mERROR 1721739[0;39m | [1;33mmain [TID: N/A][0;39m [1;36m[][0;39m [1;32mc.alibaba.druid.filter.stat.StatFilter  [0;39m [1;35m(StatFilter.java:518)[0;39m 
 slow sql 182 millis. DELETE FROM QRTZ_JOB_DETAILS WHERE SCHED_NAME = 'schedulerName' AND JOB_NAME = ? AND JOB_GROUP = ? ["jingYaBaojiaTaskJob","DEFAULT"]
2026-06-07 15:25:00.467 | [1;31mERROR 1721739[0;39m | [1;33mmain [TID: N/A][0;39m [1;36m[][0;39m [1;32mc.alibaba.druid.filter.stat.StatFilter  [0;39m [1;35m(StatFilter.java:518)[0;39m 
 slow sql 269 millis. INSERT INTO QRTZ_JOB_DETAILS (SCHED_NAME, JOB_NAME, JOB_GROUP, DESCRIPTION, JOB_CLASS_NAME, IS_DURABLE, IS_NONCONCURRENT, IS_UPDATE_DATA, REQUESTS_RECOVERY, JOB_DATA)  VALUES('schedulerName', ?, ?, ?, ?, ?, ?, ?, ?, ?) ["jingYaBaojiaTaskJob","DEFAULT",null,"com.douyouqu.dyq.framework.quartz.core.handler.JobHandlerInvoker",false,true,true,false,"<[B>"]
2026-06-07 15:25:00.676 | [1;31mERROR 1721739[0;39m | [1;33mmain [TID: N/A][0;39m [1;36m[][0;39m [1;32mc.alibaba.druid.filter.stat.StatFilter  [0;39m [1;35m(StatFilter.java:518)[0;39m 
 slow sql 151 millis. INSERT INTO QRTZ_TRIGGERS (SCHED_NAME, TRIGGER_NAME, TRIGGER_GROUP, JOB_NAME, JOB_GROUP, DESCRIPTION, NEXT_FIRE_TIME, PREV_FIRE_TIME, TRIGGER_STATE, TRIGGER_TYPE, START_TIME, END_TIME, CALENDAR_NAME, MISFIRE_INSTR, JOB_DATA, PRIORITY)  VALUES('schedulerName', ?, ?, ?, ?, ?, ?, ?, ?, ?, ?, ?, ?, ?, ?, ?) ["jingYaBaojiaTaskJob","DEFAULT","jingYaBaojiaTaskJob","DEFAULT",null,1780817100000,-1,"WAITING","CRON",1780817100000,0,null,0,"<[B>",5]
2026-06-07 15:25:00.892 | [1;31mERROR 1721739[0;39m | [1;33mmain [TID: N/A][0;39m [1;36m[][0;39m [1;32mc.alibaba.druid.filter.stat.StatFilter  [0;39m [1;35m(StatFilter.java:518)[0;39m 
 slow sql 216 millis. INSERT INTO QRTZ_CRON_TRIGGERS (SCHED_NAME, TRIGGER_NAME, TRIGGER_GROUP, CRON_EXPRESSION, TIME_ZONE_ID)  VALUES('schedulerName', ?, ?, ?, ?) ["jingYaBaojiaTaskJob","DEFAULT","0/10 * * * * ?","Asia/Shanghai"]
2026-06-07 15:25:01.159 | [1;31mERROR 1721739[0;39m | [1;33mmain [TID: N/A][0;39m [1;36m[][0;39m [1;32mc.alibaba.druid.filter.stat.StatFilter  [0;39m [1;35m(StatFilter.java:518)[0;39m 
 slow sql 213 millis. UPDATE QRTZ_TRIGGERS SET TRIGGER_STATE = ? WHERE SCHED_NAME = 'schedulerName' AND TRIGGER_NAME = ? AND TRIGGER_GROUP = ? ["PAUSED","jingYaBaojiaTaskJob","DEFAULT"]
2026-06-07 15:25:01.159 | [34m INFO 1721739[0;39m | [1;33mmain [TID: N/A][0;39m [1;36m[][0;39m [1;32mc.d.d.m.i.service.job.JobServiceImpl    [0;39m [1;35m(JobServiceImpl.java:185)[0;39m 
 
[syncJob][id(1931986416170319874) handlerName(jingYaBaojiaTaskJob) 同步完成]
2026-06-07 15:25:01.514 | [1;31mERROR 1721739[0;39m | [1;33mmain [TID: N/A][0;39m [1;36m[][0;39m [1;32mc.alibaba.druid.filter.stat.StatFilter  [0;39m [1;35m(StatFilter.java:518)[0;39m 
 slow sql 301 millis. DELETE FROM QRTZ_CRON_TRIGGERS WHERE SCHED_NAME = 'schedulerName' AND TRIGGER_NAME = ? AND TRIGGER_GROUP = ? ["jingYAStrategyShouSHIAUJob","DEFAULT"]
2026-06-07 15:25:01.825 | [1;31mERROR 1721739[0;39m | [1;33mmain [TID: N/A][0;39m [1;36m[][0;39m [1;32mc.alibaba.druid.filter.stat.StatFilter  [0;39m [1;35m(StatFilter.java:518)[0;39m 
 slow sql 311 millis. DELETE FROM QRTZ_TRIGGERS WHERE SCHED_NAME = 'schedulerName' AND TRIGGER_NAME = ? AND TRIGGER_GROUP = ? ["jingYAStrategyShouSHIAUJob","DEFAULT"]
2026-06-07 15:25:02.109 | [1;31mERROR 1721739[0;39m | [1;33mmain [TID: N/A][0;39m [1;36m[][0;39m [1;32mc.alibaba.druid.filter.stat.StatFilter  [0;39m [1;35m(StatFilter.java:518)[0;39m 
 slow sql 264 millis. DELETE FROM QRTZ_JOB_DETAILS WHERE SCHED_NAME = 'schedulerName' AND JOB_NAME = ? AND JOB_GROUP = ? ["jingYAStrategyShouSHIAUJob","DEFAULT"]
2026-06-07 15:25:02.418 | [1;31mERROR 1721739[0;39m | [1;33mmain [TID: N/A][0;39m [1;36m[][0;39m [1;32mc.alibaba.druid.filter.stat.StatFilter  [0;39m [1;35m(StatFilter.java:518)[0;39m 
 slow sql 245 millis. INSERT INTO QRTZ_JOB_DETAILS (SCHED_NAME, JOB_NAME, JOB_GROUP, DESCRIPTION, JOB_CLASS_NAME, IS_DURABLE, IS_NONCONCURRENT, IS_UPDATE_DATA, REQUESTS_RECOVERY, JOB_DATA)  VALUES('schedulerName', ?, ?, ?, ?, ?, ?, ?, ?, ?) ["jingYAStrategyShouSHIAUJob","DEFAULT",null,"com.douyouqu.dyq.framework.quartz.core.handler.JobHandlerInvoker",false,true,true,false,"<[B>"]
2026-06-07 15:25:02.675 | [1;31mERROR 1721739[0;39m | [1;33mmain [TID: N/A][0;39m [1;36m[][0;39m [1;32mc.alibaba.druid.filter.stat.StatFilter  [0;39m [1;35m(StatFilter.java:518)[0;39m 
 slow sql 215 millis. INSERT INTO QRTZ_TRIGGERS (SCHED_NAME, TRIGGER_NAME, TRIGGER_GROUP, JOB_NAME, JOB_GROUP, DESCRIPTION, NEXT_FIRE_TIME, PREV_FIRE_TIME, TRIGGER_STATE, TRIGGER_TYPE, START_TIME, END_TIME, CALENDAR_NAME, MISFIRE_INSTR, JOB_DATA, PRIORITY)  VALUES('schedulerName', ?, ?, ?, ?, ?, ?, ?, ?, ?, ?, ?, ?, ?, ?, ?) ["jingYAStrategyShouSHIAUJob","DEFAULT","jingYAStrategyShouSHIAUJob","DEFAULT",null,1780817130000,-1,"WAITING","CRON",1780817102000,0,null,0,"<[B>",5]
2026-06-07 15:25:02.894 | [1;31mERROR 1721739[0;39m | [1;33mmain [TID: N/A][0;39m [1;36m[][0;39m [1;32mc.alibaba.druid.filter.stat.StatFilter  [0;39m [1;35m(StatFilter.java:518)[0;39m 
 slow sql 217 millis. INSERT INTO QRTZ_CRON_TRIGGERS (SCHED_NAME, TRIGGER_NAME, TRIGGER_GROUP, CRON_EXPRESSION, TIME_ZONE_ID)  VALUES('schedulerName', ?, ?, ?, ?) ["jingYAStrategyShouSHIAUJob","DEFAULT","0/30 * * * * ?","Asia/Shanghai"]
2026-06-07 15:25:03.184 | [1;31mERROR 1721739[0;39m | [1;33mmain [TID: N/A][0;39m [1;36m[][0;39m [1;32mc.alibaba.druid.filter.stat.StatFilter  [0;39m [1;35m(StatFilter.java:518)[0;39m 
 slow sql 238 millis. UPDATE QRTZ_TRIGGERS SET TRIGGER_STATE = ? WHERE SCHED_NAME = 'schedulerName' AND TRIGGER_NAME = ? AND TRIGGER_GROUP = ? ["PAUSED","jingYAStrategyShouSHIAUJob","DEFAULT"]
2026-06-07 15:25:03.184 | [34m INFO 1721739[0;39m | [1;33mmain [TID: N/A][0;39m [1;36m[][0;39m [1;32mc.d.d.m.i.service.job.JobServiceImpl    [0;39m [1;35m(JobServiceImpl.java:185)[0;39m 
 
[syncJob][id(1931987059320778753) handlerName(jingYAStrategyShouSHIAUJob) 同步完成]
2026-06-07 15:25:03.593 | [1;31mERROR 1721739[0;39m | [1;33mmain [TID: N/A][0;39m [1;36m[][0;39m [1;32mc.alibaba.druid.filter.stat.StatFilter  [0;39m [1;35m(StatFilter.java:518)[0;39m 
 slow sql 356 millis. DELETE FROM QRTZ_CRON_TRIGGERS WHERE SCHED_NAME = 'schedulerName' AND TRIGGER_NAME = ? AND TRIGGER_GROUP = ? ["merchantBaojiaJob","DEFAULT"]
2026-06-07 15:25:03.752 | [1;31mERROR 1721739[0;39m | [1;33mmain [TID: N/A][0;39m [1;36m[][0;39m [1;32mc.alibaba.druid.filter.stat.StatFilter  [0;39m [1;35m(StatFilter.java:518)[0;39m 
 slow sql 158 millis. DELETE FROM QRTZ_TRIGGERS WHERE SCHED_NAME = 'schedulerName' AND TRIGGER_NAME = ? AND TRIGGER_GROUP = ? ["merchantBaojiaJob","DEFAULT"]
2026-06-07 15:25:04.010 | [1;31mERROR 1721739[0;39m | [1;33mmain [TID: N/A][0;39m [1;36m[][0;39m [1;32mc.alibaba.druid.filter.stat.StatFilter  [0;39m [1;35m(StatFilter.java:518)[0;39m 
 slow sql 245 millis. DELETE FROM QRTZ_JOB_DETAILS WHERE SCHED_NAME = 'schedulerName' AND JOB_NAME = ? AND JOB_GROUP = ? ["merchantBaojiaJob","DEFAULT"]
2026-06-07 15:25:04.311 | [1;31mERROR 1721739[0;39m | [1;33mmain [TID: N/A][0;39m [1;36m[][0;39m [1;32mc.alibaba.druid.filter.stat.StatFilter  [0;39m [1;35m(StatFilter.java:518)[0;39m 
 slow sql 236 millis. INSERT INTO QRTZ_JOB_DETAILS (SCHED_NAME, JOB_NAME, JOB_GROUP, DESCRIPTION, JOB_CLASS_NAME, IS_DURABLE, IS_NONCONCURRENT, IS_UPDATE_DATA, REQUESTS_RECOVERY, JOB_DATA)  VALUES('schedulerName', ?, ?, ?, ?, ?, ?, ?, ?, ?) ["merchantBaojiaJob","DEFAULT",null,"com.douyouqu.dyq.framework.quartz.core.handler.JobHandlerInvoker",false,true,true,false,"<[B>"]
2026-06-07 15:25:04.610 | [1;31mERROR 1721739[0;39m | [1;33mmain [TID: N/A][0;39m [1;36m[][0;39m [1;32mc.alibaba.druid.filter.stat.StatFilter  [0;39m [1;35m(StatFilter.java:518)[0;39m 
 slow sql 256 millis. INSERT INTO QRTZ_TRIGGERS (SCHED_NAME, TRIGGER_NAME, TRIGGER_GROUP, JOB_NAME, JOB_GROUP, DESCRIPTION, NEXT_FIRE_TIME, PREV_FIRE_TIME, TRIGGER_STATE, TRIGGER_TYPE, START_TIME, END_TIME, CALENDAR_NAME, MISFIRE_INSTR, JOB_DATA, PRIORITY)  VALUES('schedulerName', ?, ?, ?, ?, ?, ?, ?, ?, ?, ?, ?, ?, ?, ?, ?) ["merchantBaojiaJob","DEFAULT","merchantBaojiaJob","DEFAULT",null,1781312400000,-1,"WAITING","CRON",1780817104000,0,null,0,"<[B>",5]
2026-06-07 15:25:04.889 | [1;31mERROR 1721739[0;39m | [1;33mmain [TID: N/A][0;39m [1;36m[][0;39m [1;32mc.alibaba.druid.filter.stat.StatFilter  [0;39m [1;35m(StatFilter.java:518)[0;39m 
 slow sql 278 millis. INSERT INTO QRTZ_CRON_TRIGGERS (SCHED_NAME, TRIGGER_NAME, TRIGGER_GROUP, CRON_EXPRESSION, TIME_ZONE_ID)  VALUES('schedulerName', ?, ?, ?, ?) ["merchantBaojiaJob","DEFAULT","0 0 9 ? * 7","Asia/Shanghai"]
2026-06-07 15:25:05.166 | [1;31mERROR 1721739[0;39m | [1;33mmain [TID: N/A][0;39m [1;36m[][0;39m [1;32mc.alibaba.druid.filter.stat.StatFilter  [0;39m [1;35m(StatFilter.java:518)[0;39m 
 slow sql 224 millis. UPDATE QRTZ_TRIGGERS SET TRIGGER_STATE = ? WHERE SCHED_NAME = 'schedulerName' AND TRIGGER_NAME = ? AND TRIGGER_GROUP = ? ["PAUSED","merchantBaojiaJob","DEFAULT"]
2026-06-07 15:25:05.167 | [34m INFO 1721739[0;39m | [1;33mmain [TID: N/A][0;39m [1;36m[][0;39m [1;32mc.d.d.m.i.service.job.JobServiceImpl    [0;39m [1;35m(JobServiceImpl.java:185)[0;39m 
 
[syncJob][id(1931987253592551426) handlerName(merchantBaojiaJob) 同步完成]
2026-06-07 15:25:05.383 | [1;31mERROR 1721739[0;39m | [1;33mmain [TID: N/A][0;39m [1;36m[][0;39m [1;32mc.alibaba.druid.filter.stat.StatFilter  [0;39m [1;35m(StatFilter.java:518)[0;39m 
 slow sql 163 millis. DELETE FROM QRTZ_CRON_TRIGGERS WHERE SCHED_NAME = 'schedulerName' AND TRIGGER_NAME = ? AND TRIGGER_GROUP = ? ["jingYAStrategyTouZiAuJob","DEFAULT"]
2026-06-07 15:25:05.600 | [1;31mERROR 1721739[0;39m | [1;33mmain [TID: N/A][0;39m [1;36m[][0;39m [1;32mc.alibaba.druid.filter.stat.StatFilter  [0;39m [1;35m(StatFilter.java:518)[0;39m 
 slow sql 215 millis. DELETE FROM QRTZ_TRIGGERS WHERE SCHED_NAME = 'schedulerName' AND TRIGGER_NAME = ? AND TRIGGER_GROUP = ? ["jingYAStrategyTouZiAuJob","DEFAULT"]
2026-06-07 15:25:05.875 | [1;31mERROR 1721739[0;39m | [1;33mmain [TID: N/A][0;39m [1;36m[][0;39m [1;32mc.alibaba.druid.filter.stat.StatFilter  [0;39m [1;35m(StatFilter.java:518)[0;39m 
 slow sql 264 millis. DELETE FROM QRTZ_JOB_DETAILS WHERE SCHED_NAME = 'schedulerName' AND JOB_NAME = ? AND JOB_GROUP = ? ["jingYAStrategyTouZiAuJob","DEFAULT"]
2026-06-07 15:25:06.199 | [1;31mERROR 1721739[0;39m | [1;33mmain [TID: N/A][0;39m [1;36m[][0;39m [1;32mc.alibaba.druid.filter.stat.StatFilter  [0;39m [1;35m(StatFilter.java:518)[0;39m 
 slow sql 260 millis. INSERT INTO QRTZ_JOB_DETAILS (SCHED_NAME, JOB_NAME, JOB_GROUP, DESCRIPTION, JOB_CLASS_NAME, IS_DURABLE, IS_NONCONCURRENT, IS_UPDATE_DATA, REQUESTS_RECOVERY, JOB_DATA)  VALUES('schedulerName', ?, ?, ?, ?, ?, ?, ?, ?, ?) ["jingYAStrategyTouZiAuJob","DEFAULT",null,"com.douyouqu.dyq.framework.quartz.core.handler.JobHandlerInvoker",false,true,true,false,"<[B>"]
2026-06-07 15:25:06.499 | [1;31mERROR 1721739[0;39m | [1;33mmain [TID: N/A][0;39m [1;36m[][0;39m [1;32mc.alibaba.druid.filter.stat.StatFilter  [0;39m [1;35m(StatFilter.java:518)[0;39m 
 slow sql 254 millis. INSERT INTO QRTZ_TRIGGERS (SCHED_NAME, TRIGGER_NAME, TRIGGER_GROUP, JOB_NAME, JOB_GROUP, DESCRIPTION, NEXT_FIRE_TIME, PREV_FIRE_TIME, TRIGGER_STATE, TRIGGER_TYPE, START_TIME, END_TIME, CALENDAR_NAME, MISFIRE_INSTR, JOB_DATA, PRIORITY)  VALUES('schedulerName', ?, ?, ?, ?, ?, ?, ?, ?, ?, ?, ?, ?, ?, ?, ?) ["jingYAStrategyTouZiAuJob","DEFAULT","jingYAStrategyTouZiAuJob","DEFAULT",null,1780817160000,-1,"WAITING","CRON",1780817105000,0,null,0,"<[B>",5]
2026-06-07 15:25:06.641 | [1;31mERROR 1721739[0;39m | [1;33mmain [TID: N/A][0;39m [1;36m[][0;39m [1;32mc.alibaba.druid.filter.stat.StatFilter  [0;39m [1;35m(StatFilter.java:518)[0;39m 
 slow sql 141 millis. INSERT INTO QRTZ_CRON_TRIGGERS (SCHED_NAME, TRIGGER_NAME, TRIGGER_GROUP, CRON_EXPRESSION, TIME_ZONE_ID)  VALUES('schedulerName', ?, ?, ?, ?) ["jingYAStrategyTouZiAuJob","DEFAULT","0 * * * * ?","Asia/Shanghai"]
2026-06-07 15:25:06.983 | [1;31mERROR 1721739[0;39m | [1;33mmain [TID: N/A][0;39m [1;36m[][0;39m [1;32mc.alibaba.druid.filter.stat.StatFilter  [0;39m [1;35m(StatFilter.java:518)[0;39m 
 slow sql 289 millis. UPDATE QRTZ_TRIGGERS SET TRIGGER_STATE = ? WHERE SCHED_NAME = 'schedulerName' AND TRIGGER_NAME = ? AND TRIGGER_GROUP = ? ["PAUSED","jingYAStrategyTouZiAuJob","DEFAULT"]
2026-06-07 15:25:06.984 | [34m INFO 1721739[0;39m | [1;33mmain [TID: N/A][0;39m [1;36m[][0;39m [1;32mc.d.d.m.i.service.job.JobServiceImpl    [0;39m [1;35m(JobServiceImpl.java:185)[0;39m 
 
[syncJob][id(1933012578828500994) handlerName(jingYAStrategyTouZiAuJob) 同步完成]
2026-06-07 15:25:07.254 | [1;31mERROR 1721739[0;39m | [1;33mmain [TID: N/A][0;39m [1;36m[][0;39m [1;32mc.alibaba.druid.filter.stat.StatFilter  [0;39m [1;35m(StatFilter.java:518)[0;39m 
 slow sql 218 millis. DELETE FROM QRTZ_CRON_TRIGGERS WHERE SCHED_NAME = 'schedulerName' AND TRIGGER_NAME = ? AND TRIGGER_GROUP = ? ["priceParameterUpdateJob","DEFAULT"]
2026-06-07 15:25:07.499 | [1;31mERROR 1721739[0;39m | [1;33mmain [TID: N/A][0;39m [1;36m[][0;39m [1;32mc.alibaba.druid.filter.stat.StatFilter  [0;39m [1;35m(StatFilter.java:518)[0;39m 
 slow sql 244 millis. DELETE FROM QRTZ_TRIGGERS WHERE SCHED_NAME = 'schedulerName' AND TRIGGER_NAME = ? AND TRIGGER_GROUP = ? ["priceParameterUpdateJob","DEFAULT"]
2026-06-07 15:25:07.641 | [1;31mERROR 1721739[0;39m | [1;33mmain [TID: N/A][0;39m [1;36m[][0;39m [1;32mc.alibaba.druid.filter.stat.StatFilter  [0;39m [1;35m(StatFilter.java:518)[0;39m 
 slow sql 130 millis. DELETE FROM QRTZ_JOB_DETAILS WHERE SCHED_NAME = 'schedulerName' AND JOB_NAME = ? AND JOB_GROUP = ? ["priceParameterUpdateJob","DEFAULT"]
2026-06-07 15:25:07.883 | [1;31mERROR 1721739[0;39m | [1;33mmain [TID: N/A][0;39m [1;36m[][0;39m [1;32mc.alibaba.druid.filter.stat.StatFilter  [0;39m [1;35m(StatFilter.java:518)[0;39m 
 slow sql 178 millis. INSERT INTO QRTZ_JOB_DETAILS (SCHED_NAME, JOB_NAME, JOB_GROUP, DESCRIPTION, JOB_CLASS_NAME, IS_DURABLE, IS_NONCONCURRENT, IS_UPDATE_DATA, REQUESTS_RECOVERY, JOB_DATA)  VALUES('schedulerName', ?, ?, ?, ?, ?, ?, ?, ?, ?) ["priceParameterUpdateJob","DEFAULT",null,"com.douyouqu.dyq.framework.quartz.core.handler.JobHandlerInvoker",false,true,true,false,"<[B>"]
2026-06-07 15:25:08.208 | [1;31mERROR 1721739[0;39m | [1;33mmain [TID: N/A][0;39m [1;36m[][0;39m [1;32mc.alibaba.druid.filter.stat.StatFilter  [0;39m [1;35m(StatFilter.java:518)[0;39m 
 slow sql 281 millis. INSERT INTO QRTZ_TRIGGERS (SCHED_NAME, TRIGGER_NAME, TRIGGER_GROUP, JOB_NAME, JOB_GROUP, DESCRIPTION, NEXT_FIRE_TIME, PREV_FIRE_TIME, TRIGGER_STATE, TRIGGER_TYPE, START_TIME, END_TIME, CALENDAR_NAME, MISFIRE_INSTR, JOB_DATA, PRIORITY)  VALUES('schedulerName', ?, ?, ?, ?, ?, ?, ?, ?, ?, ?, ?, ?, ?, ?, ?) ["priceParameterUpdateJob","DEFAULT","priceParameterUpdateJob","DEFAULT",null,1780817108000,-1,"WAITING","CRON",1780817107000,0,null,0,"<[B>",5]
2026-06-07 15:25:08.466 | [1;31mERROR 1721739[0;39m | [1;33mmain [TID: N/A][0;39m [1;36m[][0;39m [1;32mc.alibaba.druid.filter.stat.StatFilter  [0;39m [1;35m(StatFilter.java:518)[0;39m 
 slow sql 257 millis. INSERT INTO QRTZ_CRON_TRIGGERS (SCHED_NAME, TRIGGER_NAME, TRIGGER_GROUP, CRON_EXPRESSION, TIME_ZONE_ID)  VALUES('schedulerName', ?, ?, ?, ?) ["priceParameterUpdateJob","DEFAULT","0/8 * * * * ?","Asia/Shanghai"]
2026-06-07 15:25:08.807 | [1;31mERROR 1721739[0;39m | [1;33mmain [TID: N/A][0;39m [1;36m[][0;39m [1;32mc.alibaba.druid.filter.stat.StatFilter  [0;39m [1;35m(StatFilter.java:518)[0;39m 
 slow sql 287 millis. UPDATE QRTZ_TRIGGERS SET TRIGGER_STATE = ? WHERE SCHED_NAME = 'schedulerName' AND TRIGGER_NAME = ? AND TRIGGER_GROUP = ? ["PAUSED","priceParameterUpdateJob","DEFAULT"]
2026-06-07 15:25:08.808 | [34m INFO 1721739[0;39m | [1;33mmain [TID: N/A][0;39m [1;36m[][0;39m [1;32mc.d.d.m.i.service.job.JobServiceImpl    [0;39m [1;35m(JobServiceImpl.java:185)[0;39m 
 
[syncJob][id(1942512957717401601) handlerName(priceParameterUpdateJob) 同步完成]
2026-06-07 15:25:09.083 | [1;31mERROR 1721739[0;39m | [1;33mmain [TID: N/A][0;39m [1;36m[][0;39m [1;32mc.alibaba.druid.filter.stat.StatFilter  [0;39m [1;35m(StatFilter.java:518)[0;39m 
 slow sql 221 millis. DELETE FROM QRTZ_CRON_TRIGGERS WHERE SCHED_NAME = 'schedulerName' AND TRIGGER_NAME = ? AND TRIGGER_GROUP = ? ["aigcSubTaskTimeoutJob","DEFAULT"]
2026-06-07 15:25:09.241 | [1;31mERROR 1721739[0;39m | [1;33mmain [TID: N/A][0;39m [1;36m[][0;39m [1;32mc.alibaba.druid.filter.stat.StatFilter  [0;39m [1;35m(StatFilter.java:518)[0;39m 
 slow sql 157 millis. DELETE FROM QRTZ_TRIGGERS WHERE SCHED_NAME = 'schedulerName' AND TRIGGER_NAME = ? AND TRIGGER_GROUP = ? ["aigcSubTaskTimeoutJob","DEFAULT"]
2026-06-07 15:25:09.482 | [1;31mERROR 1721739[0;39m | [1;33mmain [TID: N/A][0;39m [1;36m[][0;39m [1;32mc.alibaba.druid.filter.stat.StatFilter  [0;39m [1;35m(StatFilter.java:518)[0;39m 
 slow sql 230 millis. DELETE FROM QRTZ_JOB_DETAILS WHERE SCHED_NAME = 'schedulerName' AND JOB_NAME = ? AND JOB_GROUP = ? ["aigcSubTaskTimeoutJob","DEFAULT"]
2026-06-07 15:25:09.749 | [1;31mERROR 1721739[0;39m | [1;33mmain [TID: N/A][0;39m [1;36m[][0;39m [1;32mc.alibaba.druid.filter.stat.StatFilter  [0;39m [1;35m(StatFilter.java:518)[0;39m 
 slow sql 202 millis. INSERT INTO QRTZ_JOB_DETAILS (SCHED_NAME, JOB_NAME, JOB_GROUP, DESCRIPTION, JOB_CLASS_NAME, IS_DURABLE, IS_NONCONCURRENT, IS_UPDATE_DATA, REQUESTS_RECOVERY, JOB_DATA)  VALUES('schedulerName', ?, ?, ?, ?, ?, ?, ?, ?, ?) ["aigcSubTaskTimeoutJob","DEFAULT",null,"com.douyouqu.dyq.framework.quartz.core.handler.JobHandlerInvoker",false,true,true,false,"<[B>"]
2026-06-07 15:25:09.971 | [1;31mERROR 1721739[0;39m | [1;33mmain [TID: N/A][0;39m [1;36m[][0;39m [1;32mc.alibaba.druid.filter.stat.StatFilter  [0;39m [1;35m(StatFilter.java:518)[0;39m 
 slow sql 178 millis. INSERT INTO QRTZ_TRIGGERS (SCHED_NAME, TRIGGER_NAME, TRIGGER_GROUP, JOB_NAME, JOB_GROUP, DESCRIPTION, NEXT_FIRE_TIME, PREV_FIRE_TIME, TRIGGER_STATE, TRIGGER_TYPE, START_TIME, END_TIME, CALENDAR_NAME, MISFIRE_INSTR, JOB_DATA, PRIORITY)  VALUES('schedulerName', ?, ?, ?, ?, ?, ?, ?, ?, ?, ?, ?, ?, ?, ?, ?) ["aigcSubTaskTimeoutJob","DEFAULT","aigcSubTaskTimeoutJob","DEFAULT",null,1780817400000,-1,"WAITING","CRON",1780817109000,0,null,0,"<[B>",5]
2026-06-07 15:25:10.182 | [1;31mERROR 1721739[0;39m | [1;33mmain [TID: N/A][0;39m [1;36m[][0;39m [1;32mc.alibaba.druid.filter.stat.StatFilter  [0;39m [1;35m(StatFilter.java:518)[0;39m 
 slow sql 210 millis. INSERT INTO QRTZ_CRON_TRIGGERS (SCHED_NAME, TRIGGER_NAME, TRIGGER_GROUP, CRON_EXPRESSION, TIME_ZONE_ID)  VALUES('schedulerName', ?, ?, ?, ?) ["aigcSubTaskTimeoutJob","DEFAULT","0 */5 * * * ?","Asia/Shanghai"]
2026-06-07 15:25:10.183 | [34m INFO 1721739[0;39m | [1;33mmain [TID: N/A][0;39m [1;36m[][0;39m [1;32mc.d.d.m.i.service.job.JobServiceImpl    [0;39m [1;35m(JobServiceImpl.java:185)[0;39m 
 
[syncJob][id(2031999566420729857) handlerName(aigcSubTaskTimeoutJob) 同步完成]
2026-06-07 15:25:10.593 | [1;31mERROR 1721739[0;39m | [1;33mmain [TID: N/A][0;39m [1;36m[][0;39m [1;32mc.alibaba.druid.filter.stat.StatFilter  [0;39m [1;35m(StatFilter.java:518)[0;39m 
 slow sql 388 millis. UPDATE QRTZ_TRIGGERS SET TRIGGER_STATE = ? WHERE SCHED_NAME = 'schedulerName' AND TRIGGER_NAME = ? AND TRIGGER_GROUP = ? ["PAUSED","cloudphoneRecurringTaskScanJob","DEFAULT"]
2026-06-07 15:25:10.855 | [1;31mERROR 1721739[0;39m | [1;33mmain [TID: N/A][0;39m [1;36m[][0;39m [1;32mc.alibaba.druid.filter.stat.StatFilter  [0;39m [1;35m(StatFilter.java:518)[0;39m 
 slow sql 229 millis. DELETE FROM QRTZ_CRON_TRIGGERS WHERE SCHED_NAME = 'schedulerName' AND TRIGGER_NAME = ? AND TRIGGER_GROUP = ? ["cloudphoneRecurringTaskScanJob","DEFAULT"]
2026-06-07 15:25:11.082 | [1;31mERROR 1721739[0;39m | [1;33mmain [TID: N/A][0;39m [1;36m[][0;39m [1;32mc.alibaba.druid.filter.stat.StatFilter  [0;39m [1;35m(StatFilter.java:518)[0;39m 
 slow sql 226 millis. DELETE FROM QRTZ_TRIGGERS WHERE SCHED_NAME = 'schedulerName' AND TRIGGER_NAME = ? AND TRIGGER_GROUP = ? ["cloudphoneRecurringTaskScanJob","DEFAULT"]
2026-06-07 15:25:11.441 | [1;31mERROR 1721739[0;39m | [1;33mmain [TID: N/A][0;39m [1;36m[][0;39m [1;32mc.alibaba.druid.filter.stat.StatFilter  [0;39m [1;35m(StatFilter.java:518)[0;39m 
 slow sql 347 millis. DELETE FROM QRTZ_JOB_DETAILS WHERE SCHED_NAME = 'schedulerName' AND JOB_NAME = ? AND JOB_GROUP = ? ["cloudphoneRecurringTaskScanJob","DEFAULT"]
2026-06-07 15:25:11.855 | [1;31mERROR 1721739[0;39m | [1;33mmain [TID: N/A][0;39m [1;36m[][0;39m [1;32mc.alibaba.druid.filter.stat.StatFilter  [0;39m [1;35m(StatFilter.java:518)[0;39m 
 slow sql 350 millis. INSERT INTO QRTZ_JOB_DETAILS (SCHED_NAME, JOB_NAME, JOB_GROUP, DESCRIPTION, JOB_CLASS_NAME, IS_DURABLE, IS_NONCONCURRENT, IS_UPDATE_DATA, REQUESTS_RECOVERY, JOB_DATA)  VALUES('schedulerName', ?, ?, ?, ?, ?, ?, ?, ?, ?) ["cloudphoneRecurringTaskScanJob","DEFAULT",null,"com.douyouqu.dyq.framework.quartz.core.handler.JobHandlerInvoker",false,true,true,false,"<[B>"]
2026-06-07 15:25:12.097 | [1;31mERROR 1721739[0;39m | [1;33mmain [TID: N/A][0;39m [1;36m[][0;39m [1;32mc.alibaba.druid.filter.stat.StatFilter  [0;39m [1;35m(StatFilter.java:518)[0;39m 
 slow sql 199 millis. INSERT INTO QRTZ_TRIGGERS (SCHED_NAME, TRIGGER_NAME, TRIGGER_GROUP, JOB_NAME, JOB_GROUP, DESCRIPTION, NEXT_FIRE_TIME, PREV_FIRE_TIME, TRIGGER_STATE, TRIGGER_TYPE, START_TIME, END_TIME, CALENDAR_NAME, MISFIRE_INSTR, JOB_DATA, PRIORITY)  VALUES('schedulerName', ?, ?, ?, ?, ?, ?, ?, ?, ?, ?, ?, ?, ?, ?, ?) ["cloudphoneRecurringTaskScanJob","DEFAULT","cloudphoneRecurringTaskScanJob","DEFAULT",null,1780817400000,-1,"WAITING","CRON",1780817111000,0,null,0,"<[B>",5]
2026-06-07 15:25:12.317 | [1;31mERROR 1721739[0;39m | [1;33mmain [TID: N/A][0;39m [1;36m[][0;39m [1;32mc.alibaba.druid.filter.stat.StatFilter  [0;39m [1;35m(StatFilter.java:518)[0;39m 
 slow sql 219 millis. INSERT INTO QRTZ_CRON_TRIGGERS (SCHED_NAME, TRIGGER_NAME, TRIGGER_GROUP, CRON_EXPRESSION, TIME_ZONE_ID)  VALUES('schedulerName', ?, ?, ?, ?) ["cloudphoneRecurringTaskScanJob","DEFAULT"," 0 */5 * * * ?","Asia/Shanghai"]
2026-06-07 15:25:12.318 | [34m INFO 1721739[0;39m | [1;33mmain [TID: N/A][0;39m [1;36m[][0;39m [1;32mc.d.d.m.i.service.job.JobServiceImpl    [0;39m [1;35m(JobServiceImpl.java:185)[0;39m 
 
[syncJob][id(2037062843823579138) handlerName(cloudphoneRecurringTaskScanJob) 同步完成]
2026-06-07 15:25:12.590 | [1;31mERROR 1721739[0;39m | [1;33mmain [TID: N/A][0;39m [1;36m[][0;39m [1;32mc.alibaba.druid.filter.stat.StatFilter  [0;39m [1;35m(StatFilter.java:518)[0;39m 
 slow sql 250 millis. UPDATE QRTZ_TRIGGERS SET TRIGGER_STATE = ? WHERE SCHED_NAME = 'schedulerName' AND TRIGGER_NAME = ? AND TRIGGER_GROUP = ? ["PAUSED","muxiSeedanceTaskPollJob","DEFAULT"]
2026-06-07 15:25:12.899 | [1;31mERROR 1721739[0;39m | [1;33mmain [TID: N/A][0;39m [1;36m[][0;39m [1;32mc.alibaba.druid.filter.stat.StatFilter  [0;39m [1;35m(StatFilter.java:518)[0;39m 
 slow sql 276 millis. DELETE FROM QRTZ_CRON_TRIGGERS WHERE SCHED_NAME = 'schedulerName' AND TRIGGER_NAME = ? AND TRIGGER_GROUP = ? ["muxiSeedanceTaskPollJob","DEFAULT"]
2026-06-07 15:25:13.173 | [1;31mERROR 1721739[0;39m | [1;33mmain [TID: N/A][0;39m [1;36m[][0;39m [1;32mc.alibaba.druid.filter.stat.StatFilter  [0;39m [1;35m(StatFilter.java:518)[0;39m 
 slow sql 273 millis. DELETE FROM QRTZ_TRIGGERS WHERE SCHED_NAME = 'schedulerName' AND TRIGGER_NAME = ? AND TRIGGER_GROUP = ? ["muxiSeedanceTaskPollJob","DEFAULT"]
2026-06-07 15:25:13.517 | [1;31mERROR 1721739[0;39m | [1;33mmain [TID: N/A][0;39m [1;36m[][0;39m [1;32mc.alibaba.druid.filter.stat.StatFilter  [0;39m [1;35m(StatFilter.java:518)[0;39m 
 slow sql 331 millis. DELETE FROM QRTZ_JOB_DETAILS WHERE SCHED_NAME = 'schedulerName' AND JOB_NAME = ? AND JOB_GROUP = ? ["muxiSeedanceTaskPollJob","DEFAULT"]
2026-06-07 15:25:13.848 | [1;31mERROR 1721739[0;39m | [1;33mmain [TID: N/A][0;39m [1;36m[][0;39m [1;32mc.alibaba.druid.filter.stat.StatFilter  [0;39m [1;35m(StatFilter.java:518)[0;39m 
 slow sql 265 millis. INSERT INTO QRTZ_JOB_DETAILS (SCHED_NAME, JOB_NAME, JOB_GROUP, DESCRIPTION, JOB_CLASS_NAME, IS_DURABLE, IS_NONCONCURRENT, IS_UPDATE_DATA, REQUESTS_RECOVERY, JOB_DATA)  VALUES('schedulerName', ?, ?, ?, ?, ?, ?, ?, ?, ?) ["muxiSeedanceTaskPollJob","DEFAULT",null,"com.douyouqu.dyq.framework.quartz.core.handler.JobHandlerInvoker",false,true,true,false,"<[B>"]
2026-06-07 15:25:14.058 | [1;31mERROR 1721739[0;39m | [1;33mmain [TID: N/A][0;39m [1;36m[][0;39m [1;32mc.alibaba.druid.filter.stat.StatFilter  [0;39m [1;35m(StatFilter.java:518)[0;39m 
 slow sql 167 millis. INSERT INTO QRTZ_TRIGGERS (SCHED_NAME, TRIGGER_NAME, TRIGGER_GROUP, JOB_NAME, JOB_GROUP, DESCRIPTION, NEXT_FIRE_TIME, PREV_FIRE_TIME, TRIGGER_STATE, TRIGGER_TYPE, START_TIME, END_TIME, CALENDAR_NAME, MISFIRE_INSTR, JOB_DATA, PRIORITY)  VALUES('schedulerName', ?, ?, ?, ?, ?, ?, ?, ?, ?, ?, ?, ?, ?, ?, ?) ["muxiSeedanceTaskPollJob","DEFAULT","muxiSeedanceTaskPollJob","DEFAULT",null,1780817160000,-1,"WAITING","CRON",1780817113000,0,null,0,"<[B>",5]
2026-06-07 15:25:14.369 | [1;31mERROR 1721739[0;39m | [1;33mmain [TID: N/A][0;39m [1;36m[][0;39m [1;32mc.alibaba.druid.filter.stat.StatFilter  [0;39m [1;35m(StatFilter.java:518)[0;39m 
 slow sql 310 millis. INSERT INTO QRTZ_CRON_TRIGGERS (SCHED_NAME, TRIGGER_NAME, TRIGGER_GROUP, CRON_EXPRESSION, TIME_ZONE_ID)  VALUES('schedulerName', ?, ?, ?, ?) ["muxiSeedanceTaskPollJob","DEFAULT","0 * * * * ?","Asia/Shanghai"]
2026-06-07 15:25:14.370 | [34m INFO 1721739[0;39m | [1;33mmain [TID: N/A][0;39m [1;36m[][0;39m [1;32mc.d.d.m.i.service.job.JobServiceImpl    [0;39m [1;35m(JobServiceImpl.java:185)[0;39m 
 
[syncJob][id(2046585407942483969) handlerName(muxiSeedanceTaskPollJob) 同步完成]
2026-06-07 15:25:14.602 | [1;31mERROR 1721739[0;39m | [1;33mmain [TID: N/A][0;39m [1;36m[][0;39m [1;32mc.alibaba.druid.filter.stat.StatFilter  [0;39m [1;35m(StatFilter.java:518)[0;39m 
 slow sql 211 millis. UPDATE QRTZ_TRIGGERS SET TRIGGER_STATE = ? WHERE SCHED_NAME = 'schedulerName' AND TRIGGER_NAME = ? AND TRIGGER_GROUP = ? ["PAUSED","aigcQAiCanvasTenantSyncJob","DEFAULT"]
2026-06-07 15:25:14.873 | [1;31mERROR 1721739[0;39m | [1;33mmain [TID: N/A][0;39m [1;36m[][0;39m [1;32mc.alibaba.druid.filter.stat.StatFilter  [0;39m [1;35m(StatFilter.java:518)[0;39m 
 slow sql 238 millis. DELETE FROM QRTZ_CRON_TRIGGERS WHERE SCHED_NAME = 'schedulerName' AND TRIGGER_NAME = ? AND TRIGGER_GROUP = ? ["aigcQAiCanvasTenantSyncJob","DEFAULT"]
2026-06-07 15:25:15.061 | [1;31mERROR 1721739[0;39m | [1;33mmain [TID: N/A][0;39m [1;36m[][0;39m [1;32mc.alibaba.druid.filter.stat.StatFilter  [0;39m [1;35m(StatFilter.java:518)[0;39m 
 slow sql 186 millis. DELETE FROM QRTZ_TRIGGERS WHERE SCHED_NAME = 'schedulerName' AND TRIGGER_NAME = ? AND TRIGGER_GROUP = ? ["aigcQAiCanvasTenantSyncJob","DEFAULT"]
2026-06-07 15:25:15.327 | [1;31mERROR 1721739[0;39m | [1;33mmain [TID: N/A][0;39m [1;36m[][0;39m [1;32mc.alibaba.druid.filter.stat.StatFilter  [0;39m [1;35m(StatFilter.java:518)[0;39m 
 slow sql 255 millis. DELETE FROM QRTZ_JOB_DETAILS WHERE SCHED_NAME = 'schedulerName' AND JOB_NAME = ? AND JOB_GROUP = ? ["aigcQAiCanvasTenantSyncJob","DEFAULT"]
2026-06-07 15:25:15.661 | [1;31mERROR 1721739[0;39m | [1;33mmain [TID: N/A][0;39m [1;36m[][0;39m [1;32mc.alibaba.druid.filter.stat.StatFilter  [0;39m [1;35m(StatFilter.java:518)[0;39m 
 slow sql 269 millis. INSERT INTO QRTZ_JOB_DETAILS (SCHED_NAME, JOB_NAME, JOB_GROUP, DESCRIPTION, JOB_CLASS_NAME, IS_DURABLE, IS_NONCONCURRENT, IS_UPDATE_DATA, REQUESTS_RECOVERY, JOB_DATA)  VALUES('schedulerName', ?, ?, ?, ?, ?, ?, ?, ?, ?) ["aigcQAiCanvasTenantSyncJob","DEFAULT",null,"com.douyouqu.dyq.framework.quartz.core.handler.JobHandlerInvoker",false,true,true,false,"<[B>"]
2026-06-07 15:25:15.840 | [1;31mERROR 1721739[0;39m | [1;33mmain [TID: N/A][0;39m [1;36m[][0;39m [1;32mc.alibaba.druid.filter.stat.StatFilter  [0;39m [1;35m(StatFilter.java:518)[0;39m 
 slow sql 136 millis. INSERT INTO QRTZ_TRIGGERS (SCHED_NAME, TRIGGER_NAME, TRIGGER_GROUP, JOB_NAME, JOB_GROUP, DESCRIPTION, NEXT_FIRE_TIME, PREV_FIRE_TIME, TRIGGER_STATE, TRIGGER_TYPE, START_TIME, END_TIME, CALENDAR_NAME, MISFIRE_INSTR, JOB_DATA, PRIORITY)  VALUES('schedulerName', ?, ?, ?, ?, ?, ?, ?, ?, ?, ?, ?, ?, ?, ?, ?) ["aigcQAiCanvasTenantSyncJob","DEFAULT","aigcQAiCanvasTenantSyncJob","DEFAULT",null,1780817160000,-1,"WAITING","CRON",1780817115000,0,null,0,"<[B>",5]
2026-06-07 15:25:16.038 | [1;31mERROR 1721739[0;39m | [1;33mmain [TID: N/A][0;39m [1;36m[][0;39m [1;32mc.alibaba.druid.filter.stat.StatFilter  [0;39m [1;35m(StatFilter.java:518)[0;39m 
 slow sql 197 millis. INSERT INTO QRTZ_CRON_TRIGGERS (SCHED_NAME, TRIGGER_NAME, TRIGGER_GROUP, CRON_EXPRESSION, TIME_ZONE_ID)  VALUES('schedulerName', ?, ?, ?, ?) ["aigcQAiCanvasTenantSyncJob","DEFAULT","0 * * * * ?","Asia/Shanghai"]
2026-06-07 15:25:16.039 | [34m INFO 1721739[0;39m | [1;33mmain [TID: N/A][0;39m [1;36m[][0;39m [1;32mc.d.d.m.i.service.job.JobServiceImpl    [0;39m [1;35m(JobServiceImpl.java:185)[0;39m 
 
[syncJob][id(2053474920150753281) handlerName(aigcQAiCanvasTenantSyncJob) 同步完成]
2026-06-07 15:25:16.039 | [34m INFO 1721739[0;39m | [1;33mmain [TID: N/A][0;39m [1;36m[][0;39m [1;32mc.d.d.m.i.service.job.JobServiceImpl    [0;39m [1;35m(JobServiceImpl.java:62)[0;39m 
 [JobService] 启动时 Job 同步完成
2026-06-07 15:25:16.660 | [39mDEBUG 1721739[0;39m | [1;33mmain [TID: N/A][0;39m [1;36m[][0;39m [1;32mc.d.d.m.i.d.m.c.ConfigMapper.selectList [0;39m [1;35m(BaseJdbcLogger.java:135)[0;39m 
 ==>  Preparing: SELECT id,category,name,config_key,value,type,visible,create_time,update_time,creator,create_name,updater,update_name,deleted,sort,remark FROM infra_config WHERE deleted=0 AND (config_key = ?)
2026-06-07 15:25:16.661 | [39mDEBUG 1721739[0;39m | [1;33mmain [TID: N/A][0;39m [1;36m[][0;39m [1;32mc.d.d.m.i.d.m.c.ConfigMapper.selectList [0;39m [1;35m(BaseJdbcLogger.java:135)[0;39m 
 ==> Parameters: system.health.severity.critical-patterns(String)
2026-06-07 15:25:16.674 | [39mDEBUG 1721739[0;39m | [1;33mmain [TID: N/A][0;39m [1;36m[][0;39m [1;32mc.d.d.m.i.d.m.c.ConfigMapper.selectList [0;39m [1;35m(BaseJdbcLogger.java:135)[0;39m 
 <==      Total: 1
2026-06-07 15:25:16.780 | [39mDEBUG 1721739[0;39m | [1;33mmain [TID: N/A][0;39m [1;36m[][0;39m [1;32mc.d.d.m.i.d.m.c.ConfigMapper.selectList [0;39m [1;35m(BaseJdbcLogger.java:135)[0;39m 
 ==>  Preparing: SELECT id,category,name,config_key,value,type,visible,create_time,update_time,creator,create_name,updater,update_name,deleted,sort,remark FROM infra_config WHERE deleted=0 AND (config_key = ?)
2026-06-07 15:25:16.780 | [39mDEBUG 1721739[0;39m | [1;33mmain [TID: N/A][0;39m [1;36m[][0;39m [1;32mc.d.d.m.i.d.m.c.ConfigMapper.selectList [0;39m [1;35m(BaseJdbcLogger.java:135)[0;39m 
 ==> Parameters: system.health.severity.warning-patterns(String)
2026-06-07 15:25:16.792 | [39mDEBUG 1721739[0;39m | [1;33mmain [TID: N/A][0;39m [1;36m[][0;39m [1;32mc.d.d.m.i.d.m.c.ConfigMapper.selectList [0;39m [1;35m(BaseJdbcLogger.java:135)[0;39m 
 <==      Total: 1
2026-06-07 15:25:16.794 | [39mDEBUG 1721739[0;39m | [1;33mmain [TID: N/A][0;39m [1;36m[][0;39m [1;32mc.d.d.m.i.d.m.c.ConfigMapper.selectList [0;39m [1;35m(BaseJdbcLogger.java:135)[0;39m 
 ==>  Preparing: SELECT id,category,name,config_key,value,type,visible,create_time,update_time,creator,create_name,updater,update_name,deleted,sort,remark FROM infra_config WHERE deleted=0 AND (config_key = ?)
2026-06-07 15:25:16.794 | [39mDEBUG 1721739[0;39m | [1;33mmain [TID: N/A][0;39m [1;36m[][0;39m [1;32mc.d.d.m.i.d.m.c.ConfigMapper.selectList [0;39m [1;35m(BaseJdbcLogger.java:135)[0;39m 
 ==> Parameters: system.health.severity.ignore-patterns(String)
2026-06-07 15:25:16.806 | [39mDEBUG 1721739[0;39m | [1;33mmain [TID: N/A][0;39m [1;36m[][0;39m [1;32mc.d.d.m.i.d.m.c.ConfigMapper.selectList [0;39m [1;35m(BaseJdbcLogger.java:135)[0;39m 
 <==      Total: 1
2026-06-07 15:25:16.807 | [34m INFO 1721739[0;39m | [1;33mmain [TID: N/A][0;39m [1;36m[][0;39m [1;32mc.d.d.m.s.s.h.AlertSeverityClassifier   [0;39m [1;35m(AlertSeverityClassifier.java:75)[0;39m 
 [AlertSeverityClassifier] 规则已重新加载
2026-06-07 15:25:16.807 | [34m INFO 1721739[0;39m | [1;33mmain [TID: N/A][0;39m [1;36m[][0;39m [1;32mc.d.d.m.s.s.h.AlertSeverityClassifier   [0;39m [1;35m(AlertSeverityClassifier.java:52)[0;39m 
 [AlertSeverityClassifier] 初始化完成: critical=5, warning=8, ignore=4
2026-06-07 15:25:16.884 | [34m INFO 1721739[0;39m | [1;33mmain [TID: N/A][0;39m [1;36m[][0;39m [1;32m.d.d.m.i.f.m.c.MessageEventConfiguration[0;39m [1;35m(MessageEventConfiguration.java:75)[0;39m 
 
[MessageEventConfiguration] 收集到 121 个消息事件定义
2026-06-07 15:25:23.523 | [34m INFO 1721739[0;39m | [1;33mmain [TID: N/A][0;39m [1;36m[][0;39m [1;32mc.d.d.m.i.s.m.MessageEventRegistryImpl  [0;39m [1;35m(MessageEventRegistryImpl.java:65)[0;39m 
 
[MessageEventRegistry] 注册完成，共 121 个事件，模块分布：agent(9), trade(9), system(6), ai(7), member(9), aigc(36), cloudphone(24), pay(6), socialmedia(7), crm(8)
2026-06-07 15:25:27.350 | [34m INFO 1721739[0;39m | [1;33mmain [TID: N/A][0;39m [1;36m[][0;39m [1;32md.d.f.m.r.c.DyqRabbitMQAutoConfiguration[0;39m [1;35m(DyqRabbitMQAutoConfiguration.java:322)[0;39m 
 [RabbitMQ] 初始化 manualAckContainerFactory（MANUAL ACK 模式）
2026-06-07 15:25:27.423 | [34m INFO 1721739[0;39m | [1;33mmain [TID: N/A][0;39m [1;36m[][0;39m [1;32md.d.f.m.r.c.DyqRabbitMQAutoConfiguration[0;39m [1;35m(DyqRabbitMQAutoConfiguration.java:339)[0;39m 
 [RabbitMQ] 初始化 autoAckContainerFactory（AUTO ACK 模式）
2026-06-07 15:25:28.940 | [34m INFO 1721739[0;39m | [1;33mmain [TID: N/A][0;39m [1;36m[][0;39m [1;32md.d.f.m.r.c.DyqRabbitMQAutoConfiguration[0;39m [1;35m(DyqRabbitMQAutoConfiguration.java:174)[0;39m 
 [RabbitMQ-AIGC] 初始化 MessageConverter，使用蛇形命名策略
2026-06-07 15:25:30.694 | [34m INFO 1721739[0;39m | [1;33mmain [TID: N/A][0;39m [1;36m[][0;39m [1;32md.d.m.c.s.c.p.CredentialSelectorRegistry[0;39m [1;35m(CredentialSelectorRegistry.java:32)[0;39m 
 [CredentialSelectorRegistry] 注册 4 个策略: [ROUND_ROBIN, WEIGHTED_RANDOM, PRIORITY, LRU]
2026-06-07 15:25:30.857 | [34m INFO 1721739[0;39m | [1;33mmain [TID: N/A][0;39m [1;36m[][0;39m [1;32m.c.s.c.CredentialCacheEvictionDispatcher[0;39m [1;35m(CredentialCacheEvictionDispatcher.java:28)[0;39m 
 [CredentialCacheEviction] 已装载 1 个凭证缓存 evictor
2026-06-07 15:25:30.931 | [34m INFO 1721739[0;39m | [1;33mmain [TID: N/A][0;39m [1;36m[][0;39m [1;32mc.s.c.CredentialCacheEvictionBroadcaster[0;39m [1;35m(CredentialCacheEvictionBroadcaster.java:60)[0;39m 
 [CredentialCacheEviction] 已订阅 topic=dyq:credential:cache:evict:topic listenerId=733691954
2026-06-07 15:25:31.260 | [34m INFO 1721739[0;39m | [1;33mmain [TID: N/A][0;39m [1;36m[][0;39m [1;32mc.d.d.m.a.c.AigatewayWebClientFactory   [0;39m [1;35m(AigatewayWebClientFactory.java:83)[0;39m 
 [AigatewayWebClientFactory] initialized: pool=aigateway, maxIdleTime=PT30S, maxLifeTime=PT5M, responseTimeout=PT2M, connectTimeoutMs=10000
2026-06-07 15:25:31.448 | [34m INFO 1721739[0;39m | [1;33mmain [TID: N/A][0;39m [1;36m[][0;39m [1;32mc.d.d.f.s.core.SeedanceHttpClient       [0;39m [1;35m(SeedanceHttpClient.java:35)[0;39m 
 [Seedance] 未配置全局静态 API Key（dyq.seedance.api-key），将依赖凭证管理运行时注入 (credential code=aigateway-seedance)
2026-06-07 15:25:31.468 | [34m INFO 1721739[0;39m | [1;33mmain [TID: N/A][0;39m [1;36m[][0;39m [1;32mc.d.d.f.s.c.SeedanceAutoConfiguration   [0;39m [1;35m(SeedanceAutoConfiguration.java:51)[0;39m 
 [Seedance] 初始化任务轮询器
2026-06-07 15:25:31.478 | [34m INFO 1721739[0;39m | [1;33mmain [TID: N/A][0;39m [1;36m[][0;39m [1;32mc.d.d.f.s.c.SeedanceAutoConfiguration   [0;39m [1;35m(SeedanceAutoConfiguration.java:63)[0;39m 
 [Seedance] 初始化SeedanceClient门面
2026-06-07 15:25:31.490 | [34m INFO 1721739[0;39m | [1;33mmain [TID: N/A][0;39m [1;36m[][0;39m [1;32mc.d.d.f.s.c.SeedanceAutoConfiguration   [0;39m [1;35m(SeedanceAutoConfiguration.java:73)[0;39m 
 [Seedream] 初始化SeedreamImageClient门面（同步图像生成）
2026-06-07 15:25:31.752 | [34m INFO 1721739[0;39m | [1;33mmain [TID: N/A][0;39m [1;36m[][0;39m [1;32m.d.m.a.p.h.AigatewayHuoshanProxyProvider[0;39m [1;35m(AigatewayHuoshanProxyProvider.java:127)[0;39m 
 [AigatewayHuoshanProxyProvider] Builder 路由表初始化完成: count=20, models=[wan2.2-kf2v-flash, qwen-image-max, wan2.7-i2v, wanx2.1-vace-plus, wan2.6-t2i, qwen-image-max-i2i, doubao-seedance-2-0-r2v, doubao-seedance-2-0-vext, qwen-plus, seedance-1-0-pro, qwen-vl-max, wan2.6-i2v-plus, seedance-1-0-pro-i2v, wan2.6-t2i-i2i, doubao-seedance-2-0-vedit, wan2.7-t2v, doubao-seedream-3-0-t2i-i2i, wan2.7-r2v, doubao-seed-1-6-250615, doubao-seedream-3-0-t2i]
2026-06-07 15:25:31.819 | [34m INFO 1721739[0;39m | [1;33mmain [TID: N/A][0;39m [1;36m[][0;39m [1;32mc.d.d.f.j.c.JimengAutoConfiguration     [0;39m [1;35m(JimengAutoConfiguration.java:43)[0;39m 
 [Jimeng] 初始化HTTP客户端, baseUrl=https://jimeng.jianying.com
2026-06-07 15:25:31.822 | [31m WARN 1721739[0;39m | [1;33mmain [TID: N/A][0;39m [1;36m[][0;39m [1;32mc.d.d.f.jimeng.core.JimengHttpClient    [0;39m [1;35m(JimengHttpClient.java:50)[0;39m 
 [Jimeng] 未配置refreshToken，API调用将失败
2026-06-07 15:25:31.834 | [34m INFO 1721739[0;39m | [1;33mmain [TID: N/A][0;39m [1;36m[][0;39m [1;32mc.d.d.f.j.c.JimengAutoConfiguration     [0;39m [1;35m(JimengAutoConfiguration.java:54)[0;39m 
 [Jimeng] 初始化智能轮询器
2026-06-07 15:25:31.860 | [34m INFO 1721739[0;39m | [1;33mmain [TID: N/A][0;39m [1;36m[][0;39m [1;32mc.d.d.f.j.c.JimengAutoConfiguration     [0;39m [1;35m(JimengAutoConfiguration.java:66)[0;39m 
 [Jimeng] 初始化图片生成客户端
2026-06-07 15:25:31.875 | [34m INFO 1721739[0;39m | [1;33mmain [TID: N/A][0;39m [1;36m[][0;39m [1;32mc.d.d.f.j.c.JimengAutoConfiguration     [0;39m [1;35m(JimengAutoConfiguration.java:76)[0;39m 
 [Jimeng] 初始化视频生成客户端
2026-06-07 15:25:31.889 | [34m INFO 1721739[0;39m | [1;33mmain [TID: N/A][0;39m [1;36m[][0;39m [1;32mc.d.d.f.j.c.JimengAutoConfiguration     [0;39m [1;35m(JimengAutoConfiguration.java:84)[0;39m 
 [Jimeng] 初始化积分管理客户端
2026-06-07 15:25:31.901 | [34m INFO 1721739[0;39m | [1;33mmain [TID: N/A][0;39m [1;36m[][0;39m [1;32mc.d.d.f.j.c.JimengAutoConfiguration     [0;39m [1;35m(JimengAutoConfiguration.java:95)[0;39m 
 [Jimeng] 初始化JimengClient门面，注册 3 个子客户端
2026-06-07 15:25:32.016 | [34m INFO 1721739[0;39m | [1;33mmain [TID: N/A][0;39m [1;36m[][0;39m [1;32mc.d.d.f.y.config.YunwuAutoConfiguration [0;39m [1;35m(YunwuAutoConfiguration.java:45)[0;39m 
 [Yunwu] 初始化WebClient, baseUrl=http://localhost:8080
2026-06-07 15:25:32.533 | [34m INFO 1721739[0;39m | [1;33mmain [TID: N/A][0;39m [1;36m[][0;39m [1;32mc.d.d.f.d.c.DashScopeAutoConfiguration  [0;39m [1;35m(DashScopeAutoConfiguration.java:53)[0;39m 
 [DashScope] 初始化 WebClient (qwen/US), qwenBaseUrl=https://dashscope.aliyuncs.com
2026-06-07 15:25:32.548 | [34m INFO 1721739[0;39m | [1;33mmain [TID: N/A][0;39m [1;36m[][0;39m [1;32mc.d.d.f.d.c.DashScopeAutoConfiguration  [0;39m [1;35m(DashScopeAutoConfiguration.java:85)[0;39m 
 [DashScope] 初始化通义千问图像生成客户端
2026-06-07 15:25:32.548 | [34m INFO 1721739[0;39m | [1;33mmain [TID: N/A][0;39m [1;36m[][0;39m [1;32mc.d.d.f.d.client.image.QwenImageClient  [0;39m [1;35m(QwenImageClient.java:68)[0;39m 
 [QwenImageClient] 初始化完成, qwenBaseUrl=https://dashscope.aliyuncs.com, submitTimeout=30s, queryTimeout=10s
2026-06-07 15:25:32.575 | [34m INFO 1721739[0;39m | [1;33mmain [TID: N/A][0;39m [1;36m[][0;39m [1;32mc.d.d.f.d.c.DashScopeAutoConfiguration  [0;39m [1;35m(DashScopeAutoConfiguration.java:43)[0;39m 
 [DashScope] 初始化 WebClient (wan/CN), baseUrl=https://dashscope.aliyuncs.com
2026-06-07 15:25:32.577 | [34m INFO 1721739[0;39m | [1;33mmain [TID: N/A][0;39m [1;36m[][0;39m [1;32mc.d.d.f.d.c.DashScopeAutoConfiguration  [0;39m [1;35m(DashScopeAutoConfiguration.java:67)[0;39m 
 [DashScope] 初始化通义万相视频客户端
2026-06-07 15:25:32.578 | [34m INFO 1721739[0;39m | [1;33mmain [TID: N/A][0;39m [1;36m[][0;39m [1;32mc.d.d.f.d.client.video.WanVideoClient   [0;39m [1;35m(WanVideoClient.java:67)[0;39m 
 [WanVideoClient] 初始化完成, baseUrl=https://dashscope.aliyuncs.com, submitTimeout=30s, queryTimeout=10s
2026-06-07 15:25:32.586 | [34m INFO 1721739[0;39m | [1;33mmain [TID: N/A][0;39m [1;36m[][0;39m [1;32mc.d.d.f.d.c.DashScopeAutoConfiguration  [0;39m [1;35m(DashScopeAutoConfiguration.java:76)[0;39m 
 [DashScope] 初始化通义万相文生图客户端
2026-06-07 15:25:32.586 | [34m INFO 1721739[0;39m | [1;33mmain [TID: N/A][0;39m [1;36m[][0;39m [1;32mc.d.d.f.d.client.image.WanImageClient   [0;39m [1;35m(WanImageClient.java:80)[0;39m 
 [WanImageClient] 初始化完成, baseUrl=https://dashscope.aliyuncs.com, submitTimeout=30s, queryTimeout=10s
2026-06-07 15:25:32.595 | [34m INFO 1721739[0;39m | [1;33mmain [TID: N/A][0;39m [1;36m[][0;39m [1;32mc.d.d.m.a.p.w.AigatewayWanProxyProvider [0;39m [1;35m(AigatewayWanProxyProvider.java:98)[0;39m 
 [AigatewayWanProxyProvider] Builder 路由表初始化完成: count=20, models=[wan2.2-kf2v-flash, qwen-image-max, wan2.7-i2v, wanx2.1-vace-plus, wan2.6-t2i, qwen-image-max-i2i, doubao-seedance-2-0-r2v, doubao-seedance-2-0-vext, qwen-plus, seedance-1-0-pro, qwen-vl-max, wan2.6-i2v-plus, seedance-1-0-pro-i2v, wan2.6-t2i-i2i, doubao-seedance-2-0-vedit, wan2.7-t2v, doubao-seedream-3-0-t2i-i2i, wan2.7-r2v, doubao-seed-1-6-250615, doubao-seedream-3-0-t2i]
2026-06-07 15:25:32.630 | [34m INFO 1721739[0;39m | [1;33mmain [TID: N/A][0;39m [1;36m[][0;39m [1;32mc.d.d.m.a.p.q.AigatewayQwenProxyProvider[0;39m [1;35m(AigatewayQwenProxyProvider.java:119)[0;39m 
 [AigatewayQwenProxyProvider] Builder 路由表初始化完成: count=20, models=[wan2.2-kf2v-flash, qwen-image-max, wan2.7-i2v, wanx2.1-vace-plus, wan2.6-t2i, qwen-image-max-i2i, doubao-seedance-2-0-r2v, doubao-seedance-2-0-vext, qwen-plus, seedance-1-0-pro, qwen-vl-max, wan2.6-i2v-plus, seedance-1-0-pro-i2v, wan2.6-t2i-i2i, doubao-seedance-2-0-vedit, wan2.7-t2v, doubao-seedream-3-0-t2i-i2i, wan2.7-r2v, doubao-seed-1-6-250615, doubao-seedream-3-0-t2i]
2026-06-07 15:25:32.768 | [34m INFO 1721739[0;39m | [1;33mmain [TID: N/A][0;39m [1;36m[][0;39m [1;32mc.d.d.f.a.c.AiProxyAutoConfiguration    [0;39m [1;35m(AiProxyAutoConfiguration.java:112)[0;39m 
 [AiProxy] 创建负载均衡器: strategy=round_robin
2026-06-07 15:25:32.780 | [34m INFO 1721739[0;39m | [1;33mmain [TID: N/A][0;39m [1;36m[][0;39m [1;32mc.d.d.f.a.c.AiProxyAutoConfiguration    [0;39m [1;35m(AiProxyAutoConfiguration.java:133)[0;39m 
 [AiProxy] 注册代理提供者: anthropic
2026-06-07 15:25:32.780 | [34m INFO 1721739[0;39m | [1;33mmain [TID: N/A][0;39m [1;36m[][0;39m [1;32mc.d.d.f.a.c.AiProxyAutoConfiguration    [0;39m [1;35m(AiProxyAutoConfiguration.java:133)[0;39m 
 [AiProxy] 注册代理提供者: custom-api
2026-06-07 15:25:32.780 | [34m INFO 1721739[0;39m | [1;33mmain [TID: N/A][0;39m [1;36m[][0;39m [1;32mc.d.d.f.a.c.AiProxyAutoConfiguration    [0;39m [1;35m(AiProxyAutoConfiguration.java:133)[0;39m 
 [AiProxy] 注册代理提供者: gemini
2026-06-07 15:25:32.781 | [34m INFO 1721739[0;39m | [1;33mmain [TID: N/A][0;39m [1;36m[][0;39m [1;32mc.d.d.f.a.c.AiProxyAutoConfiguration    [0;39m [1;35m(AiProxyAutoConfiguration.java:133)[0;39m 
 [AiProxy] 注册代理提供者: huoshan
2026-06-07 15:25:32.781 | [34m INFO 1721739[0;39m | [1;33mmain [TID: N/A][0;39m [1;36m[][0;39m [1;32mc.d.d.f.a.c.AiProxyAutoConfiguration    [0;39m [1;35m(AiProxyAutoConfiguration.java:133)[0;39m 
 [AiProxy] 注册代理提供者: jimeng
2026-06-07 15:25:32.781 | [34m INFO 1721739[0;39m | [1;33mmain [TID: N/A][0;39m [1;36m[][0;39m [1;32mc.d.d.f.a.c.AiProxyAutoConfiguration    [0;39m [1;35m(AiProxyAutoConfiguration.java:133)[0;39m 
 [AiProxy] 注册代理提供者: microsoft
2026-06-07 15:25:32.781 | [34m INFO 1721739[0;39m | [1;33mmain [TID: N/A][0;39m [1;36m[][0;39m [1;32mc.d.d.f.a.c.AiProxyAutoConfiguration    [0;39m [1;35m(AiProxyAutoConfiguration.java:133)[0;39m 
 [AiProxy] 注册代理提供者: midjourney
2026-06-07 15:25:32.781 | [34m INFO 1721739[0;39m | [1;33mmain [TID: N/A][0;39m [1;36m[][0;39m [1;32mc.d.d.f.a.c.AiProxyAutoConfiguration    [0;39m [1;35m(AiProxyAutoConfiguration.java:133)[0;39m 
 [AiProxy] 注册代理提供者: openai-compat
2026-06-07 15:25:32.781 | [34m INFO 1721739[0;39m | [1;33mmain [TID: N/A][0;39m [1;36m[][0;39m [1;32mc.d.d.f.a.c.AiProxyAutoConfiguration    [0;39m [1;35m(AiProxyAutoConfiguration.java:133)[0;39m 
 [AiProxy] 注册代理提供者: openai
2026-06-07 15:25:32.781 | [34m INFO 1721739[0;39m | [1;33mmain [TID: N/A][0;39m [1;36m[][0;39m [1;32mc.d.d.f.a.c.AiProxyAutoConfiguration    [0;39m [1;35m(AiProxyAutoConfiguration.java:133)[0;39m 
 [AiProxy] 注册代理提供者: pixverse-effect
2026-06-07 15:25:32.782 | [34m INFO 1721739[0;39m | [1;33mmain [TID: N/A][0;39m [1;36m[][0;39m [1;32mc.d.d.f.a.c.AiProxyAutoConfiguration    [0;39m [1;35m(AiProxyAutoConfiguration.java:133)[0;39m 
 [AiProxy] 注册代理提供者: qwen
2026-06-07 15:25:32.782 | [34m INFO 1721739[0;39m | [1;33mmain [TID: N/A][0;39m [1;36m[][0;39m [1;32mc.d.d.f.a.c.AiProxyAutoConfiguration    [0;39m [1;35m(AiProxyAutoConfiguration.java:133)[0;39m 
 [AiProxy] 注册代理提供者: runway
2026-06-07 15:25:32.782 | [34m INFO 1721739[0;39m | [1;33mmain [TID: N/A][0;39m [1;36m[][0;39m [1;32mc.d.d.f.a.c.AiProxyAutoConfiguration    [0;39m [1;35m(AiProxyAutoConfiguration.java:133)[0;39m 
 [AiProxy] 注册代理提供者: stability
2026-06-07 15:25:32.782 | [34m INFO 1721739[0;39m | [1;33mmain [TID: N/A][0;39m [1;36m[][0;39m [1;32mc.d.d.f.a.c.AiProxyAutoConfiguration    [0;39m [1;35m(AiProxyAutoConfiguration.java:133)[0;39m 
 [AiProxy] 注册代理提供者: tencentcloud_mps
2026-06-07 15:25:32.782 | [34m INFO 1721739[0;39m | [1;33mmain [TID: N/A][0;39m [1;36m[][0;39m [1;32mc.d.d.f.a.c.AiProxyAutoConfiguration    [0;39m [1;35m(AiProxyAutoConfiguration.java:133)[0;39m 
 [AiProxy] 注册代理提供者: wan
2026-06-07 15:25:32.782 | [34m INFO 1721739[0;39m | [1;33mmain [TID: N/A][0;39m [1;36m[][0;39m [1;32mc.d.d.f.a.c.AiProxyAutoConfiguration    [0;39m [1;35m(AiProxyAutoConfiguration.java:133)[0;39m 
 [AiProxy] 注册代理提供者: yunwu
2026-06-07 15:25:32.794 | [34m INFO 1721739[0;39m | [1;33mmain [TID: N/A][0;39m [1;36m[][0;39m [1;32m.a.s.p.u.i.PixVerseEffectServiceProvider[0;39m [1;35m(PixVerseEffectServiceProvider.java:70)[0;39m 
 [PixVerseEffectServiceProvider] init: proxyAvailable=true (lookupName=pixverse-effect)
2026-06-07 15:25:32.806 | [34m INFO 1721739[0;39m | [1;33mmain [TID: N/A][0;39m [1;36m[][0;39m [1;32m.d.d.m.a.s.p.u.i.PixVerseServiceProvider[0;39m [1;35m(PixVerseServiceProvider.java:84)[0;39m 
 [PixVerseServiceProvider] init: proxyAvailable=false (lookupName=pixverse)
2026-06-07 15:25:33.345 | [34m INFO 1721739[0;39m | [1;33mmain [TID: N/A][0;39m [1;36m[][0;39m [1;32mc.d.d.m.a.s.p.u.ServiceProviderSelector [0;39m [1;35m(ServiceProviderSelector.java:93)[0;39m 
 [ServiceProviderSelector] 初始化完成，注册服务商: [pixverse, qiaomu, muxi, aigc_api, pixverse-effect, local-comfyui]
2026-06-07 15:25:35.530 | [34m INFO 1721739[0;39m | [1;33mmain [TID: N/A][0;39m [1;36m[][0;39m [1;32mc.d.d.m.b.s.a.impl.AccountServiceImpl   [0;39m [1;35m(AccountServiceImpl.java:68)[0;39m 
 
[AccountServiceImpl] 雪花算法ID生成器初始化完成
2026-06-07 15:25:35.547 | [34m INFO 1721739[0;39m | [1;33mmain [TID: N/A][0;39m [1;36m[][0;39m [1;32mc.d.d.m.b.service.impl.AccountApiImpl   [0;39m [1;35m(AccountApiImpl.java:58)[0;39m 
 
[AccountApiImpl] 账户API初始化完成
2026-06-07 15:25:38.466 | [34m INFO 1721739[0;39m | [1;33mmain [TID: N/A][0;39m [1;36m[][0;39m [1;32mc.d.d.m.m.s.p.MuxiModelProviderBinding  [0;39m [1;35m(MuxiModelProviderBinding.java:51)[0;39m 
 [MuxiModelProviderBinding] listAllRoutes: capabilityRows=19
2026-06-07 15:25:38.469 | [34m INFO 1721739[0;39m | [1;33mmain [TID: N/A][0;39m [1;36m[][0;39m [1;32mc.d.d.f.a.r.ModelProviderRegistry       [0;39m [1;35m(ModelProviderRegistry.java:150)[0;39m 
 [ModelProviderRegistry] refreshAll: keys=22
2026-06-07 15:25:38.469 | [34m INFO 1721739[0;39m | [1;33mmain [TID: N/A][0;39m [1;36m[][0;39m [1;32mc.d.d.f.a.r.ModelProviderRegistry       [0;39m [1;35m(ModelProviderRegistry.java:68)[0;39m 
 [ModelProviderRegistry] 启动全量加载完成: keys=22
2026-06-07 15:25:41.315 | [34m INFO 1721739[0;39m | [1;33mmain [TID: N/A][0;39m [1;36m[][0;39m [1;32morg.dromara.dynamictp.core.DtpRegistry  [0;39m [1;35m(DtpRegistry.java:116)[0;39m 
 DynamicTp register executor: TpMainFields(threadPoolName=aigcLongVideoCloneExecutor, corePoolSize=1, maxPoolSize=12, keepAliveTime=60, queueType=VariableLinkedBlockingQueue, queueCapacity=1024, rejectType=AbortPolicy, allowCoreThreadTimeOut=false), source: beanPostProcessor
2026-06-07 15:25:44.111 | [34m INFO 1721739[0;39m | [1;33mmain [TID: N/A][0;39m [1;36m[][0;39m [1;32mc.d.d.f.p.c.PrmControlAutoConfiguration [0;39m [1;35m(PrmControlAutoConfiguration.java:26)[0;39m 
 [PrmControl] 创建OkHttpClient, 连接超时: 10000ms, 读取超时: 30000ms
2026-06-07 15:25:44.447 | [34m INFO 1721739[0;39m | [1;33mmain [TID: N/A][0;39m [1;36m[][0;39m [1;32mc.d.d.f.p.c.PrmControlAutoConfiguration [0;39m [1;35m(PrmControlAutoConfiguration.java:39)[0;39m 
 [PrmControl] 初始化客户端, BaseURL: http://192.168.254.1:5001
2026-06-07 15:25:44.859 | [34m INFO 1721739[0;39m | [1;33mmain [TID: N/A][0;39m [1;36m[][0;39m [1;32mc.d.d.f.c.c.ControlAutoConfiguration    [0;39m [1;35m(ControlAutoConfiguration.java:29)[0;39m 
 
[Control] 初始化群控API OkHttpClient，baseUrl: http://192.168.254.1:5001
2026-06-07 15:25:44.869 | [34m INFO 1721739[0;39m | [1;33mmain [TID: N/A][0;39m [1;36m[][0;39m [1;32mc.d.d.f.c.c.ControlAutoConfiguration    [0;39m [1;35m(ControlAutoConfiguration.java:43)[0;39m 
 
[Control] 初始化群控API客户端
2026-06-07 15:25:44.958 | [34m INFO 1721739[0;39m | [1;33mmain [TID: N/A][0;39m [1;36m[][0;39m [1;32mc.d.d.m.c.s.t.TaskExecutorRegistry      [0;39m [1;35m(TaskExecutorRegistry.java:61)[0;39m 
 
[register] 注册任务执行器, taskTypeCode=prmcontrol_app_download, executor=应用安装执行器
2026-06-07 15:25:44.959 | [34m INFO 1721739[0;39m | [1;33mmain [TID: N/A][0;39m [1;36m[][0;39m [1;32mc.d.d.m.c.s.t.TaskExecutorRegistry      [0;39m [1;35m(TaskExecutorRegistry.java:61)[0;39m 
 
[register] 注册任务执行器, taskTypeCode=app_download, executor=应用市场安装执行器
2026-06-07 15:25:44.959 | [34m INFO 1721739[0;39m | [1;33mmain [TID: N/A][0;39m [1;36m[][0;39m [1;32mc.d.d.m.c.s.t.TaskExecutorRegistry      [0;39m [1;35m(TaskExecutorRegistry.java:61)[0;39m 
 
[register] 注册任务执行器, taskTypeCode=comment_pin, executor=评论置顶执行器
2026-06-07 15:25:44.959 | [34m INFO 1721739[0;39m | [1;33mmain [TID: N/A][0;39m [1;36m[][0;39m [1;32mc.d.d.m.c.s.t.TaskExecutorRegistry      [0;39m [1;35m(TaskExecutorRegistry.java:61)[0;39m 
 
[register] 注册任务执行器, taskTypeCode=comment, executor=评论执行器
2026-06-07 15:25:44.959 | [34m INFO 1721739[0;39m | [1;33mmain [TID: N/A][0;39m [1;36m[][0;39m [1;32mc.d.d.m.c.s.t.TaskExecutorRegistry      [0;39m [1;35m(TaskExecutorRegistry.java:61)[0;39m 
 
[register] 注册任务执行器, taskTypeCode=favorite, executor=收藏执行器
2026-06-07 15:25:44.959 | [34m INFO 1721739[0;39m | [1;33mmain [TID: N/A][0;39m [1;36m[][0;39m [1;32mc.d.d.m.c.s.t.TaskExecutorRegistry      [0;39m [1;35m(TaskExecutorRegistry.java:61)[0;39m 
 
[register] 注册任务执行器, taskTypeCode=forward, executor=转发执行器
2026-06-07 15:25:44.959 | [34m INFO 1721739[0;39m | [1;33mmain [TID: N/A][0;39m [1;36m[][0;39m [1;32mc.d.d.m.c.s.t.TaskExecutorRegistry      [0;39m [1;35m(TaskExecutorRegistry.java:61)[0;39m 
 
[register] 注册任务执行器, taskTypeCode=google_login, executor=Google登录执行器
2026-06-07 15:25:44.959 | [34m INFO 1721739[0;39m | [1;33mmain [TID: N/A][0;39m [1;36m[][0;39m [1;32mc.d.d.m.c.s.t.TaskExecutorRegistry      [0;39m [1;35m(TaskExecutorRegistry.java:61)[0;39m 
 
[register] 注册任务执行器, taskTypeCode=like_account, executor=点赞账号执行器
2026-06-07 15:25:44.960 | [34m INFO 1721739[0;39m | [1;33mmain [TID: N/A][0;39m [1;36m[][0;39m [1;32mc.d.d.m.c.s.t.TaskExecutorRegistry      [0;39m [1;35m(TaskExecutorRegistry.java:61)[0;39m 
 
[register] 注册任务执行器, taskTypeCode=account_login, executor=登录执行器
2026-06-07 15:25:44.960 | [34m INFO 1721739[0;39m | [1;33mmain [TID: N/A][0;39m [1;36m[][0;39m [1;32mc.d.d.m.c.s.t.TaskExecutorRegistry      [0;39m [1;35m(TaskExecutorRegistry.java:61)[0;39m 
 
[register] 注册任务执行器, taskTypeCode=name_modify, executor=用户名修改执行器
2026-06-07 15:25:44.960 | [34m INFO 1721739[0;39m | [1;33mmain [TID: N/A][0;39m [1;36m[][0;39m [1;32mc.d.d.m.c.s.t.TaskExecutorRegistry      [0;39m [1;35m(TaskExecutorRegistry.java:61)[0;39m 
 
[register] 注册任务执行器, taskTypeCode=photo_modify, executor=头像修改执行器
2026-06-07 15:25:44.960 | [34m INFO 1721739[0;39m | [1;33mmain [TID: N/A][0;39m [1;36m[][0;39m [1;32mc.d.d.m.c.s.t.TaskExecutorRegistry      [0;39m [1;35m(TaskExecutorRegistry.java:61)[0;39m 
 
[register] 注册任务执行器, taskTypeCode=profile_modify, executor=资料修改执行器
2026-06-07 15:25:44.960 | [34m INFO 1721739[0;39m | [1;33mmain [TID: N/A][0;39m [1;36m[][0;39m [1;32mc.d.d.m.c.s.t.TaskExecutorRegistry      [0;39m [1;35m(TaskExecutorRegistry.java:61)[0;39m 
 
[register] 注册任务执行器, taskTypeCode=publish_video, executor=发布视频执行器
2026-06-07 15:25:44.960 | [34m INFO 1721739[0;39m | [1;33mmain [TID: N/A][0;39m [1;36m[][0;39m [1;32mc.d.d.m.c.s.t.TaskExecutorRegistry      [0;39m [1;35m(TaskExecutorRegistry.java:45)[0;39m 
 
[init] 任务执行器注册表初始化完成, 共注册 13 个执行器
2026-06-07 15:25:46.507 | [34m INFO 1721739[0;39m | [1;33mmain [TID: N/A][0;39m [1;36m[][0;39m [1;32mc.d.d.f.p.c.PmockPassAutoConfiguration  [0;39m [1;35m(PmockPassAutoConfiguration.java:41)[0;39m 
 初始化 Pmock Pass GeoLookup 客户端: enabled=true, endpoint=http://192.168.250.16:7777/query, timeoutMs=3000
2026-06-07 15:25:46.519 | [34m INFO 1721739[0;39m | [1;33mmain [TID: N/A][0;39m [1;36m[][0;39m [1;32mc.d.d.f.p.c.PmockPassAutoConfiguration  [0;39m [1;35m(PmockPassAutoConfiguration.java:56)[0;39m 
 初始化公共 GeoLookupService（proxy/cloudphone 共享 geo 解析）
2026-06-07 15:25:48.168 | [34m INFO 1721739[0;39m | [1;33mmain [TID: N/A][0;39m [1;36m[][0;39m [1;32mc.d.d.m.a.s.c.TemplateChannelRegistry   [0;39m [1;35m(TemplateChannelRegistry.java:38)[0;39m 
 [TemplateChannelRegistry] 注册渠道适配器: [pixverse, comfyui]
2026-06-07 15:25:49.247 | [34m INFO 1721739[0;39m | [1;33mmain [TID: N/A][0;39m [1;36m[][0;39m [1;32md.d.f.m.r.c.DyqRabbitMQAutoConfiguration[0;39m [1;35m(DyqRabbitMQAutoConfiguration.java:322)[0;39m 
 [RabbitMQ] 初始化 aigcRabbitListenerContainerFactory（MANUAL ACK 模式）
2026-06-07 15:25:49.443 | [34m INFO 1721739[0;39m | [1;33mmain [TID: N/A][0;39m [1;36m[][0;39m [1;32m.d.d.m.a.m.f.TaskMessageFormatterFactory[0;39m [1;35m(TaskMessageFormatterFactory.java:44)[0;39m 
 [TaskMessageFormatterFactory] 注册格式化器: aigcpy -> AigcpyMessageFormatter
2026-06-07 15:25:49.443 | [34m INFO 1721739[0;39m | [1;33mmain [TID: N/A][0;39m [1;36m[][0;39m [1;32m.d.d.m.a.m.f.TaskMessageFormatterFactory[0;39m [1;35m(TaskMessageFormatterFactory.java:44)[0;39m 
 [TaskMessageFormatterFactory] 注册格式化器: qiaomu -> QiaomuMessageFormatter
2026-06-07 15:25:49.502 | [34m INFO 1721739[0;39m | [1;33mmain [TID: N/A][0;39m [1;36m[][0;39m [1;32m.d.m.a.m.h.TaskStatusUpdateHandlerRouter[0;39m [1;35m(TaskStatusUpdateHandlerRouter.java:56)[0;39m 
 
[AIGC-HandlerRouter] 注册状态更新处理器: workflowType=product_showcase
2026-06-07 15:25:49.502 | [34m INFO 1721739[0;39m | [1;33mmain [TID: N/A][0;39m [1;36m[][0;39m [1;32m.d.m.a.m.h.TaskStatusUpdateHandlerRouter[0;39m [1;35m(TaskStatusUpdateHandlerRouter.java:56)[0;39m 
 
[AIGC-HandlerRouter] 注册状态更新处理器: workflowType=video_clone
2026-06-07 15:25:49.502 | [34m INFO 1721739[0;39m | [1;33mmain [TID: N/A][0;39m [1;36m[][0;39m [1;32m.d.m.a.m.h.TaskStatusUpdateHandlerRouter[0;39m [1;35m(TaskStatusUpdateHandlerRouter.java:60)[0;39m 
 
[AIGC-HandlerRouter] 处理器路由初始化完成，共注册 2 个处理器
2026-06-07 15:25:49.745 | [34m INFO 1721739[0;39m | [1;33mmain [TID: N/A][0;39m [1;36m[][0;39m [1;32mc.d.d.m.a.m.p.PostProcessorChain        [0;39m [1;35m(PostProcessorChain.java:36)[0;39m 
 [PostProcessorChain] 已注册 6 个后处理器: [MessageHistoryPostProcessor(100), AutoConfirmPostProcessor(150), BillingPostProcessor(200), EventPublishPostProcessor(300), NotificationPostProcessor(400), RetrySchedulePostProcessor(500)]
2026-06-07 15:25:50.365 | [31m WARN 1721739[0;39m | [1;33mmain [TID: N/A][0;39m [1;36m[][0;39m [1;32mc.d.d.m.m.adapter.MuxiAdapterRegistry   [0;39m [1;35m(MuxiAdapterRegistry.java:57)[0;39m 
 [MuxiAdapterRegistry] 跳过无效适配器注册
2026-06-07 15:25:50.366 | [31m WARN 1721739[0;39m | [1;33mmain [TID: N/A][0;39m [1;36m[][0;39m [1;32mc.d.d.m.m.adapter.MuxiAdapterRegistry   [0;39m [1;35m(MuxiAdapterRegistry.java:57)[0;39m 
 [MuxiAdapterRegistry] 跳过无效适配器注册
2026-06-07 15:25:50.366 | [34m INFO 1721739[0;39m | [1;33mmain [TID: N/A][0;39m [1;36m[][0;39m [1;32mc.d.d.m.m.adapter.MuxiAdapterRegistry   [0;39m [1;35m(MuxiAdapterRegistry.java:49)[0;39m 
 [MuxiAdapterRegistry] 初始化完成, 已注册适配器: []
2026-06-07 15:25:51.048 | [34m INFO 1721739[0;39m | [1;33mmain [TID: N/A][0;39m [1;36m[][0;39m [1;32mc.d.d.m.m.s.m.MeteringResolverRegistry  [0;39m [1;35m(MeteringResolverRegistry.java:59)[0;39m 
 [MeteringResolverRegistry] 已注册 5 个 Resolver, providers=[huoshan, wan, __default__, muxi, jimeng]
2026-06-07 15:25:51.089 | [34m INFO 1721739[0;39m | [1;33mmain [TID: N/A][0;39m [1;36m[][0;39m [1;32mc.d.d.m.m.s.p.b.RequestBuilderRegistry  [0;39m [1;35m(RequestBuilderRegistry.java:42)[0;39m 
 [RequestBuilderRegistry] 注册 modelKey=doubao-seed-1-6-250615, protocol=CHAT, class=DoubaoChatBuilder
2026-06-07 15:25:51.089 | [34m INFO 1721739[0;39m | [1;33mmain [TID: N/A][0;39m [1;36m[][0;39m [1;32mc.d.d.m.m.s.p.b.RequestBuilderRegistry  [0;39m [1;35m(RequestBuilderRegistry.java:42)[0;39m 
 [RequestBuilderRegistry] 注册 modelKey=seedance-1-0-pro-i2v, protocol=I2V, class=SeedanceI2vBuilder
2026-06-07 15:25:51.089 | [34m INFO 1721739[0;39m | [1;33mmain [TID: N/A][0;39m [1;36m[][0;39m [1;32mc.d.d.m.m.s.p.b.RequestBuilderRegistry  [0;39m [1;35m(RequestBuilderRegistry.java:42)[0;39m 
 [RequestBuilderRegistry] 注册 modelKey=doubao-seedance-2-0-r2v, protocol=R2V, class=SeedanceR2vBuilder
2026-06-07 15:25:51.089 | [34m INFO 1721739[0;39m | [1;33mmain [TID: N/A][0;39m [1;36m[][0;39m [1;32mc.d.d.m.m.s.p.b.RequestBuilderRegistry  [0;39m [1;35m(RequestBuilderRegistry.java:42)[0;39m 
 [RequestBuilderRegistry] 注册 modelKey=seedance-1-0-pro, protocol=T2V, class=SeedanceT2vBuilder
2026-06-07 15:25:51.089 | [34m INFO 1721739[0;39m | [1;33mmain [TID: N/A][0;39m [1;36m[][0;39m [1;32mc.d.d.m.m.s.p.b.RequestBuilderRegistry  [0;39m [1;35m(RequestBuilderRegistry.java:42)[0;39m 
 [RequestBuilderRegistry] 注册 modelKey=doubao-seedance-2-0-vedit, protocol=VEDIT, class=SeedanceVeditBuilder
2026-06-07 15:25:51.089 | [34m INFO 1721739[0;39m | [1;33mmain [TID: N/A][0;39m [1;36m[][0;39m [1;32mc.d.d.m.m.s.p.b.RequestBuilderRegistry  [0;39m [1;35m(RequestBuilderRegistry.java:42)[0;39m 
 [RequestBuilderRegistry] 注册 modelKey=doubao-seedance-2-0-vext, protocol=VEXT, class=SeedanceVextBuilder
2026-06-07 15:25:51.090 | [34m INFO 1721739[0;39m | [1;33mmain [TID: N/A][0;39m [1;36m[][0;39m [1;32mc.d.d.m.m.s.p.b.RequestBuilderRegistry  [0;39m [1;35m(RequestBuilderRegistry.java:42)[0;39m 
 [RequestBuilderRegistry] 注册 modelKey=doubao-seedream-3-0-t2i-i2i, protocol=I2I, class=SeedreamI2iBuilder
2026-06-07 15:25:51.090 | [34m INFO 1721739[0;39m | [1;33mmain [TID: N/A][0;39m [1;36m[][0;39m [1;32mc.d.d.m.m.s.p.b.RequestBuilderRegistry  [0;39m [1;35m(RequestBuilderRegistry.java:42)[0;39m 
 [RequestBuilderRegistry] 注册 modelKey=doubao-seedream-3-0-t2i, protocol=T2I, class=SeedreamT2iBuilder
2026-06-07 15:25:51.090 | [34m INFO 1721739[0;39m | [1;33mmain [TID: N/A][0;39m [1;36m[][0;39m [1;32mc.d.d.m.m.s.p.b.RequestBuilderRegistry  [0;39m [1;35m(RequestBuilderRegistry.java:42)[0;39m 
 [RequestBuilderRegistry] 注册 modelKey=qwen-image-max-i2i, protocol=I2I, class=QwenImageI2iBuilder
2026-06-07 15:25:51.090 | [34m INFO 1721739[0;39m | [1;33mmain [TID: N/A][0;39m [1;36m[][0;39m [1;32mc.d.d.m.m.s.p.b.RequestBuilderRegistry  [0;39m [1;35m(RequestBuilderRegistry.java:42)[0;39m 
 [RequestBuilderRegistry] 注册 modelKey=qwen-image-max, protocol=T2I, class=QwenImageT2iBuilder
2026-06-07 15:25:51.090 | [34m INFO 1721739[0;39m | [1;33mmain [TID: N/A][0;39m [1;36m[][0;39m [1;32mc.d.d.m.m.s.p.b.RequestBuilderRegistry  [0;39m [1;35m(RequestBuilderRegistry.java:42)[0;39m 
 [RequestBuilderRegistry] 注册 modelKey=qwen-plus, protocol=CHAT, class=QwenPlusChatBuilder
2026-06-07 15:25:51.090 | [34m INFO 1721739[0;39m | [1;33mmain [TID: N/A][0;39m [1;36m[][0;39m [1;32mc.d.d.m.m.s.p.b.RequestBuilderRegistry  [0;39m [1;35m(RequestBuilderRegistry.java:42)[0;39m 
 [RequestBuilderRegistry] 注册 modelKey=qwen-vl-max, protocol=MM_CHAT, class=QwenVlMaxMmChatBuilder
2026-06-07 15:25:51.090 | [34m INFO 1721739[0;39m | [1;33mmain [TID: N/A][0;39m [1;36m[][0;39m [1;32mc.d.d.m.m.s.p.b.RequestBuilderRegistry  [0;39m [1;35m(RequestBuilderRegistry.java:42)[0;39m 
 [RequestBuilderRegistry] 注册 modelKey=wanx2.1-vace-plus, protocol=VACE, class=Wan21VacePlusBuilder
2026-06-07 15:25:51.090 | [34m INFO 1721739[0;39m | [1;33mmain [TID: N/A][0;39m [1;36m[][0;39m [1;32mc.d.d.m.m.s.p.b.RequestBuilderRegistry  [0;39m [1;35m(RequestBuilderRegistry.java:42)[0;39m 
 [RequestBuilderRegistry] 注册 modelKey=wan2.2-kf2v-flash, protocol=KF2V, class=Wan22Kf2vFlashBuilder
2026-06-07 15:25:51.090 | [34m INFO 1721739[0;39m | [1;33mmain [TID: N/A][0;39m [1;36m[][0;39m [1;32mc.d.d.m.m.s.p.b.RequestBuilderRegistry  [0;39m [1;35m(RequestBuilderRegistry.java:42)[0;39m 
 [RequestBuilderRegistry] 注册 modelKey=wan2.6-t2i-i2i, protocol=I2I, class=Wan26I2iBuilder
2026-06-07 15:25:51.090 | [34m INFO 1721739[0;39m | [1;33mmain [TID: N/A][0;39m [1;36m[][0;39m [1;32mc.d.d.m.m.s.p.b.RequestBuilderRegistry  [0;39m [1;35m(RequestBuilderRegistry.java:42)[0;39m 
 [RequestBuilderRegistry] 注册 modelKey=wan2.6-i2v-plus, protocol=I2V, class=Wan26I2vBuilder
2026-06-07 15:25:51.090 | [34m INFO 1721739[0;39m | [1;33mmain [TID: N/A][0;39m [1;36m[][0;39m [1;32mc.d.d.m.m.s.p.b.RequestBuilderRegistry  [0;39m [1;35m(RequestBuilderRegistry.java:42)[0;39m 
 [RequestBuilderRegistry] 注册 modelKey=wan2.6-t2i, protocol=T2I, class=Wan26T2iBuilder
2026-06-07 15:25:51.091 | [34m INFO 1721739[0;39m | [1;33mmain [TID: N/A][0;39m [1;36m[][0;39m [1;32mc.d.d.m.m.s.p.b.RequestBuilderRegistry  [0;39m [1;35m(RequestBuilderRegistry.java:42)[0;39m 
 [RequestBuilderRegistry] 注册 modelKey=wan2.7-i2v, protocol=I2V, class=Wan27I2vBuilder
2026-06-07 15:25:51.091 | [34m INFO 1721739[0;39m | [1;33mmain [TID: N/A][0;39m [1;36m[][0;39m [1;32mc.d.d.m.m.s.p.b.RequestBuilderRegistry  [0;39m [1;35m(RequestBuilderRegistry.java:42)[0;39m 
 [RequestBuilderRegistry] 注册 modelKey=wan2.7-r2v, protocol=R2V, class=Wan27R2vBuilder
2026-06-07 15:25:51.098 | [34m INFO 1721739[0;39m | [1;33mmain [TID: N/A][0;39m [1;36m[][0;39m [1;32mc.d.d.m.m.s.p.b.RequestBuilderRegistry  [0;39m [1;35m(RequestBuilderRegistry.java:42)[0;39m 
 [RequestBuilderRegistry] 注册 modelKey=wan2.7-t2v, protocol=T2V, class=Wan27T2vBuilder
2026-06-07 15:25:51.098 | [34m INFO 1721739[0;39m | [1;33mmain [TID: N/A][0;39m [1;36m[][0;39m [1;32mc.d.d.m.m.s.p.b.RequestBuilderRegistry  [0;39m [1;35m(RequestBuilderRegistry.java:45)[0;39m 
 [RequestBuilderRegistry] 启动期注册完成，总计 20 个 Builder
2026-06-07 15:25:51.105 | [34m INFO 1721739[0;39m | [1;33mmain [TID: N/A][0;39m [1;36m[][0;39m [1;32mc.d.d.f.d.c.DashScopeAutoConfiguration  [0;39m [1;35m(DashScopeAutoConfiguration.java:102)[0;39m 
 [DashScope] 初始化通义千问纯文本对话客户端（dashscope 原生）
2026-06-07 15:25:51.106 | [34m INFO 1721739[0;39m | [1;33mmain [TID: N/A][0;39m [1;36m[][0;39m [1;32mc.d.d.f.d.c.chat.QwenChatHttpClient     [0;39m [1;35m(QwenChatHttpClient.java:57)[0;39m 
 [QwenChatHttpClient] 初始化完成, submitTimeout=30s
2026-06-07 15:25:52.063 | [34m INFO 1721739[0;39m | [1;33mmain [TID: N/A][0;39m [1;36m[][0;39m [1;32mc.d.d.w.config.WorkflowExecutorConfig   [0;39m [1;35m(WorkflowExecutorConfig.java:56)[0;39m 
 
[WorkflowExecutorConfig] 并行步骤线程池初始化完成, coreSize=6, maxSize=24
2026-06-07 15:25:53.249 | [34m INFO 1721739[0;39m | [1;33mmain [TID: N/A][0;39m [1;36m[][0;39m [1;32mc.d.d.f.a.r.ProxyProviderRegistry       [0;39m [1;35m(ProxyProviderRegistry.java:76)[0;39m 
 [ProxyProviderRegistry] Provider 注册成功: jimeng, 类型: AigatewayJimengProxyProvider$$SpringCGLIB$$0
2026-06-07 15:25:53.250 | [34m INFO 1721739[0;39m | [1;33mmain [TID: N/A][0;39m [1;36m[][0;39m [1;32mc.d.d.m.m.service.MuxiProviderService   [0;39m [1;35m(MuxiProviderService.java:283)[0;39m 
 [MuxiProviderService] aigateway JimengProxyProvider 已注册, provider=jimeng, CredentialBinding SPI 已启用（JimengAdapter / framework 进入降级兜底状态）
2026-06-07 15:25:53.250 | [34m INFO 1721739[0;39m | [1;33mmain [TID: N/A][0;39m [1;36m[][0;39m [1;32mc.d.d.f.a.r.ProxyProviderRegistry       [0;39m [1;35m(ProxyProviderRegistry.java:76)[0;39m 
 [ProxyProviderRegistry] Provider 注册成功: wan, 类型: AigatewayWanProxyProvider$$SpringCGLIB$$0
2026-06-07 15:25:53.250 | [34m INFO 1721739[0;39m | [1;33mmain [TID: N/A][0;39m [1;36m[][0;39m [1;32mc.d.d.m.m.service.MuxiProviderService   [0;39m [1;35m(MuxiProviderService.java:328)[0;39m 
 [MuxiProviderService] aigateway WanProxyProvider 已注册, provider=wan, CredentialBinding (aigateway-wan) SPI 已启用
2026-06-07 15:25:53.250 | [34m INFO 1721739[0;39m | [1;33mmain [TID: N/A][0;39m [1;36m[][0;39m [1;32mc.d.d.f.a.r.ProxyProviderRegistry       [0;39m [1;35m(ProxyProviderRegistry.java:76)[0;39m 
 [ProxyProviderRegistry] Provider 注册成功: huoshan, 类型: AigatewayHuoshanProxyProvider$$SpringCGLIB$$0
2026-06-07 15:25:53.250 | [34m INFO 1721739[0;39m | [1;33mmain [TID: N/A][0;39m [1;36m[][0;39m [1;32mc.d.d.m.m.service.MuxiProviderService   [0;39m [1;35m(MuxiProviderService.java:363)[0;39m 
 [MuxiProviderService] HuoShan 统一 Provider 已注册（chat + image + video）, provider=huoshan, CredentialBinding (aigateway-huoshan) SPI 已启用
2026-06-07 15:25:53.250 | [34m INFO 1721739[0;39m | [1;33mmain [TID: N/A][0;39m [1;36m[][0;39m [1;32mc.d.d.f.a.r.ProxyProviderRegistry       [0;39m [1;35m(ProxyProviderRegistry.java:76)[0;39m 
 [ProxyProviderRegistry] Provider 注册成功: qwen, 类型: AigatewayQwenProxyProvider$$SpringCGLIB$$0
2026-06-07 15:25:53.250 | [34m INFO 1721739[0;39m | [1;33mmain [TID: N/A][0;39m [1;36m[][0;39m [1;32mc.d.d.m.m.service.MuxiProviderService   [0;39m [1;35m(MuxiProviderService.java:382)[0;39m 
 [MuxiProviderService] aigateway QwenProxyProvider 已注册, provider=qwen, CredentialBinding (aigateway-qwen) SPI 已启用
2026-06-07 15:25:53.250 | [34m INFO 1721739[0;39m | [1;33mmain [TID: N/A][0;39m [1;36m[][0;39m [1;32mc.d.d.f.a.r.ProxyProviderRegistry       [0;39m [1;35m(ProxyProviderRegistry.java:76)[0;39m 
 [ProxyProviderRegistry] Provider 注册成功: anthropic, 类型: AigatewayAnthropicProxyProvider
2026-06-07 15:25:53.251 | [34m INFO 1721739[0;39m | [1;33mmain [TID: N/A][0;39m [1;36m[][0;39m [1;32mc.d.d.m.m.service.MuxiProviderService   [0;39m [1;35m(MuxiProviderService.java:415)[0;39m 
 [MuxiProviderService] aigateway anthropic ProxyProvider 已注册, provider=anthropic
2026-06-07 15:25:53.251 | [34m INFO 1721739[0;39m | [1;33mmain [TID: N/A][0;39m [1;36m[][0;39m [1;32mc.d.d.f.a.r.ProxyProviderRegistry       [0;39m [1;35m(ProxyProviderRegistry.java:76)[0;39m 
 [ProxyProviderRegistry] Provider 注册成功: custom-api, 类型: AigatewayCustomApiProxyProvider
2026-06-07 15:25:53.251 | [34m INFO 1721739[0;39m | [1;33mmain [TID: N/A][0;39m [1;36m[][0;39m [1;32mc.d.d.m.m.service.MuxiProviderService   [0;39m [1;35m(MuxiProviderService.java:415)[0;39m 
 [MuxiProviderService] aigateway custom-api ProxyProvider 已注册, provider=custom-api
2026-06-07 15:25:53.251 | [34m INFO 1721739[0;39m | [1;33mmain [TID: N/A][0;39m [1;36m[][0;39m [1;32mc.d.d.f.a.r.ProxyProviderRegistry       [0;39m [1;35m(ProxyProviderRegistry.java:76)[0;39m 
 [ProxyProviderRegistry] Provider 注册成功: gemini, 类型: AigatewayGeminiProxyProvider
2026-06-07 15:25:53.251 | [34m INFO 1721739[0;39m | [1;33mmain [TID: N/A][0;39m [1;36m[][0;39m [1;32mc.d.d.m.m.service.MuxiProviderService   [0;39m [1;35m(MuxiProviderService.java:415)[0;39m 
 [MuxiProviderService] aigateway gemini ProxyProvider 已注册, provider=gemini
2026-06-07 15:25:53.251 | [34m INFO 1721739[0;39m | [1;33mmain [TID: N/A][0;39m [1;36m[][0;39m [1;32mc.d.d.f.a.r.ProxyProviderRegistry       [0;39m [1;35m(ProxyProviderRegistry.java:76)[0;39m 
 [ProxyProviderRegistry] Provider 注册成功: microsoft, 类型: AigatewayMicrosoftProxyProvider$$SpringCGLIB$$0
2026-06-07 15:25:53.251 | [34m INFO 1721739[0;39m | [1;33mmain [TID: N/A][0;39m [1;36m[][0;39m [1;32mc.d.d.m.m.service.MuxiProviderService   [0;39m [1;35m(MuxiProviderService.java:415)[0;39m 
 [MuxiProviderService] aigateway microsoft ProxyProvider 已注册, provider=microsoft
2026-06-07 15:25:53.251 | [34m INFO 1721739[0;39m | [1;33mmain [TID: N/A][0;39m [1;36m[][0;39m [1;32mc.d.d.f.a.r.ProxyProviderRegistry       [0;39m [1;35m(ProxyProviderRegistry.java:76)[0;39m 
 [ProxyProviderRegistry] Provider 注册成功: midjourney, 类型: AigatewayMidjourneyProxyProvider$$SpringCGLIB$$0
2026-06-07 15:25:53.251 | [34m INFO 1721739[0;39m | [1;33mmain [TID: N/A][0;39m [1;36m[][0;39m [1;32mc.d.d.m.m.service.MuxiProviderService   [0;39m [1;35m(MuxiProviderService.java:415)[0;39m 
 [MuxiProviderService] aigateway midjourney ProxyProvider 已注册, provider=midjourney
2026-06-07 15:25:53.252 | [34m INFO 1721739[0;39m | [1;33mmain [TID: N/A][0;39m [1;36m[][0;39m [1;32mc.d.d.f.a.r.ProxyProviderRegistry       [0;39m [1;35m(ProxyProviderRegistry.java:76)[0;39m 
 [ProxyProviderRegistry] Provider 注册成功: openai, 类型: AigatewayOpenAiProxyProvider
2026-06-07 15:25:53.252 | [34m INFO 1721739[0;39m | [1;33mmain [TID: N/A][0;39m [1;36m[][0;39m [1;32mc.d.d.m.m.service.MuxiProviderService   [0;39m [1;35m(MuxiProviderService.java:415)[0;39m 
 [MuxiProviderService] aigateway openai ProxyProvider 已注册, provider=openai
2026-06-07 15:25:53.252 | [34m INFO 1721739[0;39m | [1;33mmain [TID: N/A][0;39m [1;36m[][0;39m [1;32mc.d.d.f.a.r.ProxyProviderRegistry       [0;39m [1;35m(ProxyProviderRegistry.java:76)[0;39m 
 [ProxyProviderRegistry] Provider 注册成功: openai-compat, 类型: AigatewayOpenAiCompatProxyProvider
2026-06-07 15:25:53.252 | [34m INFO 1721739[0;39m | [1;33mmain [TID: N/A][0;39m [1;36m[][0;39m [1;32mc.d.d.m.m.service.MuxiProviderService   [0;39m [1;35m(MuxiProviderService.java:415)[0;39m 
 [MuxiProviderService] aigateway openai-compat ProxyProvider 已注册, provider=openai-compat
2026-06-07 15:25:53.252 | [34m INFO 1721739[0;39m | [1;33mmain [TID: N/A][0;39m [1;36m[][0;39m [1;32mc.d.d.m.m.service.MuxiProviderService   [0;39m [1;35m(MuxiProviderService.java:407)[0;39m 
 [MuxiProviderService] aigateway pixverse ProxyProvider Bean 不存在，跳过注册
2026-06-07 15:25:53.252 | [34m INFO 1721739[0;39m | [1;33mmain [TID: N/A][0;39m [1;36m[][0;39m [1;32mc.d.d.f.a.r.ProxyProviderRegistry       [0;39m [1;35m(ProxyProviderRegistry.java:76)[0;39m 
 [ProxyProviderRegistry] Provider 注册成功: pixverse-effect, 类型: AigatewayPixVerseEffectProxyProvider$$SpringCGLIB$$0
2026-06-07 15:25:53.252 | [34m INFO 1721739[0;39m | [1;33mmain [TID: N/A][0;39m [1;36m[][0;39m [1;32mc.d.d.m.m.service.MuxiProviderService   [0;39m [1;35m(MuxiProviderService.java:415)[0;39m 
 [MuxiProviderService] aigateway pixverse-effect ProxyProvider 已注册, provider=pixverse-effect
2026-06-07 15:25:53.252 | [34m INFO 1721739[0;39m | [1;33mmain [TID: N/A][0;39m [1;36m[][0;39m [1;32mc.d.d.f.a.r.ProxyProviderRegistry       [0;39m [1;35m(ProxyProviderRegistry.java:76)[0;39m 
 [ProxyProviderRegistry] Provider 注册成功: runway, 类型: AigatewayRunwayProxyProvider$$SpringCGLIB$$0
2026-06-07 15:25:53.252 | [34m INFO 1721739[0;39m | [1;33mmain [TID: N/A][0;39m [1;36m[][0;39m [1;32mc.d.d.m.m.service.MuxiProviderService   [0;39m [1;35m(MuxiProviderService.java:415)[0;39m 
 [MuxiProviderService] aigateway runway ProxyProvider 已注册, provider=runway
2026-06-07 15:25:53.253 | [34m INFO 1721739[0;39m | [1;33mmain [TID: N/A][0;39m [1;36m[][0;39m [1;32mc.d.d.f.a.r.ProxyProviderRegistry       [0;39m [1;35m(ProxyProviderRegistry.java:76)[0;39m 
 [ProxyProviderRegistry] Provider 注册成功: stability, 类型: AigatewayStabilityProxyProvider$$SpringCGLIB$$0
2026-06-07 15:25:53.253 | [34m INFO 1721739[0;39m | [1;33mmain [TID: N/A][0;39m [1;36m[][0;39m [1;32mc.d.d.m.m.service.MuxiProviderService   [0;39m [1;35m(MuxiProviderService.java:415)[0;39m 
 [MuxiProviderService] aigateway stability ProxyProvider 已注册, provider=stability
2026-06-07 15:25:53.253 | [34m INFO 1721739[0;39m | [1;33mmain [TID: N/A][0;39m [1;36m[][0;39m [1;32mc.d.d.f.a.r.ProxyProviderRegistry       [0;39m [1;35m(ProxyProviderRegistry.java:76)[0;39m 
 [ProxyProviderRegistry] Provider 注册成功: tencentcloud_mps, 类型: AigatewayTencentCloudMpsProxyProvider$$SpringCGLIB$$0
2026-06-07 15:25:53.253 | [34m INFO 1721739[0;39m | [1;33mmain [TID: N/A][0;39m [1;36m[][0;39m [1;32mc.d.d.m.m.service.MuxiProviderService   [0;39m [1;35m(MuxiProviderService.java:415)[0;39m 
 [MuxiProviderService] aigateway tencentcloud_mps ProxyProvider 已注册, provider=tencentcloud_mps
2026-06-07 15:25:53.253 | [34m INFO 1721739[0;39m | [1;33mmain [TID: N/A][0;39m [1;36m[][0;39m [1;32mc.d.d.f.a.r.ProxyProviderRegistry       [0;39m [1;35m(ProxyProviderRegistry.java:76)[0;39m 
 [ProxyProviderRegistry] Provider 注册成功: yunwu, 类型: AigatewayYunwuProxyProvider$$SpringCGLIB$$0
2026-06-07 15:25:53.253 | [34m INFO 1721739[0;39m | [1;33mmain [TID: N/A][0;39m [1;36m[][0;39m [1;32mc.d.d.m.m.service.MuxiProviderService   [0;39m [1;35m(MuxiProviderService.java:415)[0;39m 
 [MuxiProviderService] aigateway yunwu ProxyProvider 已注册, provider=yunwu
2026-06-07 15:25:56.914 | [34m INFO 1721739[0;39m | [1;33mmain [TID: N/A][0;39m [1;36m[][0;39m [1;32mo.f.s.b.e.EventRegistryAutoConfiguration[0;39m [1;35m(AbstractEngineAutoConfiguration.java:104)[0;39m 
 No deployment resources were found for autodeployment
2026-06-07 15:25:58.321 | [34m INFO 1721739[0;39m | [1;33mmain [TID: N/A][0;39m [1;36m[][0;39m [1;32mo.f.s.SpringProcessEngineConfiguration  [0;39m [1;35m(AbstractEngineConfiguration.java:1086)[0;39m 
 Found 2 Engine Configurators in total:
2026-06-07 15:25:58.321 | [34m INFO 1721739[0;39m | [1;33mmain [TID: N/A][0;39m [1;36m[][0;39m [1;32mo.f.s.SpringProcessEngineConfiguration  [0;39m [1;35m(AbstractEngineConfiguration.java:1088)[0;39m 
 class org.flowable.eventregistry.spring.configurator.SpringEventRegistryConfigurator (priority:100000)
2026-06-07 15:25:58.321 | [34m INFO 1721739[0;39m | [1;33mmain [TID: N/A][0;39m [1;36m[][0;39m [1;32mo.f.s.SpringProcessEngineConfiguration  [0;39m [1;35m(AbstractEngineConfiguration.java:1088)[0;39m 
 class org.flowable.idm.engine.configurator.IdmEngineConfigurator (priority:150000)
2026-06-07 15:25:58.321 | [34m INFO 1721739[0;39m | [1;33mmain [TID: N/A][0;39m [1;36m[][0;39m [1;32mo.f.s.SpringProcessEngineConfiguration  [0;39m [1;35m(AbstractEngineConfiguration.java:1114)[0;39m 
 Executing beforeInit() of class org.flowable.eventregistry.spring.configurator.SpringEventRegistryConfigurator (priority:100000)
2026-06-07 15:25:58.337 | [34m INFO 1721739[0;39m | [1;33mmain [TID: N/A][0;39m [1;36m[][0;39m [1;32mo.f.s.SpringProcessEngineConfiguration  [0;39m [1;35m(AbstractEngineConfiguration.java:1114)[0;39m 
 Executing beforeInit() of class org.flowable.idm.engine.configurator.IdmEngineConfigurator (priority:150000)
2026-06-07 15:26:01.006 | [34m INFO 1721739[0;39m | [1;33mmain [TID: N/A][0;39m [1;36m[][0;39m [1;32mo.f.s.SpringProcessEngineConfiguration  [0;39m [1;35m(AbstractEngineConfiguration.java:1121)[0;39m 
 Executing configure() of class org.flowable.eventregistry.spring.configurator.SpringEventRegistryConfigurator (priority:100000)
2026-06-07 15:26:06.013 | [34m INFO 1721739[0;39m | [1;33mmain [TID: N/A][0;39m [1;36m[][0;39m [1;32mliquibase.changelog                     [0;39m [1;35m(JavaLogger.java:37)[0;39m 
 Reading from dyqclaw.FLW_EV_DATABASECHANGELOG
Database is up to date, no changesets to execute
2026-06-07 15:26:06.194 | [34m INFO 1721739[0;39m | [1;33mmain [TID: N/A][0;39m [1;36m[][0;39m [1;32mliquibase.changelog                     [0;39m [1;35m(JavaLogger.java:37)[0;39m 
 Reading from dyqclaw.FLW_EV_DATABASECHANGELOG

UPDATE SUMMARY
Run:                          0
Previously run:               3
Filtered out:                 0
-------------------------------
Total change sets:            3

2026-06-07 15:26:06.226 | [34m INFO 1721739[0;39m | [1;33mmain [TID: N/A][0;39m [1;36m[][0;39m [1;32mliquibase.util                          [0;39m [1;35m(JavaLogger.java:37)[0;39m 
 UPDATE SUMMARY
2026-06-07 15:26:06.226 | [34m INFO 1721739[0;39m | [1;33mmain [TID: N/A][0;39m [1;36m[][0;39m [1;32mliquibase.util                          [0;39m [1;35m(JavaLogger.java:37)[0;39m 
 Run:                          0
2026-06-07 15:26:06.226 | [34m INFO 1721739[0;39m | [1;33mmain [TID: N/A][0;39m [1;36m[][0;39m [1;32mliquibase.util                          [0;39m [1;35m(JavaLogger.java:37)[0;39m 
 Previously run:               3
2026-06-07 15:26:06.227 | [34m INFO 1721739[0;39m | [1;33mmain [TID: N/A][0;39m [1;36m[][0;39m [1;32mliquibase.util                          [0;39m [1;35m(JavaLogger.java:37)[0;39m 
 Filtered out:                 0
2026-06-07 15:26:06.227 | [34m INFO 1721739[0;39m | [1;33mmain [TID: N/A][0;39m [1;36m[][0;39m [1;32mliquibase.util                          [0;39m [1;35m(JavaLogger.java:37)[0;39m 
 -------------------------------
2026-06-07 15:26:06.227 | [34m INFO 1721739[0;39m | [1;33mmain [TID: N/A][0;39m [1;36m[][0;39m [1;32mliquibase.util                          [0;39m [1;35m(JavaLogger.java:37)[0;39m 
 Total change sets:            3
2026-06-07 15:26:06.232 | [34m INFO 1721739[0;39m | [1;33mmain [TID: N/A][0;39m [1;36m[][0;39m [1;32mliquibase.util                          [0;39m [1;35m(JavaLogger.java:37)[0;39m 
 Update summary generated
2026-06-07 15:26:06.235 | [34m INFO 1721739[0;39m | [1;33mmain [TID: N/A][0;39m [1;36m[][0;39m [1;32mliquibase.command                       [0;39m [1;35m(JavaLogger.java:37)[0;39m 
 Command execution complete
2026-06-07 15:26:06.259 | [34m INFO 1721739[0;39m | [1;33mmain [TID: N/A][0;39m [1;36m[][0;39m [1;32mo.f.e.impl.EventRegistryEngineImpl      [0;39m [1;35m(EventRegistryEngineImpl.java:53)[0;39m 
 EventRegistryEngine default created
2026-06-07 15:26:06.261 | [34m INFO 1721739[0;39m | [1;33mmain [TID: N/A][0;39m [1;36m[][0;39m [1;32mo.f.s.SpringProcessEngineConfiguration  [0;39m [1;35m(AbstractEngineConfiguration.java:1121)[0;39m 
 Executing configure() of class org.flowable.idm.engine.configurator.IdmEngineConfigurator (priority:150000)
2026-06-07 15:26:06.385 | [34m INFO 1721739[0;39m | [1;33mmain [TID: N/A][0;39m [1;36m[][0;39m [1;32mo.f.idm.engine.impl.IdmEngineImpl       [0;39m [1;35m(IdmEngineImpl.java:52)[0;39m 
 IdmEngine default created
2026-06-07 15:26:06.765 | [34m INFO 1721739[0;39m | [1;33mmain [TID: N/A][0;39m [1;36m[][0;39m [1;32mo.f.engine.impl.ProcessEngineImpl       [0;39m [1;35m(ProcessEngineImpl.java:89)[0;39m 
 ProcessEngine default created
2026-06-07 15:26:06.821 | [34m INFO 1721739[0;39m | [1;33mmain [TID: N/A][0;39m [1;36m[][0;39m [1;32mo.f.e.impl.cmd.ValidateV5EntitiesCmd    [0;39m [1;35m(ValidateV5EntitiesCmd.java:43)[0;39m 
 Total of v5 deployments found: 0
2026-06-07 15:26:16.543 | [31m WARN 1721739[0;39m | [1;33mmain [TID: N/A][0;39m [1;36m[][0;39m [1;32mc.d.d.f.b.c.BrightDataAutoConfiguration [0;39m [1;35m(BrightDataAutoConfiguration.java:50)[0;39m 
 [BrightData] brightdata.api.api-token 未配置，调用受保护接口将返回 401
2026-06-07 15:26:16.563 | [34m INFO 1721739[0;39m | [1;33mmain [TID: N/A][0;39m [1;36m[][0;39m [1;32mc.d.d.f.b.c.BrightDataAutoConfiguration [0;39m [1;35m(BrightDataAutoConfiguration.java:66)[0;39m 
 [BrightData] 初始化 Client: baseUrl=https://api.brightdata.com, unlockerZone=<未配置>
2026-06-07 15:26:19.068 | [34m INFO 1721739[0;39m | [1;33mmain [TID: N/A][0;39m [1;36m[][0;39m [1;32mr.p.CloudphonePublishAccountLockRedisDAO[0;39m [1;35m(CloudphonePublishAccountLockRedisDAO.java:52)[0;39m 
 [PublishAccountLock] Redisson WatchDog 已启用: lockWatchdogTimeout=30000ms
2026-06-07 15:26:19.530 | [34m INFO 1721739[0;39m | [1;33mmain [TID: N/A][0;39m [1;36m[][0;39m [1;32md.d.f.m.r.c.DyqRabbitMQAutoConfiguration[0;39m [1;35m(DyqRabbitMQAutoConfiguration.java:118)[0;39m 
 [RabbitMQ] 初始化 RabbitAdmin，使用默认 ConnectionFactory
2026-06-07 15:26:19.998 | [34m INFO 1721739[0;39m | [1;33mmain [TID: N/A][0;39m [1;36m[][0;39m [1;32m.d.m.c.s.b.BusinessTaskWriteBackRegistry[0;39m [1;35m(BusinessTaskWriteBackRegistry.java:44)[0;39m 
 [BusinessTaskWriteBackRegistry] 已注册业务任务回写处理器: [BATCH_APP_DOWNLOAD, BATCH_LOGIN, APP_INSTALL]
2026-06-07 15:26:20.153 | [34m INFO 1721739[0;39m | [1;33mmain [TID: N/A][0;39m [1;36m[][0;39m [1;32mc.m.c.CloudphonePrmControlResultConsumer[0;39m [1;35m(CloudphonePrmControlResultConsumer.java:42)[0;39m 
 [PrmControl] ResultHandler 注册完成，共 16 个: [APP_DOWNLOAD, PROFILE_MODIFY, CONTENT, FORWARD, NAME_MODIFY, SMS_VERIFY, CAPTCHA_VERIFY, PUBLISH_VIDEO, INTERACTION, COMMENT, GOOGLE_LOGIN, PHOTO_MODIFY, MACHINE_RECOVER, HUMAN_INTERVENTION, NURTURE, FAVORITE]
2026-06-07 15:26:23.875 | [34m INFO 1721739[0;39m | [1;33mmain [TID: N/A][0;39m [1;36m[][0;39m [1;32mc.d.d.f.s.docker.DockerSandboxExecutor  [0;39m [1;35m(DockerSandboxExecutor.java:208)[0;39m 
 [Sandbox] 使用默认镜像白名单: [python:3.12-alpine, python:3.11-slim, alpine:3.20, node:18-slim, alpine:3.19, python:3.12-slim, python:3.11-alpine, node:20-alpine, node:18-alpine, node:20-slim]
2026-06-07 15:26:23.910 | [34m INFO 1721739[0;39m | [1;33mmain [TID: N/A][0;39m [1;36m[][0;39m [1;32m.d.f.a.c.t.DefaultDyqToolExecutionFacade[0;39m [1;35m(DefaultDyqToolExecutionFacade.java:86)[0;39m 
 [DefaultDyqToolExecutionFacade] 沙箱执行器已注入: DockerSandboxExecutor
2026-06-07 15:26:24.015 | [34m INFO 1721739[0;39m | [1;33mmain [TID: N/A][0;39m [1;36m[][0;39m [1;32mc.d.d.m.a.builder.AgentBuilderFactory   [0;39m [1;35m(AgentBuilderFactory.java:47)[0;39m 
 
[AgentBuilderFactory] 初始化完成，注册构建器数量：3
2026-06-07 15:26:24.015 | [34m INFO 1721739[0;39m | [1;33mmain [TID: N/A][0;39m [1;36m[][0;39m [1;32mc.d.d.m.a.builder.AgentBuilderFactory   [0;39m [1;35m(AgentBuilderFactory.java:49)[0;39m 
 
[AgentBuilderFactory]   - CONVERSATIONAL -> SpringAiAgentBuilder
2026-06-07 15:26:24.015 | [34m INFO 1721739[0;39m | [1;33mmain [TID: N/A][0;39m [1;36m[][0;39m [1;32mc.d.d.m.a.builder.AgentBuilderFactory   [0;39m [1;35m(AgentBuilderFactory.java:49)[0;39m 
 
[AgentBuilderFactory]   - WORKFLOW -> WorkflowAgentBuilder
2026-06-07 15:26:24.015 | [34m INFO 1721739[0;39m | [1;33mmain [TID: N/A][0;39m [1;36m[][0;39m [1;32mc.d.d.m.a.builder.AgentBuilderFactory   [0;39m [1;35m(AgentBuilderFactory.java:49)[0;39m 
 
[AgentBuilderFactory]   - TASK -> LangChainAgentBuilder
2026-06-07 15:26:24.033 | [31m WARN 1721739[0;39m | [1;33mmain [TID: N/A][0;39m [1;36m[][0;39m [1;32mConfigServletWebServerApplicationContext[0;39m [1;35m(AbstractApplicationContext.java:635)[0;39m 
 Exception encountered during context initialization - cancelling refresh attempt: org.springframework.beans.factory.BeanCreationException: Error creating bean with name 'aiCustomerServiceMessageConsumer': Injection of resource dependencies failed
2026-06-07 15:26:24.151 | [34m INFO 1721739[0;39m | [1;33mmain [TID: N/A][0;39m [1;36m[][0;39m [1;32md.m.a.s.l.LongVideoSegmentFrameExtractor[0;39m [1;35m(LongVideoSegmentFrameExtractor.java:349)[0;39m 
 [LongVideoClone-FrameExtract] 关闭线程池
2026-06-07 15:26:24.161 | [34m INFO 1721739[0;39m | [1;33mmain [TID: N/A][0;39m [1;36m[][0;39m [1;32mc.d.d.m.a.s.l.LongVideoChunkedAnalyzer  [0;39m [1;35m(LongVideoChunkedAnalyzer.java:445)[0;39m 
 [LongVideoClone-Chunked] 关闭线程池
2026-06-07 15:26:24.162 | [34m INFO 1721739[0;39m | [1;33mmain [TID: N/A][0;39m [1;36m[][0;39m [1;32mc.d.d.m.a.s.l.LongVideoSegmentSlicer    [0;39m [1;35m(LongVideoSegmentSlicer.java:364)[0;39m 
 [LongVideoClone-Slicer] 关闭线程池
2026-06-07 15:26:24.223 | [34m INFO 1721739[0;39m | [1;33mmain [TID: N/A][0;39m [1;36m[][0;39m [1;32mc.d.d.m.a.c.AigatewayWebClientFactory   [0;39m [1;35m(AigatewayWebClientFactory.java:105)[0;39m 
 [AigatewayWebClientFactory] connection provider disposed
2026-06-07 15:26:24.249 | [34m INFO 1721739[0;39m | [1;33mmain [TID: N/A][0;39m [1;36m[][0;39m [1;32mc.s.c.CredentialCacheEvictionBroadcaster[0;39m [1;35m(CredentialCacheEvictionBroadcaster.java:68)[0;39m 
 [CredentialCacheEviction] 已注销订阅 topic=dyq:credential:cache:evict:topic listenerId=733691954
2026-06-07 15:26:24.270 | [34m INFO 1721739[0;39m | [1;33mmain [TID: N/A][0;39m [1;36m[][0;39m [1;32msys-user                                [0;39m [1;35m(ShutdownManager.java:28)[0;39m 
 ====关闭后台任务任务线程池====
2026-06-07 15:26:24.279 | [31m WARN 1721739[0;39m | [1;33mmain [TID: N/A][0;39m [1;36m[][0;39m [1;32m.s.c.a.CommonAnnotationBeanPostProcessor[0;39m [1;35m(InitDestroyAnnotationBeanPostProcessor.java:247)[0;39m 
 Destroy method on bean with name 'shutdownManager' threw an exception: java.lang.ExceptionInInitializerError
2026-06-07 15:26:24.279 | [34m INFO 1721739[0;39m | [1;33mmain [TID: N/A][0;39m [1;36m[][0;39m [1;32mo.s.s.quartz.SchedulerFactoryBean       [0;39m [1;35m(SchedulerFactoryBean.java:845)[0;39m 
 Shutting down Quartz Scheduler
2026-06-07 15:26:24.279 | [34m INFO 1721739[0;39m | [1;33mmain [TID: N/A][0;39m [1;36m[][0;39m [1;32morg.quartz.core.QuartzScheduler         [0;39m [1;35m(QuartzScheduler.java:666)[0;39m 
 Scheduler schedulerName_$_ZLG021780816841114 shutting down.
2026-06-07 15:26:24.280 | [34m INFO 1721739[0;39m | [1;33mmain [TID: N/A][0;39m [1;36m[][0;39m [1;32morg.quartz.core.QuartzScheduler         [0;39m [1;35m(QuartzScheduler.java:585)[0;39m 
 Scheduler schedulerName_$_ZLG021780816841114 paused.
2026-06-07 15:26:24.712 | [34m INFO 1721739[0;39m | [1;33mmain [TID: N/A][0;39m [1;36m[][0;39m [1;32morg.quartz.core.QuartzScheduler         [0;39m [1;35m(QuartzScheduler.java:740)[0;39m 
 Scheduler schedulerName_$_ZLG021780816841114 shutdown complete.
2026-06-07 15:26:24.736 | [34m INFO 1721739[0;39m | [1;33mmain [TID: N/A][0;39m [1;36m[][0;39m [1;32mcom.alibaba.druid.pool.DruidDataSource  [0;39m [1;35m(DruidDataSource.java:1880)[0;39m 
 {dataSource-1} closing ...
2026-06-07 15:26:24.751 | [34m INFO 1721739[0;39m | [1;33mmain [TID: N/A][0;39m [1;36m[][0;39m [1;32mcom.alibaba.druid.pool.DruidDataSource  [0;39m [1;35m(DruidDataSource.java:1953)[0;39m 
 {dataSource-1} closed
2026-06-07 15:26:24.818 | [34m INFO 1721739[0;39m | [1;33mmain [TID: N/A][0;39m [1;36m[][0;39m [1;32mo.apache.catalina.core.StandardService  [0;39m [1;35m(DirectJDKLog.java:173)[0;39m 
 Stopping service [Tomcat]
2026-06-07 15:26:24.849 | [34m INFO 1721739[0;39m | [1;33mmain [TID: N/A][0;39m [1;36m[][0;39m [1;32m.s.b.a.l.ConditionEvaluationReportLogger[0;39m [1;35m(ConditionEvaluationReportLogger.java:82)[0;39m 
 

Error starting ApplicationContext. To display the condition evaluation report re-run your application with 'debug' enabled.
2026-06-07 15:26:24.972 | [1;31mERROR 1721739[0;39m | [1;33mmain [TID: N/A][0;39m [1;36m[][0;39m [1;32mo.s.b.d.LoggingFailureAnalysisReporter  [0;39m [1;35m(LoggingFailureAnalysisReporter.java:40)[0;39m 
 

***************************
APPLICATION FAILED TO START
***************************

Description:

A component required a bean of type 'com.douyouqu.dyq.module.claw.api.ClawSkillApi' that could not be found.


Action:

Consider defining a bean of type 'com.douyouqu.dyq.module.claw.api.ClawSkillApi' in your configuration.

